engine_rpm,engine_load_pct,scavenge_air_pressure_bar,scavenge_air_temp_c,turbocharger_rpm,exhaust_gas_temp_avg_c,exhaust_gas_temp_deviation_c,fuel_oil_inlet_pressure_bar,fuel_oil_inlet_temp_c,lub_oil_pressure_bar,lub_oil_temp_c,cooling_water_temp_out_c,cooling_water_pressure_bar,ambient_temp_c,vessel_speed_knots,fuel_consumption_kg_h,sfoc_g_kwh,condition_label,condition
100.69,85.71,2.84,39.07,17193.6,390.21,13.33,7.52,133.28,3.87,51.57,84.42,3.41,31.57,19.44,2233.79,171.53,Normal,0
101.76,82.6,2.63,46.22,16702.3,374.34,62.84,5.86,138.07,3.87,48.84,86.15,3.12,28.69,18.96,2286.0,184.5,Fuel Injector Clogged,3
102.3,83.06,2.61,42.12,16937.6,397.78,81.82,6.47,131.98,4.0,49.82,84.77,2.99,18.89,17.83,2420.09,186.28,Fuel Injector Clogged,3
97.43,72.09,2.56,44.65,15419.6,369.53,34.93,7.45,136.33,3.97,47.34,86.85,3.23,31.93,18.29,1812.18,168.69,Normal,0
108.23,97.21,3.17,45.82,18591.0,398.07,10.15,7.48,139.55,3.8,50.18,85.83,3.41,37.93,20.24,2491.06,170.86,Normal,0
96.12,69.97,2.34,46.77,15346.9,376.6,10.55,7.66,140.28,3.93,49.03,84.68,3.41,22.56,17.28,1765.06,167.19,Normal,0
104.94,90.25,2.93,46.72,17686.4,392.64,12.97,7.32,133.88,3.85,51.53,87.53,3.48,37.64,19.96,2273.55,167.62,Normal,0
98.96,76.49,2.58,43.36,16087.8,366.28,19.15,7.58,134.97,3.89,48.74,102.18,2.53,37.96,17.76,1931.49,169.54,Cooling System Issue,4
101.42,80.8,2.74,43.41,16265.3,381.32,7.59,7.53,134.01,3.78,50.32,84.74,3.31,20.83,19.01,2088.42,173.46,Normal,0
102.96,91.51,2.9,47.57,17755.6,388.14,17.79,7.84,134.96,3.65,49.35,84.82,3.22,36.52,20.42,2347.58,173.0,Normal,0
105.02,94.81,3.08,43.37,18495.2,374.43,10.93,7.29,138.25,3.84,50.36,86.04,3.49,31.51,20.1,2436.37,170.93,Normal,0
97.05,68.36,2.27,43.76,14774.9,358.4,17.23,6.8,131.5,3.85,51.15,83.85,3.44,27.33,17.24,1743.87,171.56,Normal,0
98.98,84.09,2.74,44.53,17284.9,380.89,14.83,7.39,136.62,3.94,51.58,86.3,3.2,24.89,18.64,2118.27,167.14,Normal,0
101.74,84.02,2.77,44.21,17217.5,375.79,11.89,7.64,134.51,3.87,51.74,85.31,3.51,30.6,19.21,2118.97,167.26,Normal,0
95.66,66.48,2.26,43.85,14750.6,367.7,8.37,7.84,138.42,3.94,49.39,85.67,3.57,34.86,17.06,1685.26,168.67,Normal,0
103.04,87.13,2.9,45.25,18050.6,382.69,19.46,7.26,138.29,4.0,49.71,86.36,3.54,18.68,20.7,2186.2,166.83,Normal,0
95.18,69.5,2.39,44.25,15461.4,370.71,12.82,7.69,133.98,3.71,49.41,84.17,3.57,28.71,16.75,1795.57,170.76,Normal,0
99.86,78.69,2.48,44.5,16127.0,368.49,11.88,7.9,134.72,4.15,50.01,84.26,3.26,31.01,18.4,2035.46,170.99,Normal,0
99.51,79.23,2.51,44.97,16568.3,386.31,10.34,7.76,137.23,3.56,49.95,84.78,3.55,18.51,18.69,1988.06,170.09,Normal,0
100.47,80.43,2.62,44.57,16568.2,370.32,15.34,7.22,137.46,4.1,48.91,85.23,3.37,35.78,18.73,2072.6,170.92,Normal,0
96.56,73.3,2.6,42.87,15491.1,352.89,19.24,7.26,128.82,3.94,48.55,85.33,3.77,37.04,17.63,1879.02,170.24,Normal,0
105.43,89.54,2.84,45.17,17457.2,401.82,13.37,7.65,137.22,3.76,49.43,86.12,3.56,30.25,20.25,2278.27,169.3,Normal,0
95.22,64.91,2.2,73.55,14833.0,354.29,48.59,8.07,139.12,3.72,49.99,84.56,3.48,20.34,17.57,1665.92,170.36,Scavenge Fire Warning,2
102.2,85.13,2.74,43.64,17010.2,400.47,21.2,7.5,135.64,3.77,51.01,84.59,3.71,36.65,19.53,2160.42,169.55,Normal,0
96.97,76.17,2.49,43.59,15999.2,379.73,9.25,7.44,137.38,3.87,52.61,84.34,3.31,34.1,17.84,1847.73,164.86,Normal,0
100.38,81.8,2.7,44.37,16522.6,388.57,58.26,5.19,138.2,3.9,50.11,85.89,3.5,18.57,18.53,2228.54,188.33,Fuel Injector Clogged,3
101.51,83.57,2.85,44.74,16781.2,392.82,20.03,7.37,135.55,4.08,48.97,84.56,3.8,29.58,19.23,2061.09,166.62,Normal,0
97.4,71.98,2.45,45.13,15470.1,370.88,12.17,7.25,137.04,3.92,48.76,85.55,3.55,20.29,17.18,1826.51,171.45,Normal,0
99.25,80.49,2.59,43.69,16646.6,381.6,8.21,7.51,135.03,3.93,49.46,85.93,3.43,20.82,19.05,2011.17,165.25,Normal,0
99.64,80.73,2.38,44.75,18237.3,454.65,14.45,6.97,134.87,3.93,51.14,87.07,3.35,21.85,18.61,2213.85,183.49,Turbocharger Fouling,1
99.07,75.76,2.07,44.24,18783.3,433.25,21.45,7.38,133.35,3.85,50.14,84.45,3.23,25.92,18.84,2090.17,178.8,Turbocharger Fouling,1
99.72,76.09,2.48,43.17,15847.1,369.29,83.46,5.64,135.43,3.87,48.08,84.65,3.35,35.53,17.97,2127.64,181.93,Fuel Injector Clogged,3
101.1,83.86,2.86,44.82,17290.5,389.51,11.46,7.83,139.72,3.85,49.72,82.58,3.25,18.62,20.05,2124.3,167.29,Normal,0
91.93,64.95,2.18,44.7,15265.8,344.27,19.35,7.2,132.74,4.03,47.45,102.48,1.77,31.78,17.42,1642.39,168.47,Cooling System Issue,4
93.89,57.77,2.15,42.9,13641.7,362.76,63.48,4.86,136.54,3.83,49.19,83.16,3.38,37.29,16.8,1620.44,191.37,Fuel Injector Clogged,3
99.93,76.99,2.49,77.93,15745.4,386.97,64.5,7.6,135.8,3.82,48.76,85.69,3.58,30.82,17.9,1984.5,169.91,Scavenge Fire Warning,2
100.34,80.96,2.78,43.42,16645.8,390.79,10.68,7.34,138.69,3.93,49.03,87.41,3.33,34.31,18.84,2044.97,169.01,Normal,0
107.79,96.57,3.12,48.68,18526.0,409.99,7.69,8.33,139.16,3.65,48.47,86.56,3.29,36.04,19.84,2495.29,171.83,Normal,0
100.63,81.26,2.78,43.53,17091.2,380.9,12.34,7.83,132.69,3.89,50.41,86.44,3.56,32.3,17.8,2027.77,165.75,Normal,0
95.89,67.73,1.85,40.92,17399.8,424.91,16.78,7.51,133.56,3.85,50.26,83.86,3.53,31.2,17.32,1779.18,183.28,Turbocharger Fouling,1
89.97,57.44,1.92,43.89,13869.8,341.96,11.91,7.63,133.7,4.05,47.89,82.86,3.36,18.36,17.15,1534.73,176.54,Normal,0
100.29,79.82,2.74,44.21,16348.3,393.76,8.89,6.68,133.79,4.09,49.43,84.9,3.51,28.38,18.54,2012.83,166.42,Normal,0
105.97,94.84,2.94,45.13,18504.5,394.67,19.24,7.93,134.0,3.74,49.79,85.05,3.35,27.38,19.83,2392.7,169.38,Normal,0
92.11,65.61,2.15,42.43,14759.2,364.73,83.9,5.65,135.87,4.05,48.73,83.59,3.36,28.45,17.05,1823.32,186.16,Fuel Injector Clogged,3
100.51,75.13,2.44,85.4,15944.5,375.95,41.06,7.47,132.87,3.93,48.56,85.27,3.68,26.65,19.48,1929.47,169.43,Scavenge Fire Warning,2
99.84,81.72,2.73,45.07,16372.7,371.43,7.6,7.7,133.22,3.82,48.58,97.48,2.2,36.13,19.13,2048.22,169.07,Cooling System Issue,4
96.03,73.94,2.47,44.74,15975.9,358.47,15.34,7.74,133.02,3.91,50.7,85.95,3.33,35.78,17.07,1904.4,170.86,Normal,0
103.96,89.85,2.9,45.43,17754.5,392.35,8.24,7.35,136.23,4.04,47.4,104.33,1.99,20.51,19.21,2207.2,165.17,Cooling System Issue,4
101.8,86.62,2.84,45.33,17305.0,384.64,26.01,7.63,134.84,3.83,50.4,85.41,3.05,28.66,18.99,2216.96,171.0,Normal,0
93.37,64.75,2.26,45.28,14461.6,360.22,13.81,7.87,134.4,4.14,49.2,84.71,3.37,37.19,16.72,1684.02,173.72,Normal,0
102.35,83.06,2.78,44.27,16707.6,392.35,9.93,7.66,132.9,3.85,51.39,84.76,3.45,29.97,18.93,2107.25,170.56,Normal,0
104.64,87.88,2.14,42.84,19556.0,443.77,9.85,7.41,130.99,3.64,49.72,87.03,3.76,34.03,19.0,2325.84,176.76,Turbocharger Fouling,1
100.14,77.4,2.71,45.49,15789.8,382.81,13.58,7.6,139.08,3.87,49.11,83.17,3.42,25.47,18.05,1955.64,168.55,Normal,0
93.85,66.39,2.26,44.06,14972.8,366.55,76.3,6.54,134.28,3.71,48.18,86.2,3.48,25.54,17.4,1948.67,188.94,Fuel Injector Clogged,3
105.12,92.06,2.94,45.53,17775.9,392.55,10.61,7.77,141.78,3.78,50.5,85.27,3.46,24.51,18.82,2332.12,168.36,Normal,0
95.17,67.37,2.34,44.1,14468.2,356.2,12.08,7.09,136.93,3.88,48.32,85.8,3.81,18.44,16.11,1679.7,168.65,Normal,0
94.77,72.19,1.89,43.22,17957.7,413.27,15.18,7.71,139.57,4.18,48.12,85.13,3.58,36.5,18.6,1935.15,183.13,Turbocharger Fouling,1
102.98,84.98,2.73,44.83,16934.3,386.9,12.16,7.66,137.48,4.1,49.09,86.42,3.14,24.99,19.58,2140.64,167.87,Normal,0
103.42,92.35,3.07,95.8,17884.8,402.76,46.39,7.91,135.4,3.84,49.21,85.55,3.62,25.34,19.99,2369.25,171.72,Scavenge Fire Warning,2
108.08,93.57,3.01,44.6,18446.0,395.76,13.62,7.51,133.51,4.01,49.2,86.03,3.23,33.19,20.07,2380.21,170.05,Normal,0
96.81,73.13,2.35,45.63,16048.7,369.03,10.53,7.37,132.56,3.85,49.38,86.24,3.28,28.54,17.83,1825.8,165.77,Normal,0
104.97,92.4,2.87,43.27,17712.9,393.67,59.1,5.48,137.8,3.62,49.96,85.81,3.17,25.24,21.59,2470.25,186.0,Fuel Injector Clogged,3
98.43,77.87,2.58,47.77,16022.8,369.98,24.77,7.26,135.66,3.97,50.05,86.71,3.73,35.67,18.51,1935.52,166.55,Normal,0
99.32,79.55,2.72,45.68,16250.2,391.02,12.16,7.92,136.54,3.94,49.73,85.6,3.61,34.51,20.12,2004.96,169.46,Normal,0
100.93,75.17,2.6,41.35,16102.0,383.08,6.61,7.57,137.04,3.76,48.18,84.13,3.62,37.54,19.38,1874.56,167.31,Normal,0
105.99,91.54,2.97,44.99,18303.4,384.72,11.73,7.47,135.89,3.7,48.0,96.61,2.06,30.82,19.97,2347.45,170.6,Cooling System Issue,4
87.49,56.63,2.15,85.82,13341.3,357.22,52.31,7.95,133.82,4.11,47.49,85.33,3.52,31.8,16.25,1469.01,172.85,Scavenge Fire Warning,2
98.56,71.91,1.86,44.34,18358.1,392.72,16.66,7.88,137.53,3.66,50.0,83.39,3.34,24.49,17.84,1930.6,178.8,Turbocharger Fouling,1
106.63,92.42,2.98,43.91,17896.3,403.41,14.41,7.24,134.5,3.91,50.9,86.65,3.44,19.99,19.54,2328.26,170.39,Normal,0
101.94,84.93,2.57,44.84,17190.7,380.6,14.33,7.92,135.23,3.81,50.81,102.13,2.3,20.12,19.35,2171.27,170.75,Cooling System Issue,4
107.08,96.46,3.07,45.53,18277.5,403.45,14.81,6.92,136.79,3.9,51.18,84.31,3.25,30.92,20.57,2492.37,172.37,Normal,0
104.29,90.08,2.99,44.1,17733.6,377.17,17.62,7.66,134.85,3.99,51.14,85.85,3.28,20.27,18.82,2286.76,171.05,Normal,0
100.64,75.33,2.63,42.71,15891.7,364.57,8.12,7.62,130.46,3.77,49.8,84.17,3.82,36.13,19.72,1935.65,172.22,Normal,0
103.34,90.06,2.16,46.58,19510.7,429.07,28.85,7.9,137.6,3.67,51.86,84.92,3.33,32.08,19.09,2393.07,182.19,Turbocharger Fouling,1
104.77,90.83,2.98,42.72,17938.7,387.93,11.49,7.63,138.14,4.06,50.38,84.88,3.58,22.52,18.02,2359.56,172.83,Normal,0
94.0,67.03,2.36,44.08,14657.4,357.07,9.09,7.41,130.42,3.92,51.02,84.82,3.77,23.58,17.32,1722.26,170.77,Normal,0
96.66,75.58,2.52,45.24,15753.1,385.64,15.35,7.44,132.39,3.95,48.77,84.56,3.54,32.2,17.49,1866.26,167.22,Normal,0
99.06,71.19,2.21,43.37,15494.6,386.67,11.97,8.44,140.06,4.05,48.55,85.32,3.26,34.48,17.73,1794.56,168.95,Normal,0
104.21,93.56,3.04,79.69,18490.6,404.45,44.98,7.53,135.58,3.68,50.02,86.96,3.27,34.79,19.93,2359.34,169.75,Scavenge Fire Warning,2
107.15,96.94,3.18,47.5,18612.8,392.44,10.7,7.71,135.01,3.95,50.32,86.53,3.42,30.02,20.48,2491.78,171.36,Normal,0
104.73,96.75,3.03,44.68,18704.3,415.04,75.44,5.23,133.93,3.91,50.03,88.04,3.81,21.1,20.79,2660.71,188.19,Fuel Injector Clogged,3
94.71,68.47,2.3,83.92,15225.2,353.09,52.78,7.21,132.42,4.15,49.62,87.2,3.66,34.37,16.9,1730.26,169.39,Scavenge Fire Warning,2
103.17,85.89,2.71,44.13,17418.4,384.92,26.13,7.68,134.51,4.07,49.76,85.09,3.5,33.83,18.94,2236.84,169.94,Normal,0
105.6,96.14,2.89,47.44,18308.0,400.62,13.06,6.93,137.44,3.82,49.72,84.46,3.36,34.71,20.54,2414.29,168.51,Normal,0
98.45,74.13,2.56,45.87,15595.8,388.06,22.9,7.69,134.96,4.02,48.94,84.62,3.47,21.15,17.65,1880.04,169.09,Normal,0
103.57,89.03,2.89,43.03,17476.8,398.59,8.72,7.25,136.53,3.85,51.22,85.7,3.43,31.69,18.33,2270.26,169.46,Normal,0
96.17,67.6,2.42,44.92,15373.7,360.78,17.28,7.14,139.41,3.95,49.36,87.37,3.43,37.2,17.79,1760.25,173.08,Normal,0
103.41,83.68,2.81,45.92,17071.6,377.04,17.11,7.24,133.55,3.7,48.09,84.9,3.24,23.12,18.61,2110.74,167.47,Normal,0
100.53,82.36,2.21,46.92,18471.0,428.33,12.32,8.03,135.76,3.84,51.22,85.63,3.24,32.33,18.44,2298.02,184.84,Turbocharger Fouling,1
100.43,80.2,2.64,44.99,16605.7,375.98,6.68,7.62,137.51,3.61,50.04,84.39,3.46,23.18,18.69,1995.43,166.28,Normal,0
103.13,86.52,2.87,44.86,17024.7,389.89,17.35,7.18,132.67,3.83,50.53,85.04,3.19,24.14,19.22,2177.0,167.73,Normal,0
100.39,78.56,2.68,82.71,16745.9,367.24,49.96,7.77,135.45,4.08,50.46,83.68,3.29,27.71,19.06,1979.96,168.86,Scavenge Fire Warning,2
103.47,87.88,2.89,46.08,17591.0,394.41,21.28,7.79,139.68,3.97,50.94,83.76,3.41,35.9,18.6,2231.87,170.15,Normal,0
102.43,84.75,2.86,48.15,17253.4,389.85,18.89,7.37,134.15,3.88,48.89,87.02,3.46,18.77,20.41,2113.61,167.81,Normal,0
87.48,53.68,1.88,43.73,12821.2,337.16,21.24,7.84,137.67,3.95,47.35,85.43,3.6,37.79,15.25,1451.75,178.84,Normal,0
100.68,80.69,2.58,44.69,16757.4,389.11,16.17,7.85,134.65,3.8,52.03,84.78,3.17,33.44,18.43,2045.98,167.68,Normal,0
105.91,90.19,2.92,43.45,17695.9,397.18,13.75,7.8,139.5,3.7,49.36,86.88,3.17,25.2,19.05,2306.58,171.14,Normal,0
104.23,87.91,2.09,44.16,18844.6,449.25,23.26,7.26,130.89,3.97,50.33,83.95,3.64,25.08,19.38,2416.36,178.79,Turbocharger Fouling,1
104.75,89.07,2.8,42.97,17423.5,388.3,33.79,7.09,135.16,3.61,51.64,85.35,3.7,27.66,19.47,2278.99,168.79,Normal,0
104.31,87.86,2.75,44.71,17204.6,391.26,13.28,6.91,131.3,3.61,49.51,85.72,3.21,35.51,19.45,2269.32,170.91,Normal,0
98.22,75.65,2.55,45.44,15674.7,375.07,21.08,7.27,133.25,4.03,49.04,86.55,3.25,18.36,18.34,1927.82,168.7,Normal,0
104.07,88.49,2.85,45.07,17574.8,389.43,10.36,7.37,133.23,3.88,50.91,85.78,3.5,28.96,20.19,2266.13,170.42,Normal,0
98.54,79.0,2.6,45.85,16289.7,380.11,9.0,7.4,134.33,3.89,49.77,85.81,3.41,19.12,18.6,2040.74,173.01,Normal,0
104.83,87.53,2.82,45.51,17514.8,399.46,10.42,7.48,132.03,3.88,50.43,84.94,3.41,20.31,20.15,2157.07,164.88,Normal,0
98.75,84.45,2.89,44.15,17425.2,394.16,10.13,8.11,134.82,4.16,49.72,85.69,3.26,31.81,17.97,2109.46,166.24,Normal,0
104.5,90.86,3.05,45.4,17829.3,384.12,17.58,7.38,136.15,3.84,49.56,87.15,3.53,22.69,18.32,2295.15,167.91,Normal,0
100.15,76.51,2.44,44.83,15569.3,383.51,62.13,5.02,131.17,3.94,49.11,83.12,3.36,18.83,18.34,2029.22,187.16,Fuel Injector Clogged,3
99.78,82.8,2.68,44.83,16797.2,393.03,9.23,6.86,133.41,4.18,50.92,86.68,3.35,21.28,19.06,2142.15,170.96,Normal,0
99.22,76.43,1.91,44.34,18626.3,417.84,9.27,8.28,141.35,3.88,49.14,84.81,3.2,22.17,17.94,2055.01,177.03,Turbocharger Fouling,1
105.33,94.94,3.11,44.44,18348.9,402.75,16.03,7.04,135.82,4.08,50.7,84.11,3.54,33.4,20.01,2465.88,172.31,Normal,0
105.79,95.18,3.06,44.97,18734.4,402.93,17.53,7.25,130.46,3.5,49.31,85.49,3.33,30.5,20.69,2426.78,168.39,Normal,0
96.94,69.8,2.26,46.97,15324.7,360.45,16.5,7.74,131.5,3.75,51.18,86.34,3.39,32.7,18.03,1785.41,169.61,Normal,0
93.78,64.98,2.16,45.04,14217.8,358.17,17.26,7.59,135.56,3.84,49.24,84.02,3.61,25.4,16.97,1679.59,171.9,Normal,0
92.94,68.89,2.29,41.3,15135.4,372.12,11.68,8.08,135.25,4.01,49.44,85.11,3.21,20.26,17.66,1774.66,171.66,Normal,0
85.38,51.47,1.86,38.57,12999.2,340.37,28.41,7.75,133.53,4.26,49.24,82.12,3.38,34.11,16.35,1382.48,179.68,Normal,0
105.84,91.04,3.09,45.4,18117.5,401.6,11.78,7.47,140.48,3.75,49.62,83.45,3.12,20.81,18.91,2314.33,169.48,Normal,0
87.3,51.84,1.8,43.49,13380.5,355.24,10.87,7.87,141.55,4.14,49.53,82.78,3.31,25.65,15.44,1351.4,175.79,Normal,0
96.84,67.52,2.21,42.62,15139.4,373.55,17.39,7.91,134.34,4.27,47.52,85.92,3.63,23.25,17.97,1770.05,174.9,Normal,0
102.74,81.12,2.66,46.02,16736.6,397.24,11.61,7.27,137.18,4.11,49.04,85.18,3.12,23.93,17.67,2034.31,168.63,Normal,0
96.09,71.34,2.48,76.11,15566.2,368.45,50.2,7.84,137.31,3.85,48.41,86.17,3.44,30.04,17.12,1807.18,170.0,Scavenge Fire Warning,2
101.97,76.94,1.81,43.91,18900.8,413.78,11.96,7.42,137.64,4.02,47.58,86.47,3.69,21.29,17.58,2100.31,179.08,Turbocharger Fouling,1
88.1,54.23,2.03,43.47,12956.9,350.35,14.22,7.46,133.4,4.03,47.91,83.26,3.5,26.92,16.7,1464.25,177.83,Normal,0
102.38,88.09,2.85,44.25,17521.0,389.64,19.65,7.55,139.85,3.75,49.91,100.04,1.93,30.77,18.72,2231.62,169.83,Cooling System Issue,4
98.37,77.34,2.51,43.76,16247.5,381.01,7.54,7.37,134.83,3.95,48.39,99.15,2.12,35.38,18.82,1979.78,169.54,Cooling System Issue,4
94.1,72.02,2.29,44.77,15237.6,356.33,19.7,7.35,136.05,3.84,48.01,86.08,3.05,25.42,17.63,1784.51,166.01,Normal,0
109.02,97.51,3.19,45.75,18980.4,403.53,8.1,7.84,135.01,3.83,50.43,87.05,3.68,24.37,21.33,2530.04,173.66,Normal,0
98.61,71.78,2.4,46.61,15693.6,358.7,8.4,6.96,134.65,3.71,49.15,84.95,3.32,25.36,17.9,1885.32,173.16,Normal,0
105.6,96.76,2.54,46.78,19951.4,436.68,14.51,7.13,135.7,3.55,50.09,85.95,3.08,28.02,20.83,2706.16,182.95,Turbocharger Fouling,1
94.59,67.76,2.23,44.36,15270.6,370.56,7.69,7.74,132.04,3.89,47.78,85.1,3.22,24.26,17.71,1734.76,173.31,Normal,0
93.22,64.07,2.17,43.05,14440.9,358.49,10.7,7.47,130.07,3.99,48.49,84.7,3.21,23.01,16.82,1677.88,175.63,Normal,0
103.84,91.86,2.93,46.66,17811.7,400.41,18.77,7.85,134.47,3.66,49.47,85.21,3.31,25.51,19.72,2300.31,167.59,Normal,0
94.19,70.88,2.38,43.19,15597.3,366.83,17.37,7.63,132.8,4.0,49.28,84.26,3.83,33.56,17.74,1782.66,168.2,Normal,0
102.78,86.81,2.78,45.37,17340.6,397.37,19.64,7.03,136.37,3.86,49.35,85.01,3.57,23.06,18.97,2147.26,166.87,Normal,0
104.27,90.99,2.83,43.9,18291.9,391.83,10.46,7.52,136.08,3.93,50.06,87.1,3.49,34.89,20.18,2418.43,176.8,Normal,0
103.82,90.04,3.14,97.47,17567.8,376.91,64.62,7.69,135.03,3.98,48.74,83.7,3.62,23.7,21.06,2324.56,170.0,Scavenge Fire Warning,2
97.95,73.99,2.36,44.36,15367.9,374.29,8.21,7.58,138.7,4.11,47.93,84.36,3.73,30.06,18.1,1843.71,165.71,Normal,0
103.3,83.21,2.74,47.63,16839.5,366.66,64.71,5.52,134.98,3.96,50.3,84.94,3.5,37.42,19.33,2301.57,188.98,Fuel Injector Clogged,3
101.74,84.49,2.62,48.35,17234.5,373.99,8.31,7.4,131.35,3.82,50.57,85.11,3.66,37.04,19.34,2145.64,168.52,Normal,0
87.93,53.6,1.74,43.43,12995.9,339.94,34.41,7.3,134.44,4.01,48.02,84.5,3.28,26.69,14.53,1413.96,175.73,Normal,0
101.92,81.9,2.7,44.65,16444.9,374.31,15.5,7.04,137.93,4.22,49.71,83.66,3.24,19.35,19.08,2111.32,171.79,Normal,0
105.03,90.24,2.94,43.8,17830.1,388.44,14.17,6.99,130.29,3.99,49.61,86.84,3.21,36.05,19.84,2315.43,171.15,Normal,0
104.25,91.88,3.07,46.71,17662.4,386.51,10.25,7.64,134.76,3.84,51.23,86.74,3.45,20.54,18.98,2356.31,170.74,Normal,0
104.06,89.16,2.93,45.45,17712.1,380.2,9.95,7.19,136.44,3.82,49.81,86.38,2.93,36.47,18.4,2229.25,167.15,Normal,0
102.0,82.63,2.7,77.79,16753.7,395.62,45.63,7.7,141.63,3.78,49.22,85.06,3.64,32.65,19.11,2026.37,165.46,Scavenge Fire Warning,2
103.01,90.24,2.85,47.81,17888.5,387.37,14.86,7.29,138.02,3.66,51.03,84.72,3.31,36.68,20.56,2332.46,170.27,Normal,0
100.12,76.11,2.65,74.5,15709.3,357.29,51.86,7.04,135.33,4.15,48.65,84.65,3.55,31.31,18.01,1931.65,168.5,Scavenge Fire Warning,2
108.22,95.89,3.16,44.28,18771.8,396.97,8.25,7.36,136.3,3.89,50.47,85.91,3.15,37.9,19.91,2423.44,169.22,Normal,0
103.53,90.33,2.83,44.87,17751.5,383.92,5.97,8.23,130.26,3.65,49.02,86.41,3.6,27.34,20.97,2301.93,169.49,Normal,0
99.5,77.66,2.58,45.44,16375.7,370.0,15.65,7.47,132.38,3.87,50.16,85.01,3.65,24.59,18.92,1939.89,167.98,Normal,0
100.37,78.43,2.61,45.11,16515.3,383.72,12.47,7.73,136.63,4.08,50.34,85.57,3.42,25.87,17.72,2000.02,169.51,Normal,0
100.43,82.0,2.67,43.22,16495.2,378.91,11.19,7.56,135.4,3.8,48.4,84.76,3.49,25.01,18.36,2130.06,172.27,Normal,0
102.81,84.82,2.84,45.92,17297.1,376.81,8.99,7.01,135.72,3.74,48.37,85.74,3.22,26.02,20.37,2104.58,164.19,Normal,0
104.88,91.06,3.02,43.48,17569.3,397.4,51.84,6.36,135.09,3.89,50.39,85.34,3.41,35.7,19.25,2677.11,190.96,Fuel Injector Clogged,3
104.93,96.41,3.08,44.46,18250.0,409.71,21.45,7.41,134.99,3.91,52.28,86.18,3.58,29.84,19.84,2465.0,170.65,Normal,0
98.72,75.1,2.48,43.83,16319.4,378.17,9.79,7.04,135.26,3.83,50.26,82.88,3.35,32.51,18.54,1921.41,169.2,Normal,0
97.53,76.68,2.67,43.3,16329.2,356.22,67.74,5.29,132.36,3.8,49.24,85.65,3.67,23.76,18.13,2162.72,189.41,Fuel Injector Clogged,3
97.57,71.21,2.47,45.03,15857.3,360.09,17.35,7.43,134.43,3.98,48.35,85.5,3.08,37.8,18.03,1822.0,170.16,Normal,0
95.69,71.32,2.4,44.14,15333.9,369.53,8.79,7.76,131.89,3.75,47.99,85.49,3.34,23.61,17.95,1771.87,166.64,Normal,0
101.7,83.99,2.62,47.37,17021.1,383.03,9.27,7.26,133.45,3.78,50.5,84.17,3.05,21.18,18.89,2147.4,170.18,Normal,0
100.27,76.14,2.05,43.72,17606.3,428.31,12.72,8.42,137.99,3.88,50.35,84.19,3.46,33.56,18.96,2110.4,180.84,Turbocharger Fouling,1
99.28,76.3,2.59,43.92,16035.1,367.52,27.73,7.17,134.55,4.01,48.8,84.01,3.36,34.78,17.48,1968.61,170.99,Normal,0
97.64,76.87,1.79,45.96,17740.3,417.69,18.82,7.71,136.49,3.83,49.21,85.47,3.37,25.88,18.37,2153.98,183.12,Turbocharger Fouling,1
96.58,74.25,2.5,43.8,15584.6,388.88,12.73,6.81,135.29,3.99,49.39,85.76,3.53,28.82,17.71,1898.7,168.97,Normal,0
94.64,68.83,2.29,45.75,15150.3,366.25,19.1,7.46,134.04,4.1,50.91,83.92,3.35,26.28,18.52,1773.13,171.85,Normal,0
107.39,97.03,3.1,46.57,18393.8,406.42,48.22,6.32,132.48,3.74,50.43,87.46,3.91,23.88,20.11,2818.42,196.43,Fuel Injector Clogged,3
97.99,73.71,2.39,40.37,15472.4,372.18,12.34,7.11,134.0,4.39,48.34,86.51,3.55,34.27,19.16,1865.77,171.27,Normal,0
100.49,83.01,2.71,46.41,16962.5,384.13,6.51,8.02,135.46,4.08,48.58,102.65,1.82,33.14,18.63,2108.76,170.67,Cooling System Issue,4
100.52,84.05,2.86,46.09,16985.2,384.56,13.82,7.65,136.45,3.9,48.87,99.29,2.45,27.71,19.05,2093.54,165.92,Cooling System Issue,4
101.44,82.03,2.66,45.99,16960.1,373.58,17.02,7.39,135.31,3.84,50.96,83.27,3.24,27.11,19.45,2044.3,168.62,Normal,0
105.46,93.68,3.1,42.63,18116.1,384.98,10.69,7.65,136.62,3.74,50.73,85.11,3.48,21.6,19.33,2363.71,168.03,Normal,0
100.47,74.44,2.42,42.96,15676.9,376.14,10.51,7.29,131.2,4.15,49.0,83.47,3.31,30.75,18.98,1876.77,167.42,Normal,0
94.33,66.54,2.32,42.44,14910.3,364.67,12.84,7.94,137.17,3.97,46.07,83.57,3.58,36.47,17.34,1670.79,169.76,Normal,0
102.93,81.18,2.67,43.23,16468.8,388.98,11.0,7.86,132.18,3.66,48.8,85.86,3.39,32.38,18.96,2073.42,169.19,Normal,0
92.17,65.05,2.25,45.82,14486.5,367.2,11.59,7.63,137.46,3.68,49.27,85.51,3.39,28.13,17.51,1661.16,170.89,Normal,0
93.83,69.61,2.35,43.55,15065.0,360.54,19.93,7.71,136.26,3.94,49.48,85.74,3.42,18.77,17.57,1743.18,169.3,Normal,0
106.01,98.2,2.39,45.8,21634.1,463.12,17.38,6.98,130.32,3.83,50.76,86.22,3.37,36.61,19.84,2660.86,190.15,Turbocharger Fouling,1
104.38,86.63,2.62,45.76,17718.4,394.41,14.93,8.01,136.84,3.72,48.55,86.09,3.45,24.16,19.29,2213.61,170.42,Normal,0
98.67,71.47,2.29,44.57,15130.4,374.86,7.79,7.47,137.49,3.69,49.39,82.95,3.77,24.0,16.58,1819.85,169.64,Normal,0
104.06,91.89,3.01,40.35,18271.8,412.86,15.98,7.86,138.14,3.54,49.16,84.13,3.5,27.39,18.94,2365.43,171.62,Normal,0
94.7,68.6,2.16,42.52,15237.7,382.11,12.66,7.76,133.08,3.81,49.09,84.49,3.48,26.58,17.43,1777.7,171.24,Normal,0
102.44,88.89,2.85,42.99,17956.5,396.64,5.53,7.85,135.45,3.79,49.23,86.27,3.54,37.25,20.37,2309.29,173.12,Normal,0
98.15,80.17,2.64,45.01,17210.9,384.73,55.19,5.63,136.74,3.98,50.68,84.67,3.38,21.3,19.53,2146.69,186.66,Fuel Injector Clogged,3
104.54,88.46,2.81,44.64,17872.5,399.23,83.79,5.85,136.84,3.83,50.32,83.91,3.23,31.78,19.99,2447.25,183.61,Fuel Injector Clogged,3
104.34,89.49,2.85,45.18,17890.4,387.2,21.65,8.29,136.02,4.0,49.88,104.11,1.6,20.14,18.58,2295.09,169.76,Cooling System Issue,4
102.6,85.71,2.82,41.74,16924.6,382.57,18.54,6.97,133.93,3.95,51.24,84.31,3.03,23.54,19.32,2124.84,166.59,Normal,0
96.31,74.7,2.57,43.51,15576.1,378.76,11.54,7.12,137.47,3.98,48.99,82.92,3.53,32.44,17.58,1881.21,167.69,Normal,0
97.8,69.87,2.28,45.26,15313.4,360.49,23.79,7.52,137.48,4.07,47.73,87.46,3.47,34.08,17.6,1789.45,170.44,Normal,0
100.24,81.4,2.63,46.63,16301.7,386.49,17.95,7.52,134.61,3.67,50.72,86.74,3.37,27.38,19.31,2054.64,167.01,Normal,0
88.8,54.39,1.86,43.43,13434.1,349.24,9.92,7.31,133.04,3.9,48.7,97.36,2.28,33.79,16.56,1448.84,177.38,Cooling System Issue,4
98.46,79.87,2.44,42.39,16014.2,372.99,9.84,7.72,133.18,4.24,49.28,101.41,1.79,36.7,19.36,1991.86,167.45,Cooling System Issue,4
100.45,81.0,2.68,46.37,16878.7,381.46,13.73,7.82,138.41,3.59,49.0,84.27,2.97,36.72,17.85,2033.78,167.15,Normal,0
100.93,80.77,2.74,45.55,16526.1,391.41,9.22,7.49,137.38,3.83,50.15,83.44,3.54,24.85,18.06,2019.86,165.82,Normal,0
100.05,78.58,2.68,44.11,16350.3,378.88,25.04,7.41,134.95,3.96,50.35,88.0,3.61,24.24,19.37,2006.52,170.05,Normal,0
102.14,84.14,2.28,41.69,19806.9,420.99,13.88,7.49,134.5,3.58,49.02,84.4,3.53,32.53,19.91,2266.43,179.75,Turbocharger Fouling,1
94.12,64.95,2.12,44.63,14200.5,363.81,9.41,7.33,130.58,3.83,49.49,85.03,3.61,31.08,17.16,1668.68,173.3,Normal,0
99.7,81.91,2.7,43.66,17010.9,386.07,22.34,6.91,134.79,4.17,49.94,84.67,3.08,25.85,18.77,2085.72,169.94,Normal,0
100.35,79.65,2.7,44.89,16750.1,376.92,6.47,7.61,132.02,3.91,48.75,83.79,3.42,22.57,19.27,1997.36,167.17,Normal,0
103.08,86.59,2.84,45.03,17246.9,391.04,13.92,7.77,135.4,3.77,49.9,86.72,3.25,30.37,19.55,2206.78,169.0,Normal,0
101.81,83.09,2.75,46.96,17032.4,375.47,12.46,7.45,137.96,3.9,49.19,86.11,3.49,26.6,19.26,2089.82,166.58,Normal,0
101.36,82.46,2.8,44.41,16722.0,376.69,8.2,6.71,132.55,3.78,50.95,85.23,3.67,20.64,18.28,2076.25,167.82,Normal,0
96.96,75.84,2.46,44.04,16043.0,369.43,23.18,7.3,135.6,4.15,48.76,87.89,3.33,30.78,18.89,1907.58,168.17,Normal,0
98.09,78.61,2.58,46.66,16493.6,382.02,10.84,7.82,137.49,3.74,51.05,85.43,3.52,31.95,18.35,1951.54,165.26,Normal,0
104.16,96.75,3.24,44.75,18715.7,402.22,10.37,7.0,135.55,3.73,50.49,85.32,3.24,25.28,19.36,2485.85,172.47,Normal,0
108.31,98.16,3.13,47.07,19064.9,401.62,17.46,7.74,133.69,3.58,48.67,88.22,3.4,34.64,19.86,2523.46,171.88,Normal,0
106.38,92.9,2.27,45.13,19867.0,441.47,13.69,7.34,135.03,3.78,48.01,86.2,3.31,19.47,19.47,2597.96,181.45,Turbocharger Fouling,1
102.43,82.8,2.66,43.12,16856.4,386.53,9.51,7.49,137.39,3.84,49.52,87.27,3.72,27.92,19.75,2087.52,167.65,Normal,0
100.34,79.32,2.55,80.21,16247.2,376.83,65.66,7.26,135.66,4.06,50.9,85.13,3.21,37.13,18.12,1997.19,168.7,Scavenge Fire Warning,2
90.83,64.67,2.24,44.21,14478.2,352.55,21.83,7.1,134.99,3.79,50.14,80.97,3.42,21.81,17.37,1665.64,172.92,Normal,0
101.5,86.08,2.74,46.92,17438.2,381.04,11.93,8.0,137.89,3.93,50.04,83.57,3.65,21.45,17.91,2132.02,166.05,Normal,0
97.69,73.54,2.48,46.09,15361.6,360.19,27.45,7.79,136.29,3.92,48.57,86.24,3.05,25.57,18.55,1842.01,167.99,Normal,0
92.29,62.06,2.08,42.52,14501.0,358.7,9.17,7.73,131.99,3.67,48.38,83.78,3.48,23.36,16.42,1599.04,171.53,Normal,0
100.75,81.84,2.52,43.07,16667.8,375.4,79.57,5.5,136.58,3.76,49.89,85.58,3.42,22.43,19.01,2360.23,184.88,Fuel Injector Clogged,3
107.61,97.71,3.16,45.34,18534.0,398.18,10.03,7.68,137.37,3.69,51.48,87.27,3.28,37.0,20.52,2600.95,176.1,Normal,0
93.51,64.88,2.23,41.42,14368.9,360.09,16.91,7.83,131.91,4.19,49.49,84.81,3.62,24.9,17.54,1655.45,171.51,Normal,0
101.91,83.66,2.78,44.37,17105.6,392.92,28.07,7.27,129.33,3.95,50.73,84.32,3.71,19.2,19.15,2125.79,169.01,Normal,0
100.88,83.38,2.04,44.16,18396.5,451.11,13.33,7.98,132.4,3.89,50.4,85.32,3.52,36.0,20.07,2248.94,173.57,Turbocharger Fouling,1
102.59,82.8,2.66,45.72,17200.0,383.07,14.24,7.95,134.74,3.22,50.67,85.44,3.35,26.96,18.99,2098.82,168.72,Normal,0
103.06,88.21,2.31,41.75,18839.7,455.26,11.16,7.63,137.52,3.56,47.71,85.04,3.14,32.72,20.73,2382.87,182.59,Turbocharger Fouling,1
94.44,70.31,2.49,42.52,15162.0,351.79,7.99,7.4,132.77,4.03,48.27,83.15,3.43,25.35,18.06,1804.28,172.12,Normal,0
98.05,76.96,2.56,43.07,16100.1,391.22,11.96,7.07,136.39,4.01,48.36,84.65,3.37,36.7,18.48,1941.0,167.68,Normal,0
101.65,84.42,2.8,46.53,16887.2,391.07,80.11,6.23,127.77,3.75,48.6,85.27,3.38,23.76,19.55,2244.28,179.27,Fuel Injector Clogged,3
97.26,70.39,2.35,41.96,15300.3,368.81,10.61,8.09,135.45,3.92,49.17,83.08,3.31,31.26,17.81,1761.49,166.7,Normal,0
95.59,69.45,2.22,43.9,15251.1,359.68,8.22,7.09,133.98,3.92,47.68,96.66,1.8,34.49,17.87,1756.02,170.03,Cooling System Issue,4
100.65,81.49,2.76,44.33,16792.8,378.36,6.08,7.86,140.25,3.9,48.72,84.4,3.41,22.76,18.95,2033.32,166.95,Normal,0
97.49,77.0,2.63,45.72,16456.5,381.13,23.76,7.33,130.27,3.84,49.37,82.85,3.18,34.03,18.46,1950.09,170.57,Normal,0
101.22,80.04,2.7,45.3,16218.8,385.11,11.11,7.36,134.96,4.0,48.0,85.36,3.59,33.85,19.88,2036.29,169.27,Normal,0
104.41,92.4,2.97,45.57,18124.9,400.85,15.15,7.09,130.25,4.0,49.67,85.98,3.26,37.28,21.14,2352.57,170.11,Normal,0
103.12,87.36,2.89,44.16,17277.2,383.37,19.46,7.24,133.63,3.71,50.57,84.84,3.42,36.46,19.5,2232.45,170.07,Normal,0
100.53,76.44,2.61,41.34,16149.9,368.11,21.17,7.73,130.75,3.72,48.21,83.42,3.34,25.77,19.02,1963.01,171.68,Normal,0
102.11,83.01,2.85,45.01,16970.8,385.32,10.51,7.77,140.75,3.75,50.53,85.81,3.52,29.81,19.61,2068.13,165.82,Normal,0
91.94,65.71,2.32,44.05,14496.4,368.29,14.9,7.58,134.11,3.94,48.15,85.28,3.51,36.51,17.9,1700.6,169.79,Normal,0
88.27,58.63,2.05,40.33,13630.0,353.31,15.56,7.32,134.47,4.02,48.91,84.46,3.49,18.09,16.9,1563.93,178.74,Normal,0
100.2,80.04,2.54,42.55,16617.8,391.9,18.27,7.11,134.89,4.0,48.5,85.25,3.19,30.55,19.0,2006.31,166.49,Normal,0
101.1,85.62,2.81,45.23,17207.3,387.29,15.49,7.52,132.17,4.0,50.31,86.14,3.37,22.31,19.48,2170.75,169.8,Normal,0
105.44,91.02,2.97,45.79,17829.3,393.77,14.25,7.37,137.64,3.89,49.79,85.53,3.69,32.78,19.22,2349.04,172.2,Normal,0
104.92,91.56,3.02,43.84,18089.3,399.81,9.21,7.57,136.6,3.87,50.59,84.56,3.34,33.93,19.66,2341.39,169.97,Normal,0
105.05,91.52,3.07,44.46,18100.5,404.15,16.73,7.39,137.29,4.08,49.57,85.58,3.59,32.26,18.98,2356.7,171.37,Normal,0
103.44,90.04,2.91,42.45,17638.7,381.76,12.85,7.4,131.96,3.84,50.61,85.13,3.4,37.92,19.9,2291.9,168.92,Normal,0
100.84,76.44,2.71,46.18,15867.0,366.6,22.46,7.56,137.84,3.98,50.29,84.97,3.34,27.59,18.52,1984.36,171.82,Normal,0
100.59,72.86,2.3,41.88,15329.5,368.57,16.78,7.62,137.55,3.96,49.4,85.98,3.43,29.23,18.34,1844.67,167.88,Normal,0
98.2,75.93,2.08,44.89,17843.5,446.98,6.98,7.93,134.42,3.87,48.94,83.59,3.25,26.18,17.75,1992.54,175.92,Turbocharger Fouling,1
99.62,77.49,2.51,82.28,15873.3,374.77,48.49,7.38,137.24,3.87,49.25,85.31,3.56,37.48,18.94,1977.72,169.87,Scavenge Fire Warning,2
101.74,83.31,1.97,46.6,19377.6,443.21,11.19,7.69,135.68,4.07,48.48,83.83,3.25,36.46,19.2,2239.37,180.33,Turbocharger Fouling,1
92.53,63.53,2.16,41.89,14708.7,364.36,12.71,8.13,131.02,3.93,49.06,83.44,3.5,37.73,18.37,1654.53,172.37,Normal,0
104.19,92.38,2.87,45.48,17969.7,403.29,29.62,7.7,134.54,3.78,50.78,87.58,3.59,37.7,20.26,2355.02,170.37,Normal,0
94.75,70.35,2.36,41.08,15176.2,369.3,60.76,5.78,133.8,3.81,50.73,85.36,3.48,35.91,17.32,1964.84,182.89,Fuel Injector Clogged,3
96.35,74.05,2.48,41.02,16195.7,381.88,10.05,7.28,135.21,3.97,50.64,85.16,3.3,36.62,17.22,1836.8,167.06,Normal,0
101.5,81.83,2.78,45.44,17060.7,372.73,17.78,7.25,137.55,3.8,48.7,83.28,3.43,20.4,18.9,2042.48,166.84,Normal,0
99.6,79.92,2.52,41.72,16321.7,373.77,13.99,7.44,130.9,3.93,49.81,84.91,3.27,21.47,17.97,2011.09,168.63,Normal,0
100.64,88.62,2.95,44.75,17607.9,400.07,17.86,7.48,133.89,3.87,49.85,83.06,3.36,35.7,18.98,2248.38,168.7,Normal,0
93.0,62.76,2.17,44.54,14417.8,358.54,11.55,7.87,132.95,3.88,50.04,84.56,3.31,32.54,16.38,1586.87,169.47,Normal,0
98.24,75.38,2.59,45.15,15967.0,364.12,30.89,7.24,133.05,3.69,48.68,104.72,2.39,35.5,17.81,1893.41,167.48,Cooling System Issue,4
107.59,94.49,3.01,44.56,18710.3,387.53,23.71,7.47,132.94,3.67,51.13,98.58,2.23,33.4,20.85,2417.52,170.72,Cooling System Issue,4
95.32,67.8,2.19,41.04,14993.6,358.26,16.52,7.88,135.17,3.8,48.06,84.91,3.58,20.79,16.86,1756.93,171.25,Normal,0
95.98,74.16,2.38,44.7,15822.5,372.72,11.07,7.58,136.31,3.75,49.23,83.51,3.59,36.33,17.79,1888.14,169.1,Normal,0
98.17,81.42,2.58,46.53,16829.1,385.51,17.85,7.5,135.87,3.94,48.78,85.71,3.44,33.42,17.88,2099.4,171.54,Normal,0
100.67,83.1,2.05,43.65,19352.1,435.89,7.99,7.58,135.46,4.19,47.77,87.84,3.66,29.42,17.87,2212.67,177.65,Turbocharger Fouling,1
99.04,78.89,2.26,43.11,19165.6,424.42,24.49,7.11,136.55,3.81,48.65,84.91,3.28,28.65,18.33,2165.97,181.3,Turbocharger Fouling,1
104.39,87.41,2.8,44.21,17544.1,385.76,22.13,7.1,140.95,3.79,49.68,86.55,3.63,29.48,19.43,2216.9,170.09,Normal,0
101.19,82.27,2.75,45.44,16440.6,392.63,15.75,6.94,135.34,3.78,51.13,82.77,3.56,25.81,18.13,2085.17,168.64,Normal,0
94.77,64.71,2.09,45.02,14480.8,381.3,9.31,7.57,137.55,4.07,47.82,85.15,3.41,34.06,16.24,1637.66,170.91,Normal,0
92.94,67.06,2.29,41.51,15062.8,360.68,11.53,7.82,137.41,4.0,48.41,84.0,3.44,36.18,16.25,1700.87,169.14,Normal,0
102.76,83.26,2.78,42.41,16962.6,387.92,6.56,7.77,139.44,3.86,48.31,85.01,3.59,23.06,19.0,2100.75,168.08,Normal,0
99.55,76.29,2.42,47.61,16217.6,378.55,6.61,7.9,136.4,3.71,50.59,85.77,3.52,18.76,18.81,1862.71,164.63,Normal,0
101.5,89.08,2.88,44.86,18050.7,392.46,12.11,8.01,132.89,3.7,49.55,85.27,3.45,22.06,18.61,2235.92,167.39,Normal,0
98.94,73.25,1.86,44.24,17581.3,427.64,9.04,7.55,135.76,3.93,48.96,82.99,3.32,33.15,17.57,1996.24,175.3,Turbocharger Fouling,1
104.18,89.46,2.67,44.12,17932.8,395.66,7.05,7.48,135.63,3.88,49.68,87.41,3.23,35.37,20.15,2317.1,170.35,Normal,0
102.24,83.66,2.85,45.43,16885.2,380.81,11.06,8.02,137.04,3.86,47.81,83.61,3.42,24.97,18.82,2126.67,169.45,Normal,0
105.1,94.91,3.09,47.03,18569.0,409.16,11.4,7.25,132.82,3.92,48.8,84.79,3.19,21.05,19.96,2421.67,169.19,Normal,0
101.95,80.38,2.71,44.88,16538.3,382.09,8.37,7.09,138.17,3.7,48.67,85.37,3.53,35.17,18.86,2000.73,165.39,Normal,0
102.06,87.98,2.23,47.65,20920.8,419.75,14.65,7.38,135.01,3.89,50.58,85.68,3.08,22.29,19.09,2286.54,178.54,Turbocharger Fouling,1
99.59,76.07,2.39,43.6,16036.9,394.63,94.04,5.83,137.1,3.93,46.92,85.56,3.46,22.84,17.76,2121.4,185.3,Fuel Injector Clogged,3
89.67,55.37,1.99,79.65,13280.8,348.29,64.58,7.52,135.77,3.83,49.03,84.37,3.35,19.85,16.44,1464.52,178.93,Scavenge Fire Warning,2
98.69,79.04,2.06,44.67,18135.5,414.44,12.71,7.2,135.31,3.79,49.9,86.54,3.32,36.21,17.68,2106.4,177.87,Turbocharger Fouling,1
99.35,72.38,2.43,44.49,15618.8,371.88,13.11,7.63,135.58,4.01,47.44,85.48,3.35,24.53,16.91,1870.31,171.88,Normal,0
98.59,75.43,2.6,44.38,16179.7,373.25,11.77,7.3,136.68,3.73,49.08,83.59,2.88,21.44,17.75,1930.28,171.87,Normal,0
90.49,57.31,2.07,40.66,13762.5,355.23,11.02,7.93,139.9,4.34,49.74,81.17,3.32,37.07,16.87,1492.85,173.73,Normal,0
102.01,88.9,3.04,45.58,18156.6,384.36,14.87,7.08,129.96,3.93,48.93,85.74,3.24,24.71,20.14,2246.92,168.4,Normal,0
109.11,96.07,3.1,45.12,18484.8,404.87,15.19,7.45,136.35,3.81,49.77,87.6,3.25,32.95,19.84,2496.88,173.44,Normal,0
105.96,98.41,3.1,45.0,18779.3,388.95,13.15,7.38,135.11,3.77,53.19,84.43,3.96,22.61,20.85,2460.16,167.56,Normal,0
102.31,81.99,2.68,44.61,16616.1,372.11,11.16,7.58,134.56,3.99,50.02,84.02,3.15,32.54,19.62,2049.46,167.56,Normal,0
96.89,74.91,2.53,42.55,15882.3,388.24,9.26,7.82,129.09,3.84,49.11,85.42,3.47,22.64,18.14,1908.87,170.31,Normal,0
104.42,92.32,3.07,43.68,18091.2,385.35,7.56,7.59,136.45,3.78,49.68,86.27,3.26,30.75,20.15,2354.19,169.58,Normal,0
101.14,79.84,2.52,40.46,16541.3,364.11,9.27,7.45,134.69,4.1,49.97,86.54,3.24,26.82,19.7,2030.81,169.46,Normal,0
104.4,87.17,2.84,47.59,17410.8,379.11,64.51,6.12,132.91,3.78,50.61,87.46,3.16,33.97,18.86,2291.66,178.49,Fuel Injector Clogged,3
97.71,77.57,2.7,76.43,16062.5,390.89,52.94,7.8,135.11,3.91,47.34,85.39,3.6,32.61,18.22,1959.01,168.66,Scavenge Fire Warning,2
97.6,70.88,2.37,43.5,15166.0,354.26,34.08,7.59,134.27,3.8,46.96,83.72,3.62,36.71,18.69,1777.02,168.33,Normal,0
101.85,80.81,2.74,43.46,16519.0,373.37,65.06,5.67,130.64,3.92,48.64,84.16,3.29,25.53,18.11,2166.2,180.34,Fuel Injector Clogged,3
102.48,88.29,2.91,40.75,17787.9,378.7,14.9,7.73,135.22,3.93,49.82,84.88,3.56,33.09,19.48,2201.08,167.14,Normal,0
102.45,80.65,2.73,43.36,16879.7,378.62,16.53,6.92,136.45,4.13,49.7,86.46,3.21,37.38,18.28,2025.71,171.2,Normal,0
101.17,86.54,2.76,46.0,17300.9,384.69,30.57,7.38,133.63,3.71,48.19,84.86,3.33,24.73,20.04,2190.8,168.78,Normal,0
102.81,88.16,2.8,85.13,17313.3,386.36,55.58,7.63,135.65,3.63,49.76,86.68,3.52,23.8,18.66,2234.9,169.29,Scavenge Fire Warning,2
101.94,82.68,2.72,45.58,16816.9,398.2,99.61,6.14,135.27,3.83,49.65,83.48,3.22,33.38,18.81,2340.12,188.43,Fuel Injector Clogged,3
103.09,89.58,2.79,45.4,18157.4,382.38,6.12,7.4,137.61,3.75,49.18,85.93,3.27,26.91,18.88,2261.33,167.53,Normal,0
103.16,86.35,2.8,46.86,17514.1,387.13,12.03,7.63,134.74,3.85,49.35,84.55,3.4,25.97,18.32,2194.76,168.89,Normal,0
100.78,80.56,2.68,43.95,16690.8,383.4,8.87,7.64,137.0,3.96,48.9,85.85,3.41,28.91,17.51,1998.63,166.64,Normal,0
106.0,95.15,3.21,47.24,18606.1,391.1,7.42,7.66,134.22,4.16,50.75,85.5,3.21,36.71,19.94,2441.54,169.99,Normal,0
92.62,61.06,2.14,42.31,14471.8,360.22,22.11,7.22,139.92,3.89,48.75,85.4,3.8,19.68,17.09,1595.81,173.99,Normal,0
96.59,72.14,2.47,42.45,15264.0,366.98,11.96,7.0,133.91,3.58,48.1,95.92,2.44,27.31,17.86,1816.52,168.36,Cooling System Issue,4
103.56,87.45,2.94,43.49,17345.4,392.31,11.23,7.78,133.29,3.81,50.89,85.47,3.57,20.2,19.45,2254.9,172.79,Normal,0
108.03,96.3,3.02,44.11,18420.9,399.51,12.03,7.24,134.75,3.87,48.97,86.82,3.51,35.67,19.89,2525.91,175.55,Normal,0
100.05,77.25,2.55,45.17,16285.7,360.16,13.73,7.22,133.18,3.75,47.76,84.97,3.26,20.73,18.93,1940.45,167.79,Normal,0
102.0,81.92,2.89,43.44,16774.7,392.84,9.64,7.18,131.88,3.91,49.44,85.35,3.48,19.79,19.22,2011.69,164.97,Normal,0
94.01,68.91,1.93,41.96,17363.1,422.92,7.4,7.9,136.82,3.94,48.85,85.67,3.25,37.28,17.62,1885.52,181.63,Turbocharger Fouling,1
104.45,88.83,2.98,46.18,17492.8,389.63,12.75,7.57,127.34,3.88,50.07,85.46,3.41,29.27,19.56,2279.67,171.27,Normal,0
102.84,89.02,2.97,45.61,17928.7,384.09,13.78,7.62,133.21,3.96,48.82,83.66,3.55,34.52,19.18,2246.09,167.45,Normal,0
101.9,87.85,2.74,46.47,17466.0,401.86,22.87,7.74,131.65,3.84,50.85,84.83,3.3,27.41,20.51,2266.04,172.13,Normal,0
101.65,83.59,2.77,45.46,17102.0,399.62,12.57,7.49,135.36,3.95,51.48,83.04,3.47,26.71,19.43,2096.25,169.36,Normal,0
103.56,90.97,2.96,44.15,18134.2,392.36,13.43,7.85,129.53,3.57,50.07,85.34,3.3,36.23,19.58,2280.48,167.46,Normal,0
102.29,82.62,2.74,44.72,17072.5,381.52,9.05,7.08,136.37,3.73,50.03,85.87,3.43,37.8,18.75,2049.94,166.78,Normal,0
102.4,82.82,2.66,44.81,16932.5,382.89,9.07,7.12,136.64,3.82,47.61,85.46,3.42,30.37,18.63,2066.83,167.08,Normal,0
99.31,83.24,2.64,43.28,17085.4,370.66,14.94,7.1,130.92,3.72,49.31,87.0,3.33,36.36,18.73,2065.36,166.55,Normal,0
100.8,83.72,2.71,43.04,17348.6,382.33,17.32,7.65,135.48,3.87,49.07,86.89,3.07,35.25,19.1,2115.03,165.92,Normal,0
95.69,73.45,2.45,42.85,15794.2,385.53,19.64,7.68,136.29,3.85,48.45,85.25,3.54,28.88,16.95,1840.26,167.49,Normal,0
95.86,71.15,2.49,89.39,15232.9,367.58,52.3,7.33,137.35,3.85,48.54,81.98,3.76,36.82,17.61,1808.09,168.41,Scavenge Fire Warning,2
93.19,63.11,2.31,42.43,14517.4,350.57,9.63,7.42,131.33,4.08,48.28,85.33,3.43,22.2,16.92,1650.94,174.88,Normal,0
94.98,68.65,2.43,45.34,15073.1,369.79,7.62,7.94,130.98,3.94,47.63,104.38,1.8,35.7,17.52,1755.53,170.81,Cooling System Issue,4
100.22,81.61,2.75,43.83,16184.4,376.67,8.81,7.26,138.76,3.71,49.19,107.44,1.94,24.19,18.86,2062.06,169.04,Cooling System Issue,4
103.37,83.77,2.67,46.03,17073.1,384.18,14.59,7.6,132.95,3.77,48.73,85.73,3.61,18.61,18.98,2112.07,168.91,Normal,0
89.1,61.55,2.09,44.28,14219.8,346.79,7.86,7.26,133.68,4.07,49.56,85.25,3.63,33.74,17.09,1573.45,171.51,Normal,0
97.08,69.34,1.75,44.98,17507.1,422.64,8.9,7.88,136.58,3.95,49.45,85.38,3.56,36.6,17.51,1913.85,186.64,Turbocharger Fouling,1
96.69,73.22,2.4,44.44,15487.2,377.42,10.0,7.72,132.08,4.09,49.63,87.8,3.48,22.34,18.55,1842.23,167.82,Normal,0
97.37,73.5,1.98,45.95,16867.1,413.93,15.95,7.01,134.34,4.03,50.28,85.57,3.52,28.68,18.38,2020.9,177.78,Turbocharger Fouling,1
94.02,67.33,2.34,43.95,14953.0,357.95,21.38,7.41,137.23,3.87,48.2,83.16,3.42,32.99,18.74,1725.32,171.17,Normal,0
98.83,72.4,2.47,46.36,15633.1,371.45,13.23,6.77,131.45,4.13,49.53,86.18,3.23,24.63,18.3,1883.93,173.87,Normal,0
97.01,75.82,2.61,41.64,15998.6,369.92,87.49,5.47,133.75,4.12,50.48,84.52,3.33,20.94,17.76,2102.19,180.05,Fuel Injector Clogged,3
104.13,89.59,2.84,45.69,17702.8,385.71,77.49,5.96,132.18,3.57,49.14,87.2,3.34,25.84,19.42,2432.7,186.28,Fuel Injector Clogged,3
94.21,65.04,2.3,43.63,14395.2,370.62,68.16,4.51,133.07,3.94,46.9,86.45,3.45,27.13,16.87,1906.11,190.48,Fuel Injector Clogged,3
99.63,83.17,2.05,43.25,18900.9,433.88,15.35,7.0,137.96,3.78,49.05,86.07,3.08,32.84,18.91,2316.98,178.07,Turbocharger Fouling,1
86.29,52.98,1.48,43.11,15264.7,391.64,12.11,7.56,138.51,3.95,49.34,82.59,3.49,21.97,16.69,1581.01,189.83,Turbocharger Fouling,1
99.28,78.09,2.63,42.01,16497.5,378.77,24.28,7.49,135.64,3.77,48.56,84.57,3.04,34.3,18.22,1966.93,166.87,Normal,0
104.38,93.07,3.1,44.46,18217.3,396.27,13.9,7.36,136.33,3.69,49.72,87.33,3.47,28.04,19.5,2351.31,168.02,Normal,0
85.99,52.22,1.9,39.18,12966.0,349.17,14.49,6.89,136.26,4.13,47.57,86.49,3.61,36.08,16.27,1381.83,180.25,Normal,0
98.76,77.44,2.57,46.53,16558.9,370.4,12.83,7.61,133.32,3.72,49.29,85.17,3.56,29.32,17.87,2018.5,171.99,Normal,0
105.1,90.13,2.95,44.86,17706.6,399.56,17.71,7.81,135.6,3.85,49.01,85.28,3.24,26.94,19.04,2356.68,172.96,Normal,0
103.83,89.91,2.93,48.44,17861.1,395.21,9.91,8.5,131.76,3.64,48.56,84.18,3.51,23.74,19.77,2316.64,170.07,Normal,0
93.41,62.05,2.05,44.17,14220.0,355.46,9.04,7.96,132.6,4.14,48.35,83.08,3.53,20.12,15.82,1612.92,172.0,Normal,0
99.97,82.19,2.6,45.25,17132.2,378.83,16.71,7.05,134.78,3.88,49.43,85.57,3.71,25.43,18.52,2067.17,168.84,Normal,0
98.31,78.94,2.6,43.44,16386.7,385.4,13.87,7.5,132.35,4.0,50.67,86.0,3.47,26.27,19.01,1967.33,167.37,Normal,0
95.99,65.26,2.23,41.65,14683.5,360.38,16.81,7.71,131.82,3.97,49.0,82.83,3.58,29.37,16.1,1647.63,169.98,Normal,0
94.62,68.94,2.33,44.3,15087.1,360.59,11.47,7.26,133.22,3.89,47.93,85.75,3.32,35.2,16.49,1760.9,170.16,Normal,0
97.26,76.65,2.6,44.02,16124.1,372.73,13.52,7.77,137.87,3.9,48.72,86.71,3.25,27.28,17.42,1952.31,170.72,Normal,0
99.97,84.4,2.75,42.74,17313.5,391.65,10.95,7.75,138.89,4.09,50.51,86.13,3.56,24.29,17.38,2138.57,167.91,Normal,0
101.93,80.92,2.71,42.2,16801.1,368.27,12.6,7.93,134.92,3.74,49.22,87.22,3.56,35.47,19.83,2025.89,167.61,Normal,0
93.58,65.91,2.23,41.83,14745.0,359.55,7.67,7.78,136.46,3.55,47.87,85.06,3.29,32.68,17.33,1680.27,170.45,Normal,0
87.16,53.12,2.03,44.98,13514.8,354.97,6.56,7.6,133.59,3.87,48.47,84.56,3.18,24.14,15.64,1441.66,180.42,Normal,0
100.58,81.24,2.2,47.82,19764.8,437.78,7.98,7.28,129.84,3.69,48.87,85.67,3.42,21.34,17.94,2184.38,180.97,Turbocharger Fouling,1
102.86,83.37,2.92,44.98,16824.7,386.39,17.51,7.05,132.77,4.01,50.23,86.97,3.41,23.82,20.24,2062.47,166.02,Normal,0
104.88,92.15,3.01,45.6,17715.2,403.88,17.29,7.58,134.23,3.81,50.51,86.33,3.44,20.47,20.15,2320.74,169.86,Normal,0
92.7,57.65,2.0,42.11,13614.9,359.2,24.75,7.36,135.35,4.09,47.45,83.67,3.56,36.07,16.4,1550.67,177.71,Normal,0
95.59,68.99,2.26,42.12,15215.0,362.72,16.94,7.39,134.75,3.93,50.89,85.27,3.59,30.23,18.29,1736.68,169.15,Normal,0
105.08,88.81,2.23,47.17,19616.6,435.05,11.2,7.89,134.3,3.85,49.87,86.07,3.4,35.27,19.67,2409.03,181.68,Turbocharger Fouling,1
104.96,89.28,2.82,47.95,17959.2,398.84,12.72,7.98,133.56,3.87,47.35,85.32,3.22,34.41,19.18,2280.02,170.67,Normal,0
106.31,95.5,3.0,44.3,18196.2,406.89,6.52,7.07,135.86,4.04,50.68,87.05,3.27,21.06,19.71,2477.5,175.11,Normal,0
89.85,58.94,1.51,42.59,15024.8,406.77,11.25,7.43,131.59,3.99,46.05,84.47,3.29,26.86,16.24,1651.42,186.06,Turbocharger Fouling,1
103.21,86.27,2.77,44.23,17024.2,387.4,13.53,7.35,137.01,4.02,50.92,86.3,3.38,37.44,18.59,2220.76,169.99,Normal,0
102.53,84.04,2.77,44.09,16709.8,387.19,74.6,5.43,133.53,4.02,49.84,85.97,3.31,22.68,19.65,2384.27,184.23,Fuel Injector Clogged,3
105.31,94.54,3.15,47.34,18179.2,409.11,13.12,6.71,140.17,3.8,50.11,84.91,3.36,19.0,19.67,2452.24,173.33,Normal,0
92.37,62.16,2.13,41.0,14350.4,366.24,8.63,6.99,134.21,3.94,48.71,83.31,3.41,24.92,17.72,1633.31,173.48,Normal,0
100.58,77.26,2.73,44.88,16327.2,382.12,18.46,7.46,133.8,3.83,49.98,84.23,3.28,28.22,17.84,1948.06,170.34,Normal,0
105.41,86.55,2.73,46.02,17110.7,379.56,10.75,7.78,133.59,4.05,49.33,104.87,2.42,19.12,18.86,2185.64,167.38,Cooling System Issue,4
103.64,85.78,2.79,44.65,17044.5,385.03,9.6,7.53,133.82,3.72,49.77,87.34,3.73,26.53,18.88,2155.7,168.39,Normal,0
100.98,76.44,2.5,45.45,15663.1,373.77,12.46,7.74,136.52,3.79,49.47,85.0,3.37,23.07,17.72,1908.8,165.21,Normal,0
103.88,90.93,3.02,45.5,17913.9,405.02,10.71,7.57,134.89,3.79,47.13,86.09,3.28,22.24,19.29,2309.17,169.25,Normal,0
91.48,59.11,1.88,44.55,13728.2,351.98,13.53,7.95,137.47,3.79,49.17,85.41,3.46,23.28,16.95,1514.55,172.84,Normal,0
92.71,60.02,1.97,40.52,14368.4,365.05,16.41,8.02,136.16,3.87,49.38,83.97,3.26,20.11,17.42,1576.08,174.65,Normal,0
100.46,83.1,2.72,44.12,16977.6,379.31,11.26,7.23,135.08,4.04,50.11,84.83,3.37,19.53,19.07,2120.51,170.12,Normal,0
99.65,79.93,2.76,44.29,16453.8,375.99,11.35,7.81,135.93,3.98,49.89,86.46,3.28,29.92,17.88,2031.4,169.13,Normal,0
105.67,88.23,2.89,41.05,17387.6,394.14,16.44,7.68,137.99,3.78,51.48,86.21,3.21,36.96,19.02,2245.44,170.58,Normal,0
99.86,81.85,2.58,74.32,16402.5,394.86,63.44,8.38,136.64,3.99,49.55,84.6,3.24,34.09,18.43,2048.04,168.24,Scavenge Fire Warning,2
95.47,72.63,2.34,42.59,15278.2,369.1,14.01,7.22,135.7,4.22,49.17,84.41,3.28,34.68,18.92,1845.37,168.53,Normal,0
107.43,93.48,3.15,46.9,18047.6,376.34,12.21,7.46,136.06,3.87,49.47,85.84,3.21,32.7,20.47,2359.88,168.38,Normal,0
101.49,79.5,2.58,79.49,16284.1,366.87,54.82,7.14,132.12,4.1,47.58,85.58,3.63,37.12,19.28,1966.2,164.15,Scavenge Fire Warning,2
99.22,76.32,2.46,42.88,15820.6,377.79,10.03,7.16,141.43,4.02,49.81,86.55,3.48,37.01,17.83,1899.46,165.19,Normal,0
106.95,97.26,3.24,47.01,18740.2,389.77,16.53,7.63,136.32,3.77,49.75,86.53,3.57,33.57,19.48,2507.34,171.14,Normal,0
92.84,64.61,2.29,40.74,14689.5,353.84,9.89,7.57,136.57,3.97,46.9,83.4,3.16,32.32,17.48,1704.58,173.38,Normal,0
99.98,78.54,2.7,41.18,16216.5,378.27,13.39,7.69,134.93,3.96,49.37,84.2,3.35,24.11,18.19,1953.6,165.57,Normal,0
104.6,86.0,2.73,44.34,17676.2,367.91,8.27,7.68,129.26,3.74,49.68,85.81,3.48,19.82,19.35,2138.12,166.9,Normal,0
99.6,77.76,2.46,42.05,15835.8,374.16,13.55,7.42,134.34,3.5,49.18,105.75,2.8,19.86,18.63,1937.87,167.13,Cooling System Issue,4
99.15,71.46,2.41,41.6,15444.8,360.0,20.88,7.42,135.19,3.79,49.27,83.85,3.26,32.73,17.55,1835.7,171.67,Normal,0
102.34,87.79,2.89,45.88,17426.0,377.75,18.04,7.16,132.94,3.53,48.3,86.78,3.17,18.57,19.94,2226.53,168.83,Normal,0
97.7,74.08,2.5,45.24,15639.2,366.19,6.94,7.25,132.92,3.79,50.24,82.27,3.43,34.33,17.16,1896.4,168.8,Normal,0
104.0,90.45,3.05,46.42,17652.9,384.51,20.51,7.48,134.15,3.58,50.42,86.02,3.28,25.33,19.66,2310.64,170.46,Normal,0
91.87,64.2,2.06,44.8,14523.3,364.0,10.6,7.57,136.93,4.08,50.05,82.71,3.71,21.84,17.51,1705.93,174.54,Normal,0
101.72,84.01,2.82,46.58,16952.2,394.59,15.45,7.75,138.14,3.69,49.14,86.42,3.5,26.15,20.0,2148.85,168.41,Normal,0
97.84,73.22,2.36,40.66,15566.6,368.61,12.75,7.71,135.43,3.99,49.64,84.61,3.35,32.07,18.04,1820.45,165.16,Normal,0
103.03,85.24,2.86,45.5,16869.6,381.78,10.31,8.04,133.58,3.97,47.88,102.67,2.33,23.5,19.85,2166.08,168.67,Cooling System Issue,4
107.22,90.9,2.91,44.48,17506.7,390.31,14.76,7.16,134.09,3.94,49.17,85.17,3.38,21.47,20.35,2347.42,172.66,Normal,0
99.71,77.38,2.5,43.07,16109.5,367.86,10.44,7.42,135.25,3.61,48.03,86.69,3.07,32.76,19.75,1991.35,169.38,Normal,0
102.08,81.07,2.62,45.33,16544.8,371.02,88.42,5.63,135.55,4.04,49.82,83.0,3.41,35.61,18.9,2179.16,187.22,Fuel Injector Clogged,3
89.03,55.88,1.85,39.87,13441.5,336.68,10.39,7.95,136.09,4.04,47.33,85.29,3.31,29.71,17.54,1505.26,177.43,Normal,0
94.43,62.66,2.16,40.39,14308.3,347.69,9.99,7.32,133.9,4.07,48.3,83.78,3.51,28.48,17.44,1571.36,168.84,Normal,0
105.38,85.48,2.73,45.79,17070.2,399.91,16.99,7.9,136.32,4.13,49.76,85.87,3.24,33.1,18.2,2118.81,164.5,Normal,0
101.36,81.11,2.73,45.22,16592.2,375.87,29.3,8.01,136.13,3.99,49.16,85.74,3.52,32.65,18.72,2082.72,169.81,Normal,0
104.66,94.16,3.09,45.74,18082.0,374.16,18.79,7.64,134.01,3.65,48.84,84.1,3.5,18.13,19.4,2465.19,173.58,Normal,0
102.48,87.1,2.97,43.65,17723.0,384.18,17.67,7.6,130.7,3.95,51.48,86.68,3.43,23.64,20.19,2181.39,167.5,Normal,0
97.6,73.03,2.47,44.96,15452.5,358.56,12.94,7.51,132.79,3.68,49.32,85.39,3.63,36.64,18.04,1848.48,169.12,Normal,0
99.16,76.13,2.57,45.11,15934.2,375.63,16.41,7.39,138.92,3.89,51.0,85.19,3.06,37.2,17.44,1958.21,169.47,Normal,0
101.11,80.03,2.75,44.53,16343.9,379.64,11.25,7.35,130.77,3.8,48.48,85.66,3.48,28.21,19.13,2048.91,171.32,Normal,0
98.6,74.83,2.45,42.22,15691.1,373.99,22.33,7.45,138.29,3.9,48.91,85.14,3.39,29.2,18.9,1881.4,168.24,Normal,0
94.16,66.25,2.14,42.66,14787.0,362.49,7.42,8.14,130.68,3.71,48.98,102.19,2.4,18.01,17.05,1734.96,172.31,Cooling System Issue,4
101.52,84.95,2.79,46.05,17096.6,383.21,12.72,7.14,133.07,3.65,51.27,84.83,3.22,31.45,18.8,2195.35,172.35,Normal,0
104.03,88.13,2.75,47.04,17414.8,378.51,11.64,7.57,134.06,3.78,51.53,86.53,3.14,22.25,19.49,2225.66,168.43,Normal,0
108.5,95.29,3.26,45.13,18348.4,398.51,12.97,7.75,139.46,3.79,49.77,86.5,3.56,20.56,18.97,2480.74,171.63,Normal,0
102.78,83.14,2.84,44.28,16734.0,392.07,56.61,5.42,135.07,3.8,48.93,85.12,3.54,24.09,19.32,2248.49,185.15,Fuel Injector Clogged,3
105.24,90.84,3.12,45.02,17943.1,408.06,13.78,7.65,134.46,4.05,50.0,87.85,3.72,31.3,20.64,2273.39,167.65,Normal,0
100.39,77.39,2.57,84.42,16625.8,374.83,47.8,6.97,132.66,3.95,50.6,85.64,3.75,26.73,17.96,1974.41,169.85,Scavenge Fire Warning,2
98.63,77.2,2.61,43.3,15957.2,375.46,10.99,7.96,136.3,3.95,49.52,85.32,3.12,24.98,19.44,1974.88,170.51,Normal,0
105.12,93.82,2.99,41.16,18314.7,401.28,15.67,7.9,133.72,3.77,50.46,86.44,3.37,32.54,20.51,2425.78,173.19,Normal,0
103.27,89.74,2.98,46.97,17727.2,404.12,33.84,7.47,134.43,3.63,51.14,103.17,2.12,34.27,19.48,2264.84,167.36,Cooling System Issue,4
103.19,87.62,2.76,47.7,17599.5,385.63,10.93,7.19,134.1,3.85,50.89,86.95,3.57,35.38,19.7,2214.28,168.46,Normal,0
89.59,58.05,1.82,41.73,13909.4,358.1,14.76,7.78,136.8,4.24,49.6,84.3,3.66,26.9,17.47,1535.07,176.18,Normal,0
102.63,82.23,2.64,42.98,16823.6,376.2,19.95,7.1,136.9,3.9,50.32,103.53,2.37,32.36,18.9,2016.83,163.52,Cooling System Issue,4
104.62,92.4,2.87,45.19,18040.6,398.13,15.12,7.15,132.77,4.0,51.51,84.41,3.3,35.7,20.01,2357.28,171.22,Normal,0
102.91,88.96,3.01,44.84,17524.2,398.96,12.09,7.48,133.43,4.03,48.79,83.4,3.65,36.18,19.13,2295.73,172.96,Normal,0
105.21,86.44,2.97,46.41,17137.0,377.73,12.01,8.03,133.19,3.94,52.14,85.94,3.1,27.84,19.14,2192.17,170.9,Normal,0
104.51,92.03,2.86,88.46,17982.4,390.84,56.34,7.72,135.46,3.86,51.2,85.22,3.21,25.11,20.16,2299.65,165.35,Scavenge Fire Warning,2
95.21,68.11,2.41,42.26,14730.8,372.77,6.88,7.27,137.27,3.78,48.9,84.49,3.48,36.0,17.36,1746.12,170.92,Normal,0
100.98,80.44,2.73,42.46,16424.5,385.48,13.73,6.91,135.49,3.85,50.73,82.41,3.77,23.23,18.34,2047.28,168.43,Normal,0
103.72,92.12,2.85,46.67,18258.8,403.44,11.49,7.51,129.52,3.78,49.8,87.73,3.1,33.94,20.44,2352.69,170.75,Normal,0
106.68,92.41,2.96,46.29,18073.5,402.31,7.63,7.59,136.9,3.88,50.63,85.82,3.41,36.17,20.07,2381.08,170.53,Normal,0
88.96,54.45,1.88,43.95,13502.7,345.33,13.23,7.47,131.63,3.77,49.04,85.78,3.5,32.79,15.88,1422.55,177.14,Normal,0
88.9,52.32,1.42,40.73,14699.3,408.47,10.4,8.13,133.21,3.91,49.22,82.42,3.66,31.6,17.02,1458.47,183.41,Turbocharger Fouling,1
96.08,72.21,1.82,46.53,17945.3,404.28,8.91,7.45,135.5,3.97,48.79,85.01,3.48,19.01,19.13,1980.16,179.71,Turbocharger Fouling,1
101.11,81.76,2.68,41.92,16765.1,357.75,21.62,6.7,134.79,3.77,50.56,100.89,1.59,22.07,19.38,2055.41,169.3,Cooling System Issue,4
98.45,75.63,2.46,45.11,15887.6,372.28,9.39,7.36,137.18,3.76,48.96,85.19,3.17,31.33,17.47,1854.24,167.18,Normal,0
99.04,76.37,2.58,41.25,15868.0,371.71,8.66,7.66,133.47,3.78,50.17,85.34,3.65,33.7,18.5,1963.25,170.71,Normal,0
96.48,75.23,2.49,42.83,15694.1,380.4,7.99,7.64,132.58,3.86,49.37,98.72,1.97,19.27,18.5,1877.48,165.06,Cooling System Issue,4
101.36,82.35,2.66,46.93,16978.8,379.32,14.49,7.44,134.22,3.51,47.88,85.67,3.2,18.38,17.87,2034.45,164.63,Normal,0
86.16,53.85,1.89,90.62,13277.4,356.11,42.48,7.38,137.44,3.87,47.69,83.14,3.49,24.23,16.83,1450.34,178.43,Scavenge Fire Warning,2
104.65,89.87,3.08,77.62,18140.2,396.8,59.15,6.8,136.57,3.98,50.89,84.85,3.46,30.9,19.66,2272.79,168.1,Scavenge Fire Warning,2
96.92,78.14,2.55,43.47,16481.0,369.67,11.56,7.53,135.22,3.94,49.21,85.15,2.95,28.24,19.1,1993.29,170.0,Normal,0
100.88,87.01,2.75,45.11,17215.0,387.64,10.89,7.38,138.31,3.91,51.13,85.06,3.02,18.17,19.08,2205.42,167.88,Normal,0
92.91,61.66,2.17,43.7,14392.6,350.87,8.57,7.59,137.86,3.68,47.56,84.11,3.46,21.03,17.15,1603.5,175.76,Normal,0
98.85,78.2,2.58,46.13,16208.3,379.23,15.47,7.67,136.97,3.83,50.22,86.48,3.77,33.04,18.75,1955.84,166.6,Normal,0
104.38,93.4,2.9,75.63,18442.3,390.49,52.15,7.93,132.06,3.81,50.16,85.55,3.45,23.95,19.99,2405.58,170.98,Scavenge Fire Warning,2
100.4,76.74,2.73,41.72,15985.1,376.52,10.35,7.17,136.96,3.96,49.21,84.59,2.96,20.34,18.58,1883.23,164.19,Normal,0
104.09,88.52,2.85,45.32,17333.0,388.47,14.17,7.05,134.49,4.01,48.8,85.39,3.11,19.02,19.33,2247.47,168.98,Normal,0
102.42,82.71,2.69,43.93,16663.5,382.17,10.48,7.3,134.01,4.01,49.93,83.97,3.51,35.01,18.15,2069.78,168.26,Normal,0
95.14,68.78,2.34,41.55,14934.1,382.39,10.38,7.24,133.29,3.84,48.09,84.95,3.53,27.43,16.31,1778.91,172.31,Normal,0
110.69,98.54,3.3,46.33,18633.1,400.3,9.77,7.21,134.57,3.72,49.8,86.81,3.37,28.07,19.99,2504.05,170.14,Normal,0
101.87,85.72,2.67,44.54,17089.5,371.68,22.18,8.01,133.44,4.07,49.72,85.81,3.31,19.23,19.62,2151.52,167.93,Normal,0
108.64,96.02,3.11,46.14,18691.2,408.15,10.2,7.55,135.42,3.76,49.96,85.88,3.54,27.77,19.5,2525.64,174.76,Normal,0
95.24,68.74,2.49,42.16,15487.6,373.99,15.55,8.19,134.57,3.76,50.12,85.47,3.6,30.92,18.17,1758.12,173.07,Normal,0
91.93,65.76,2.25,43.99,14426.8,346.36,9.97,7.5,135.55,3.91,46.37,83.97,3.52,20.46,18.08,1654.23,169.37,Normal,0
104.33,88.67,2.78,43.12,17861.2,385.22,10.84,7.09,136.38,4.05,49.81,85.59,3.23,36.05,19.71,2241.99,167.76,Normal,0
103.74,87.66,2.8,90.92,17352.2,393.06,53.25,7.22,134.26,3.71,49.58,87.18,3.56,33.67,19.23,2173.5,165.48,Scavenge Fire Warning,2
99.04,80.12,2.66,44.04,16591.0,384.34,21.28,7.86,133.16,3.82,49.6,84.85,3.34,34.04,19.23,1956.87,163.75,Normal,0
103.28,90.3,3.03,98.82,17423.4,392.84,39.33,7.1,129.98,3.71,49.52,86.34,3.29,28.73,20.27,2293.29,168.81,Scavenge Fire Warning,2
98.15,75.13,2.48,45.19,16006.5,374.06,20.19,7.7,136.93,4.04,50.4,98.7,1.81,24.68,18.0,1866.13,167.07,Cooling System Issue,4
94.18,65.44,2.3,44.85,14238.8,354.29,9.35,7.38,135.2,3.98,48.69,83.71,3.4,30.81,17.27,1703.67,175.3,Normal,0
90.86,65.57,2.12,87.45,14764.8,342.76,63.54,7.17,134.56,4.08,49.08,85.45,3.5,22.51,16.74,1686.72,171.82,Scavenge Fire Warning,2
104.06,86.24,2.06,50.3,19776.3,457.22,12.49,7.99,137.93,4.09,50.77,84.72,3.04,20.74,19.36,2318.02,183.25,Turbocharger Fouling,1
93.25,65.61,1.82,43.31,16902.7,385.59,8.33,7.29,131.78,3.71,49.0,85.14,3.27,28.77,15.99,1828.33,186.38,Turbocharger Fouling,1
104.35,94.4,3.16,47.68,18138.1,399.41,10.42,7.21,135.14,3.71,48.98,85.03,3.32,27.57,19.79,2448.04,173.17,Normal,0
104.21,86.95,2.84,46.48,17490.2,387.42,12.5,7.47,132.59,3.79,49.49,85.82,3.59,21.01,18.75,2252.36,171.15,Normal,0
104.31,90.17,2.95,46.71,17857.8,399.9,8.12,7.32,136.64,3.85,49.93,85.76,3.24,28.61,19.51,2299.88,170.07,Normal,0
107.47,94.56,3.07,48.23,18274.1,399.12,18.38,8.28,129.43,3.9,48.61,85.92,3.34,28.93,19.51,2410.15,171.13,Normal,0
101.57,81.9,2.78,43.92,16885.3,383.6,13.05,7.87,137.01,3.8,48.97,85.6,3.55,35.43,17.63,2068.8,168.37,Normal,0
97.23,72.98,2.39,43.09,15600.8,350.14,10.56,7.29,136.91,3.8,49.22,84.28,3.41,33.18,17.54,1814.0,168.62,Normal,0
93.44,65.15,2.28,43.69,14759.8,354.77,11.36,7.33,132.69,4.08,50.94,83.21,3.68,22.35,16.9,1687.89,170.25,Normal,0
102.4,83.81,2.68,44.43,16948.0,390.71,18.33,6.79,135.17,3.95,50.14,85.45,3.37,34.36,19.6,2123.05,170.3,Normal,0
95.02,69.18,2.5,44.01,15195.0,371.71,20.12,7.55,132.75,3.97,49.27,86.09,3.74,37.38,17.19,1760.62,169.37,Normal,0
93.43,66.89,2.21,45.7,14987.8,356.0,9.56,7.24,136.07,3.61,50.7,85.38,3.77,32.33,16.85,1693.59,168.55,Normal,0
95.75,68.1,2.24,42.73,14925.4,352.51,8.55,7.53,137.05,4.11,49.65,85.26,3.48,33.74,16.75,1726.61,170.16,Normal,0
102.54,86.01,2.85,44.42,16980.1,388.53,16.36,6.81,132.49,3.88,50.6,100.83,2.39,23.33,19.86,2212.5,169.98,Cooling System Issue,4
99.16,77.29,2.57,44.45,16222.5,353.36,8.88,7.49,131.76,3.87,49.07,85.32,3.5,37.84,18.21,1946.2,165.2,Normal,0
100.24,76.88,2.58,43.81,16371.2,366.91,15.14,8.09,137.74,3.77,48.19,84.08,3.55,21.53,18.47,1921.55,167.61,Normal,0
94.31,66.89,2.29,40.48,14926.7,377.69,9.24,7.52,139.85,3.84,49.27,84.17,3.42,33.02,16.43,1706.0,168.98,Normal,0
97.0,72.41,2.34,42.92,15620.8,382.07,9.22,7.23,136.24,3.78,51.08,85.32,3.61,25.9,16.83,1866.64,173.23,Normal,0
102.84,88.17,3.0,46.08,17511.7,394.11,7.62,7.49,136.42,3.55,51.48,83.35,3.49,25.14,18.83,2257.31,169.18,Normal,0
91.93,60.63,2.17,45.01,14241.8,358.25,25.67,7.48,134.17,3.83,49.39,86.5,3.65,23.7,17.73,1626.33,176.73,Normal,0
103.03,85.76,2.91,43.13,17178.7,371.59,20.17,8.27,135.45,3.62,49.17,83.83,3.14,26.82,18.49,2188.89,168.99,Normal,0
106.28,92.41,2.95,43.65,17951.9,389.59,11.53,7.38,135.88,3.82,48.61,87.96,3.44,33.82,19.4,2345.27,170.98,Normal,0
101.72,85.27,2.82,44.87,17402.4,384.23,13.92,7.08,134.54,3.69,49.02,84.4,3.58,36.82,19.11,2144.53,168.29,Normal,0
95.43,70.19,1.86,40.5,17743.5,420.3,13.77,7.51,138.37,4.03,49.38,83.79,3.19,26.32,17.29,1894.51,178.48,Turbocharger Fouling,1
102.91,84.14,2.85,44.06,17212.9,382.37,25.86,7.57,135.44,3.61,49.32,84.89,3.48,31.03,19.28,2112.71,168.11,Normal,0
96.48,70.63,2.47,41.05,15571.9,378.68,14.85,7.7,135.76,4.1,50.18,95.49,2.26,33.76,17.21,1799.8,168.0,Cooling System Issue,4
97.51,76.09,2.55,46.14,16136.0,370.78,17.62,7.76,134.6,4.02,47.93,84.32,3.71,19.99,17.57,1892.68,168.21,Normal,0
102.45,81.49,2.56,43.37,16412.0,379.14,71.07,6.51,134.85,3.71,49.54,84.82,3.34,37.21,20.37,2208.8,183.16,Fuel Injector Clogged,3
98.97,81.81,2.83,47.02,16732.1,388.18,9.49,7.29,138.05,3.86,48.91,99.7,2.49,22.23,18.21,2077.61,168.4,Cooling System Issue,4
103.79,86.37,2.86,46.58,17251.8,376.61,9.97,7.26,135.36,3.73,50.88,84.38,3.3,36.3,19.68,2142.65,166.2,Normal,0
95.85,73.29,2.4,42.89,15552.0,364.89,20.14,6.85,135.42,3.99,49.84,85.94,3.37,37.73,17.4,1863.95,168.86,Normal,0
98.23,70.16,2.4,84.86,15301.7,361.8,63.41,7.73,135.46,4.19,48.33,86.5,3.69,20.01,16.74,1796.75,170.09,Scavenge Fire Warning,2
103.4,92.57,2.87,45.12,18240.8,396.16,9.09,7.19,134.09,4.01,51.02,83.37,3.39,35.85,19.74,2401.02,173.21,Normal,0
103.32,84.08,2.84,44.57,16908.7,382.34,13.47,7.81,131.48,3.76,48.16,87.59,3.27,30.82,18.18,2146.16,168.88,Normal,0
104.18,90.02,2.8,45.72,17714.5,390.02,19.87,7.33,138.93,3.86,48.26,86.53,3.37,34.36,19.32,2273.42,168.97,Normal,0
103.98,90.39,2.91,44.07,17746.2,387.67,27.09,8.1,137.67,4.07,49.18,85.92,3.31,20.18,19.11,2299.18,168.36,Normal,0
92.34,62.05,2.16,86.74,14512.7,349.0,77.94,7.0,138.12,4.03,46.81,83.79,3.32,34.69,17.65,1624.02,174.26,Scavenge Fire Warning,2
105.11,90.19,3.01,45.61,17717.5,397.61,6.26,7.86,132.32,3.99,49.95,85.81,3.3,30.52,18.64,2286.57,169.36,Normal,0
99.06,79.72,2.64,43.87,16193.2,376.95,11.51,7.82,138.61,3.98,49.51,86.27,3.31,28.21,18.98,1987.56,166.5,Normal,0
104.77,93.88,3.08,44.44,17888.8,402.3,8.41,7.68,139.92,3.84,49.82,88.89,3.19,29.2,20.09,2389.96,171.2,Normal,0
98.02,72.98,2.44,43.56,15702.5,362.33,9.64,7.11,137.61,3.9,49.82,87.55,3.41,32.89,17.8,1801.13,165.03,Normal,0
105.75,99.45,2.53,44.73,21269.0,460.84,13.65,7.69,139.12,3.62,49.75,84.14,3.22,23.95,19.99,2743.85,189.39,Turbocharger Fouling,1
99.79,80.56,2.66,44.53,16717.6,378.94,13.62,7.54,136.99,3.76,48.33,84.97,3.61,36.87,18.76,2015.38,166.44,Normal,0
101.59,74.59,1.81,44.1,17965.7,428.14,6.29,6.86,132.88,3.77,48.56,85.08,3.34,24.15,18.22,2040.03,175.14,Turbocharger Fouling,1
102.14,87.5,2.72,45.39,17318.8,395.41,9.65,8.05,136.27,3.8,48.72,87.11,3.47,35.54,19.55,2275.24,172.83,Normal,0
97.5,70.51,2.31,46.29,15020.5,364.69,24.26,7.38,132.45,3.93,48.56,84.72,3.47,18.24,17.54,1770.08,168.38,Normal,0
92.52,64.31,2.22,42.95,14634.6,366.36,7.9,8.02,133.51,3.93,49.49,83.67,3.07,36.33,16.42,1667.54,173.27,Normal,0
105.27,91.01,2.93,46.79,18019.0,396.76,79.98,5.31,135.79,3.87,48.34,85.7,3.35,35.03,20.17,2647.94,189.9,Fuel Injector Clogged,3
103.62,86.32,2.8,45.25,17364.2,387.04,10.61,7.84,135.46,3.95,49.54,84.99,3.71,20.48,19.2,2210.01,170.31,Normal,0
97.81,71.25,2.37,43.34,15167.0,361.45,12.74,7.2,136.16,3.85,50.16,100.37,2.17,32.74,17.4,1840.19,169.89,Cooling System Issue,4
105.78,94.61,2.98,45.39,18162.3,404.32,21.01,7.58,130.52,3.93,51.33,88.65,3.81,25.48,19.39,2407.55,168.99,Normal,0
105.7,87.55,2.81,44.92,17495.0,382.02,11.72,7.55,134.61,4.02,49.26,86.59,3.5,27.6,19.87,2202.57,167.55,Normal,0
92.15,63.55,2.15,43.5,14072.5,359.27,24.94,7.39,136.37,4.01,51.07,85.68,3.49,19.37,17.87,1619.5,169.73,Normal,0
104.5,89.85,2.92,43.75,17678.2,391.88,7.82,7.2,136.87,3.76,48.99,87.08,3.44,22.25,19.88,2269.12,168.75,Normal,0
103.38,86.96,2.87,42.76,17703.3,387.04,18.2,6.43,137.03,3.99,49.68,105.26,2.0,37.07,19.65,2191.89,168.05,Cooling System Issue,4
104.01,92.82,2.98,46.41,18063.2,392.91,17.25,7.2,135.63,3.9,49.01,85.23,3.6,26.36,20.52,2358.78,168.64,Normal,0
99.08,78.01,2.5,45.59,15923.3,370.93,23.67,7.75,134.05,3.98,49.94,103.81,2.37,18.52,18.19,1968.66,169.15,Cooling System Issue,4
98.99,76.55,2.43,45.24,15935.1,362.75,16.04,7.01,136.25,4.12,52.25,86.38,3.32,28.3,19.55,1925.92,167.19,Normal,0
100.63,82.14,2.91,44.8,16628.5,393.9,12.16,7.08,134.25,3.98,51.54,85.63,3.14,37.89,18.17,2060.16,167.34,Normal,0
99.95,72.5,2.34,44.95,16033.3,366.69,9.43,7.0,137.25,4.15,50.11,83.72,3.55,24.66,17.74,1827.81,165.71,Normal,0
99.21,79.9,2.6,45.46,16853.9,378.85,11.37,7.57,136.07,3.86,48.99,86.77,3.41,20.82,18.13,2019.57,168.14,Normal,0
100.85,78.04,2.63,45.42,16415.3,376.47,62.93,5.1,134.85,3.82,49.34,84.19,3.25,30.87,18.45,2215.9,186.91,Fuel Injector Clogged,3
101.6,80.75,2.69,43.17,16517.7,389.7,17.8,7.93,133.08,4.05,50.75,83.88,3.3,36.4,19.71,2007.52,166.81,Normal,0
101.94,84.13,2.8,43.08,17280.0,400.62,12.7,7.76,137.8,3.72,50.54,84.31,3.39,35.18,18.85,2154.81,169.02,Normal,0
95.45,71.3,2.36,43.12,15163.6,370.41,12.04,7.57,136.4,4.2,49.29,104.11,1.83,31.14,18.03,1819.13,169.37,Cooling System Issue,4
105.83,96.57,3.12,45.7,18808.0,399.46,11.07,7.61,140.26,4.01,50.49,87.03,3.41,21.68,18.43,2530.69,173.29,Normal,0
104.36,91.86,2.98,44.99,18186.4,385.83,16.85,7.23,136.32,3.85,51.19,101.79,2.18,33.69,19.98,2358.55,171.37,Cooling System Issue,4
99.34,82.96,2.7,41.82,16836.7,372.15,12.01,7.23,136.52,4.05,51.04,84.65,3.3,34.46,19.48,2109.99,169.56,Normal,0
90.47,61.17,2.13,45.48,14396.5,342.27,13.19,7.75,131.34,4.05,47.25,83.48,3.19,34.99,16.88,1600.28,176.66,Normal,0
102.57,90.19,3.01,44.8,17675.0,386.37,13.1,7.82,135.78,3.65,50.29,86.53,3.44,26.08,18.93,2324.92,169.81,Normal,0
98.35,71.85,2.41,44.01,15202.9,353.09,15.95,7.75,134.21,3.79,49.81,84.76,3.22,26.18,17.11,1806.51,167.1,Normal,0
107.8,97.42,3.13,93.56,18892.3,410.4,62.16,7.34,137.07,3.85,49.85,86.31,3.3,21.1,19.92,2536.69,171.69,Scavenge Fire Warning,2
100.57,78.49,2.68,40.76,16292.8,381.5,20.99,7.36,135.84,3.91,50.81,101.09,2.68,33.45,17.73,1963.68,167.23,Cooling System Issue,4
96.95,70.78,2.46,42.89,15479.8,366.46,19.83,7.17,137.46,4.11,48.9,85.19,3.56,32.74,18.67,1784.72,167.44,Normal,0
98.81,76.13,2.66,43.51,16416.7,384.04,11.01,7.77,140.33,3.94,50.73,85.51,3.51,19.99,18.51,1878.51,163.2,Normal,0
101.47,78.7,2.46,43.79,16178.9,369.81,26.61,6.81,133.0,3.69,49.17,88.06,3.63,18.4,19.34,1994.01,168.49,Normal,0
99.39,79.68,2.04,44.11,18412.4,424.21,15.4,6.73,137.37,3.8,49.84,85.67,3.49,37.03,18.4,2117.44,179.36,Turbocharger Fouling,1
96.25,70.51,2.42,45.81,15659.2,352.67,29.27,6.8,136.71,4.03,49.41,84.36,3.15,18.35,17.24,1824.54,173.18,Normal,0
103.05,84.62,2.7,45.78,17224.8,391.97,14.58,6.75,139.95,3.59,51.47,85.6,3.16,30.57,18.62,2178.29,172.02,Normal,0
100.67,84.89,2.8,46.23,16956.9,379.63,11.38,7.97,136.76,3.65,50.56,84.26,2.91,27.07,18.79,2201.07,169.72,Normal,0
96.17,62.74,2.24,43.09,14132.5,358.55,10.51,7.78,136.5,3.89,48.37,83.36,3.44,33.55,16.66,1624.38,173.59,Normal,0
103.65,88.3,2.81,77.28,17421.9,398.4,44.46,7.08,137.13,3.99,49.7,87.03,3.21,19.75,20.12,2187.2,167.38,Scavenge Fire Warning,2
98.73,76.01,2.56,40.96,15839.1,385.98,14.09,7.46,137.3,3.86,49.14,85.41,3.3,31.65,18.77,1923.09,168.62,Normal,0
97.58,70.38,1.92,41.34,17536.9,401.33,14.38,8.01,138.64,3.99,49.19,86.16,3.34,30.3,17.85,1884.3,181.69,Turbocharger Fouling,1
101.53,80.43,2.57,44.97,16570.8,383.61,55.03,6.0,132.95,3.88,48.67,83.27,3.29,35.07,17.64,2226.08,189.79,Fuel Injector Clogged,3
101.69,83.36,2.72,44.72,16980.9,376.96,14.92,8.24,134.02,3.85,49.67,84.16,3.39,28.37,19.1,2074.15,166.63,Normal,0
88.59,54.91,1.96,42.08,13178.8,362.1,8.17,7.46,139.34,3.88,49.84,84.55,3.35,32.57,16.03,1464.31,178.28,Normal,0
104.55,95.49,3.01,45.09,18420.7,398.03,48.67,6.03,130.1,3.94,51.62,84.83,3.33,26.75,20.92,2571.62,183.21,Fuel Injector Clogged,3
95.11,69.74,2.28,46.6,14765.5,367.82,8.75,7.12,134.79,3.73,47.57,83.08,3.12,37.68,18.16,1864.21,175.65,Normal,0
100.72,79.61,2.62,43.13,16483.4,376.26,15.1,7.51,135.37,3.85,47.86,83.89,3.44,29.19,18.65,2044.49,170.9,Normal,0
100.09,78.34,2.66,45.66,16551.2,387.52,13.7,7.83,134.56,4.06,48.93,84.75,3.79,33.07,17.18,2007.63,170.7,Normal,0
104.61,87.11,2.89,44.97,17075.6,390.49,19.75,7.53,138.95,3.74,48.14,85.98,3.45,19.86,19.19,2187.59,166.21,Normal,0
103.46,88.29,2.8,44.97,17643.0,396.45,11.5,7.37,136.19,3.61,48.71,87.59,3.81,27.26,19.0,2236.36,165.79,Normal,0
100.27,84.07,2.81,46.49,16874.3,387.92,19.7,7.94,134.03,3.55,50.13,84.1,3.3,19.29,19.23,2122.59,168.8,Normal,0
88.16,52.07,1.79,44.36,13185.6,343.33,12.35,7.69,133.41,4.09,48.31,82.88,3.35,20.43,15.26,1403.44,179.09,Normal,0
93.82,62.02,2.01,42.6,14287.3,364.96,16.74,7.46,135.7,4.06,47.07,82.74,3.4,28.12,17.05,1654.4,176.55,Normal,0
103.45,85.18,2.76,46.01,17236.2,389.23,9.79,7.23,137.91,3.81,51.0,102.7,2.32,25.05,17.76,2178.01,169.66,Cooling System Issue,4
99.34,78.29,2.68,44.81,16300.4,370.17,13.11,7.41,135.35,3.7,49.1,85.28,3.61,27.2,17.61,1986.0,167.96,Normal,0
102.32,81.94,2.75,44.57,17034.7,374.51,12.6,7.67,134.66,3.85,49.17,84.12,3.01,27.92,18.26,2115.72,171.02,Normal,0
106.46,85.09,2.78,45.11,17212.8,387.55,20.25,7.23,133.26,4.04,50.85,96.21,1.86,21.2,18.76,2147.74,168.75,Cooling System Issue,4
103.38,87.35,2.81,43.96,17264.1,396.45,12.59,7.07,135.94,3.66,50.34,85.35,3.7,25.32,19.53,2235.88,169.27,Normal,0
102.53,89.57,2.88,44.71,17717.4,405.07,12.64,7.33,135.8,4.0,49.99,99.99,2.01,35.21,18.52,2301.8,171.46,Cooling System Issue,4
98.48,77.46,2.58,76.35,16100.9,362.6,64.52,7.48,133.19,3.64,48.99,83.85,3.57,35.13,17.97,1941.5,166.74,Scavenge Fire Warning,2
99.93,77.44,2.48,45.55,16215.9,377.01,17.86,7.98,137.57,3.72,50.05,85.31,3.51,27.81,17.99,1985.54,170.14,Normal,0
96.94,76.71,2.52,43.99,15996.4,379.8,11.67,7.09,139.27,3.91,49.02,83.42,3.39,32.98,18.7,1937.32,169.29,Normal,0
101.5,82.51,2.69,42.65,16664.8,385.5,16.06,7.58,135.12,4.01,49.48,85.36,3.46,33.07,18.72,2064.13,166.25,Normal,0
104.11,88.41,2.77,43.99,17594.9,398.58,18.58,7.4,135.76,4.07,48.8,85.32,3.38,18.88,18.82,2303.19,172.98,Normal,0
104.38,85.59,2.73,40.05,17211.0,392.23,13.53,7.42,132.24,4.01,50.99,85.9,3.02,30.22,18.48,2122.73,167.55,Normal,0
108.24,96.34,3.13,44.97,18776.6,392.54,17.58,8.04,136.84,4.05,51.89,101.63,2.48,34.09,19.82,2459.43,168.74,Cooling System Issue,4
99.63,76.07,2.53,44.14,15917.8,366.97,13.1,7.53,136.16,3.92,49.64,95.6,1.79,29.88,17.24,1889.64,166.68,Cooling System Issue,4
104.25,96.82,3.09,45.54,18166.2,403.52,20.31,7.18,134.18,3.72,49.87,85.87,3.15,28.83,21.17,2475.37,170.17,Normal,0
95.26,66.26,2.18,46.27,14701.9,370.74,7.13,7.81,133.14,4.11,49.92,82.27,3.47,28.62,17.29,1724.64,171.22,Normal,0
98.22,73.29,2.58,44.73,15303.2,372.76,9.32,7.79,139.62,4.11,49.89,87.3,3.46,28.16,17.41,1899.77,171.92,Normal,0
89.46,56.26,1.91,43.3,13623.7,337.7,11.17,7.15,135.96,4.11,48.09,82.02,3.58,33.57,15.71,1508.86,176.95,Normal,0
93.23,68.73,2.34,41.03,14722.5,357.53,17.56,7.08,132.71,4.02,50.24,84.65,3.35,30.85,16.8,1800.9,173.08,Normal,0
102.39,87.56,2.81,44.46,17228.2,394.99,14.87,7.64,137.14,4.06,49.52,82.44,3.55,22.31,19.54,2238.55,170.99,Normal,0
98.61,79.4,2.63,88.94,16344.8,376.46,40.94,7.49,135.57,3.93,48.29,84.19,3.4,26.67,17.55,1921.78,162.67,Scavenge Fire Warning,2
101.28,88.52,2.92,83.73,17904.5,391.59,56.27,7.34,135.15,3.84,49.92,87.62,3.46,28.57,19.3,2275.25,170.89,Scavenge Fire Warning,2
100.88,81.51,2.57,81.04,16452.7,390.41,33.27,7.87,137.45,3.98,50.75,86.63,3.48,26.38,19.09,2050.94,166.87,Scavenge Fire Warning,2
91.41,62.55,2.15,40.29,14321.7,348.57,52.85,6.07,128.47,4.02,48.92,85.68,3.16,22.75,16.59,1797.91,196.54,Fuel Injector Clogged,3
102.41,77.63,2.67,42.3,16331.8,373.73,7.63,7.65,130.48,4.02,48.32,84.87,3.47,20.49,17.77,1967.72,167.97,Normal,0
105.1,92.69,3.14,46.73,18413.2,391.68,71.74,5.79,138.45,3.81,49.77,87.69,3.42,20.35,20.31,2599.38,192.58,Fuel Injector Clogged,3
102.55,81.78,2.68,74.75,16893.2,385.06,50.12,7.38,134.68,4.01,50.88,85.58,3.35,23.93,18.09,2085.26,168.92,Scavenge Fire Warning,2
98.88,81.21,2.68,43.74,16891.6,387.69,58.63,4.58,133.93,4.0,49.93,86.08,3.42,26.05,18.55,2176.01,184.25,Fuel Injector Clogged,3
101.61,84.84,2.95,44.78,17295.8,374.21,11.8,7.36,131.66,3.89,49.8,88.57,3.86,31.66,19.13,2189.1,170.51,Normal,0
91.27,60.12,2.17,44.56,13748.6,355.1,63.55,5.15,135.48,3.85,48.57,85.71,3.05,37.7,16.35,1637.17,182.9,Fuel Injector Clogged,3
97.23,75.44,2.46,44.04,16009.0,381.25,20.87,7.85,135.79,4.08,50.47,84.94,3.38,35.95,17.45,1915.45,170.48,Normal,0
99.78,80.07,2.59,45.22,16695.7,365.25,8.94,7.32,138.6,3.7,50.62,85.82,3.55,34.27,18.27,2049.95,167.57,Normal,0
97.16,73.41,1.97,42.6,17611.1,422.96,20.0,8.1,135.93,3.76,47.9,86.62,3.18,34.27,18.18,1999.86,181.68,Turbocharger Fouling,1
97.91,75.15,2.42,43.08,15765.9,364.21,71.96,4.96,134.24,3.92,50.32,85.75,3.47,29.92,17.7,2045.55,189.32,Fuel Injector Clogged,3
106.84,90.89,3.03,45.8,17684.0,388.47,10.48,7.56,136.01,3.46,50.61,86.58,3.45,23.06,19.91,2256.67,166.8,Normal,0
92.79,62.5,2.18,45.84,14482.0,338.08,25.67,7.42,137.77,4.18,50.41,86.05,3.11,27.44,16.78,1642.23,174.47,Normal,0
106.33,93.9,3.07,47.66,18222.4,408.52,13.91,7.97,137.23,3.83,50.16,88.79,3.29,20.85,19.56,2414.6,170.58,Normal,0
106.29,93.6,3.0,46.36,18129.9,394.16,10.98,6.98,136.55,4.06,51.35,84.62,3.72,29.33,19.46,2389.71,170.58,Normal,0
105.63,91.61,2.91,45.56,17669.9,388.06,16.22,7.65,135.69,4.1,50.59,86.51,3.11,18.46,19.84,2242.6,165.54,Normal,0
87.94,54.18,2.03,44.44,13257.3,350.35,74.89,5.5,133.55,3.96,47.32,84.72,3.32,21.79,16.82,1641.27,199.51,Fuel Injector Clogged,3
96.67,72.57,1.82,45.0,17563.4,419.52,13.97,8.04,132.42,4.11,50.29,84.44,3.37,32.25,17.97,1966.03,176.71,Turbocharger Fouling,1
104.96,91.26,2.92,90.43,17960.6,384.97,45.62,7.21,132.02,3.68,50.92,84.87,3.4,23.54,19.09,2308.23,168.97,Scavenge Fire Warning,2
105.73,90.17,2.92,43.63,17520.1,404.8,14.83,7.65,135.98,3.9,49.41,87.59,3.33,26.4,20.22,2267.72,167.7,Normal,0
104.23,86.44,2.84,45.42,17343.5,402.51,16.64,7.21,136.25,3.78,50.18,84.23,3.41,34.64,18.68,2194.41,170.18,Normal,0
98.22,75.89,2.44,41.39,15889.6,370.13,12.43,7.57,137.74,4.0,51.52,83.34,3.39,18.89,19.25,1942.33,168.95,Normal,0
100.67,78.8,2.56,42.96,16074.6,387.03,24.97,7.37,136.4,4.02,49.06,84.48,3.53,18.45,18.39,1996.92,168.03,Normal,0
99.92,79.76,2.58,43.33,16177.7,382.55,14.58,7.37,137.63,3.86,50.32,83.05,3.55,22.58,18.05,1993.57,166.02,Normal,0
94.15,66.17,2.32,42.91,14512.7,351.41,17.94,6.8,134.67,4.02,47.88,83.63,3.48,31.69,17.62,1736.72,171.47,Normal,0
100.55,82.07,2.63,44.13,16712.8,375.16,18.17,7.65,136.93,4.01,49.12,84.02,3.44,22.72,18.61,2064.37,168.55,Normal,0
100.1,80.13,2.5,43.98,16543.1,392.57,8.0,7.12,132.5,3.91,50.42,85.31,3.12,35.27,18.88,2070.12,170.63,Normal,0
101.77,79.77,2.48,45.62,16531.1,368.3,16.25,7.11,134.85,4.26,49.85,86.93,3.42,25.04,18.63,1948.3,165.61,Normal,0
106.4,95.33,2.95,45.23,18483.6,417.41,16.9,6.96,130.42,3.8,50.09,85.11,3.6,23.67,19.23,2441.84,170.09,Normal,0
100.11,79.27,2.73,43.76,16241.8,374.52,10.92,7.13,135.08,4.13,51.27,102.37,2.23,22.66,18.49,2077.78,171.9,Cooling System Issue,4
98.43,79.78,2.64,42.36,16705.4,392.37,10.35,7.68,138.06,4.05,48.67,86.09,3.16,29.48,18.88,1999.3,168.38,Normal,0
101.28,83.39,2.77,46.21,16826.1,381.79,7.96,7.66,135.18,3.59,49.61,82.67,3.67,35.13,18.99,2134.49,168.68,Normal,0
97.05,73.2,2.49,42.85,15749.6,377.9,21.69,7.73,136.8,4.13,49.79,104.88,1.97,26.12,18.71,1852.83,170.62,Cooling System Issue,4
103.33,90.13,2.93,43.58,17729.5,403.82,70.26,5.63,135.68,4.0,49.18,85.15,3.38,23.05,19.75,2626.85,193.65,Fuel Injector Clogged,3
103.28,87.38,2.84,45.31,17505.2,400.35,8.06,7.58,133.57,3.87,50.44,85.95,3.3,26.42,19.16,2175.33,166.49,Normal,0
104.97,93.17,3.09,44.3,18099.2,391.79,11.61,7.28,134.53,3.88,51.27,86.41,3.66,36.1,19.98,2434.15,174.97,Normal,0
102.24,84.59,2.78,43.98,17160.4,378.88,9.22,7.83,137.95,3.94,49.69,85.78,3.45,24.69,18.74,2126.55,168.23,Normal,0
107.32,97.74,3.25,46.21,18715.5,401.52,53.38,6.27,136.79,4.02,49.71,84.84,3.54,31.11,20.5,2871.8,195.44,Fuel Injector Clogged,3
105.69,96.81,3.16,45.26,18780.3,390.61,30.51,7.27,133.46,3.75,50.04,85.11,3.41,24.59,20.41,2500.62,172.36,Normal,0
101.62,84.48,2.72,48.23,16880.3,387.52,68.88,6.19,131.53,4.1,47.12,83.58,3.76,31.5,18.28,2459.3,188.06,Fuel Injector Clogged,3
106.75,96.3,3.06,45.59,18148.5,393.81,9.94,7.68,135.52,3.65,51.34,85.93,3.27,35.62,20.61,2516.86,173.9,Normal,0
102.68,82.42,2.65,45.52,16588.8,391.69,13.7,7.01,133.55,3.61,49.97,84.86,3.46,29.97,20.17,2078.18,167.8,Normal,0
97.02,71.8,2.51,40.83,15709.8,365.19,7.99,6.91,134.56,4.0,49.05,85.51,3.63,36.95,18.15,1795.97,166.76,Normal,0
91.84,63.1,2.13,41.76,14353.0,344.93,12.64,7.03,131.36,4.14,47.17,85.36,3.67,30.03,15.78,1619.36,171.8,Normal,0
104.75,89.99,2.86,43.57,17769.2,403.7,16.47,8.08,137.6,3.81,51.16,85.2,3.35,37.5,19.29,2258.32,166.82,Normal,0
105.21,87.16,2.21,43.54,19687.3,423.68,14.24,7.14,134.76,3.51,49.48,85.83,3.04,32.47,18.51,2326.6,180.63,Turbocharger Fouling,1
106.52,93.01,3.0,46.06,18140.7,396.5,15.42,8.16,135.14,3.6,50.75,85.46,3.33,31.06,19.66,2365.29,169.18,Normal,0
104.56,89.05,2.92,46.68,17406.5,400.07,12.48,7.13,132.92,3.91,50.0,84.23,3.71,34.6,19.87,2257.78,169.02,Normal,0
93.16,62.39,2.3,43.51,14106.4,364.96,11.05,7.09,134.31,3.95,47.19,83.54,3.26,18.22,16.5,1627.38,175.0,Normal,0
98.38,71.67,2.04,43.39,17267.7,409.41,15.53,7.81,135.31,4.11,50.49,82.14,3.45,23.14,18.94,1992.43,180.5,Turbocharger Fouling,1
104.46,87.18,2.84,44.03,17495.3,385.38,15.11,7.82,133.47,3.86,51.0,85.01,3.34,22.32,17.55,2212.88,169.54,Normal,0
107.98,98.06,3.03,47.52,18879.3,393.68,8.93,7.69,134.46,3.7,51.18,85.21,3.39,20.22,20.17,2488.77,171.3,Normal,0
108.6,98.13,3.11,48.96,18893.6,390.95,13.62,7.74,138.47,3.85,50.73,84.61,3.64,36.76,20.55,2574.7,173.9,Normal,0
101.49,86.22,2.87,45.1,16927.6,392.4,12.78,7.22,130.62,4.01,48.68,86.43,3.45,20.62,18.46,2163.46,166.99,Normal,0
98.27,79.55,2.53,45.77,16442.4,382.58,16.64,7.79,135.46,4.08,50.45,85.81,3.77,23.26,17.9,2016.21,168.99,Normal,0
94.53,66.66,2.44,98.14,14788.6,369.41,60.53,7.58,133.04,3.92,51.2,85.33,3.58,24.7,17.79,1688.15,168.06,Scavenge Fire Warning,2
100.79,81.08,2.67,45.62,16297.7,391.6,5.33,7.37,138.34,3.89,49.76,86.07,3.42,30.49,19.86,2061.43,170.43,Normal,0
96.78,73.42,2.46,42.13,15680.6,377.97,20.76,7.53,134.55,4.02,49.44,84.93,3.38,33.35,19.2,1882.04,169.05,Normal,0
107.58,96.13,3.04,93.34,18460.6,407.06,48.34,7.87,132.38,3.7,49.22,85.83,3.46,30.09,19.92,2496.33,171.87,Scavenge Fire Warning,2
94.56,72.0,2.46,44.35,15612.5,353.38,19.39,7.64,134.46,4.02,47.17,85.88,3.18,32.98,18.65,1815.77,169.74,Normal,0
98.1,76.43,2.45,45.93,16071.6,373.08,16.83,6.74,135.87,3.86,49.08,85.86,3.21,26.04,18.22,1916.09,167.96,Normal,0
105.52,94.81,3.23,44.36,18230.2,406.23,19.02,7.81,141.94,3.81,51.75,87.03,3.54,37.92,20.56,2448.01,171.43,Normal,0
90.14,62.02,2.24,39.91,14456.1,348.18,11.39,7.79,129.73,3.95,50.13,84.43,3.57,21.4,16.77,1635.73,175.43,Normal,0
105.34,88.14,2.95,44.3,17028.9,390.91,18.17,7.37,132.0,3.87,49.9,84.34,3.16,26.0,18.69,2261.97,171.11,Normal,0
97.08,76.35,2.43,45.62,16029.8,379.6,12.81,7.54,138.26,4.18,49.87,85.34,3.55,34.64,19.21,1949.27,169.63,Normal,0
102.34,86.87,2.85,42.57,16970.6,392.13,8.06,7.54,131.23,3.78,48.69,84.78,3.37,22.94,20.37,2176.79,169.21,Normal,0
106.92,94.09,3.13,43.76,18061.0,400.57,18.06,6.81,135.02,3.76,50.35,86.55,3.25,33.02,19.69,2390.44,170.35,Normal,0
99.52,76.42,2.59,44.35,16168.5,380.32,14.28,7.36,133.79,4.11,48.91,85.4,3.34,25.29,18.82,1943.65,170.34,Normal,0
95.94,73.05,2.37,43.67,15351.0,372.76,96.54,5.28,133.4,3.97,49.34,84.98,3.56,21.55,17.85,1973.0,177.47,Fuel Injector Clogged,3
92.68,61.53,2.07,43.81,13877.9,345.21,13.56,7.44,134.57,4.07,48.49,83.99,3.51,26.07,18.15,1598.39,176.69,Normal,0
104.55,89.82,2.88,43.34,18251.7,396.33,9.85,7.32,134.17,3.69,49.75,86.79,3.45,33.7,18.64,2304.88,170.87,Normal,0
98.72,70.05,2.31,43.12,14957.4,369.84,10.67,7.73,137.64,3.96,50.15,85.91,3.47,20.24,17.55,1800.08,171.85,Normal,0
107.01,95.95,3.21,47.47,18856.8,388.34,12.04,7.22,138.32,3.94,52.28,85.17,3.19,28.32,19.25,2496.08,172.75,Normal,0
98.44,76.13,2.38,82.71,15977.9,386.2,69.25,7.82,136.07,3.79,49.26,83.57,3.5,32.83,17.28,1930.28,167.98,Scavenge Fire Warning,2
101.93,86.63,2.88,47.15,17213.2,392.56,19.13,7.72,134.41,3.95,51.32,85.68,3.32,33.03,19.16,2241.74,170.56,Normal,0
90.39,60.39,1.99,41.23,14173.0,344.44,63.6,5.98,135.65,3.93,47.48,85.84,3.76,25.79,16.47,1731.56,185.41,Fuel Injector Clogged,3
99.83,81.35,2.6,45.78,16963.2,375.15,8.87,8.11,137.01,3.78,49.57,83.74,3.33,27.33,18.12,2023.75,166.85,Normal,0
105.82,89.74,2.75,44.62,17465.5,387.66,14.51,8.11,137.5,3.99,48.74,86.15,3.8,35.14,20.03,2276.21,169.04,Normal,0
98.76,76.41,2.03,42.4,17809.8,417.22,20.4,7.09,135.93,4.07,49.13,84.07,3.37,22.17,19.04,2037.16,172.47,Turbocharger Fouling,1
98.53,74.38,2.6,43.2,15983.3,375.31,13.68,7.62,138.82,3.92,50.06,83.75,3.38,37.85,18.37,1900.35,169.75,Normal,0
100.98,77.4,2.59,45.01,16238.6,368.94,15.38,7.25,133.46,3.96,50.6,86.21,3.35,26.38,17.23,1982.67,170.63,Normal,0
94.81,73.89,2.37,80.16,15978.3,381.38,50.39,8.65,137.85,4.1,48.55,85.74,3.17,23.51,18.22,1848.66,165.14,Scavenge Fire Warning,2
103.43,83.98,2.83,46.4,17110.5,393.34,12.61,7.71,136.76,3.8,50.24,85.18,3.64,18.05,19.18,2102.79,167.41,Normal,0
100.97,81.55,2.78,46.68,17091.2,386.89,19.44,8.0,133.47,3.93,50.9,86.21,3.42,20.5,18.24,2068.82,167.7,Normal,0
86.13,49.8,1.8,40.21,12764.4,342.61,17.44,7.65,135.58,3.94,49.33,84.81,3.51,33.13,15.94,1388.03,182.33,Normal,0
102.42,87.8,3.02,43.14,17523.6,397.25,88.66,4.96,135.75,3.7,50.21,83.73,3.69,30.98,19.04,2454.29,188.75,Fuel Injector Clogged,3
100.07,81.73,2.75,42.58,16786.7,379.95,11.06,7.23,134.64,3.81,49.09,102.44,2.07,22.93,18.27,2030.0,167.49,Cooling System Issue,4
103.12,85.57,2.85,43.5,17164.6,381.16,10.27,7.26,134.62,3.69,49.16,87.12,3.38,36.54,18.42,2188.6,170.35,Normal,0
102.05,77.46,2.5,45.85,16369.0,386.35,8.14,7.36,131.19,3.95,48.64,85.67,3.43,34.71,18.86,1979.82,168.27,Normal,0
105.5,90.07,2.31,46.05,20432.2,452.52,12.0,7.63,133.28,3.72,50.02,82.46,3.17,23.39,20.33,2413.34,181.78,Turbocharger Fouling,1
92.7,60.17,2.1,42.0,14194.9,349.74,12.87,7.68,134.4,3.75,47.88,83.12,3.07,24.6,16.63,1553.09,174.36,Normal,0
105.85,94.76,3.09,45.56,18553.0,395.11,10.11,6.58,133.57,3.93,50.94,86.99,3.13,21.7,20.59,2417.59,168.74,Normal,0
102.11,86.31,2.76,47.01,17383.4,382.0,15.53,7.42,132.86,3.96,50.11,84.78,3.62,30.85,20.12,2188.18,168.09,Normal,0
96.95,74.45,2.49,94.24,15916.5,389.24,59.69,7.33,137.65,3.85,49.53,86.32,3.34,32.02,18.15,1892.34,168.11,Scavenge Fire Warning,2
97.88,75.78,2.46,44.45,15750.3,374.76,15.26,7.98,134.74,4.0,47.57,87.49,3.54,25.92,18.15,1915.95,167.06,Normal,0
99.47,84.08,2.58,40.74,16888.5,386.36,9.18,7.71,140.42,3.74,49.81,85.08,3.35,32.74,19.27,2177.61,173.31,Normal,0
103.22,89.54,2.99,45.61,17877.9,397.69,10.36,7.44,135.56,3.79,49.57,84.84,3.12,37.83,19.0,2325.55,171.97,Normal,0
99.16,79.0,2.49,83.15,16687.7,369.02,59.9,7.58,137.6,3.95,51.72,83.95,3.56,30.24,18.83,1985.94,168.41,Scavenge Fire Warning,2
105.65,94.16,3.05,45.87,17843.6,406.48,19.97,6.91,134.48,3.98,48.96,86.68,3.24,30.99,20.04,2409.79,171.86,Normal,0
101.3,82.13,2.73,45.66,16641.7,377.8,12.43,7.73,133.35,3.81,49.49,84.56,3.5,25.48,18.02,2070.89,169.1,Normal,0
101.09,80.94,2.06,45.01,19192.6,448.72,6.89,7.36,135.66,3.79,50.03,84.76,3.57,18.21,17.91,2226.65,182.5,Turbocharger Fouling,1
91.62,61.09,2.09,41.04,13943.3,353.87,11.96,7.22,138.24,4.1,47.78,83.11,3.39,37.08,16.21,1611.19,176.49,Normal,0
105.24,94.38,3.06,44.22,18116.6,406.28,13.15,7.96,134.78,3.91,52.18,85.26,3.49,33.45,20.27,2470.68,172.96,Normal,0
99.81,84.65,2.81,44.29,17186.1,365.84,23.32,7.6,136.12,3.88,51.76,84.54,3.14,31.91,18.84,2103.67,164.35,Normal,0
100.18,81.47,2.74,46.12,17031.9,372.44,6.87,7.27,135.64,4.05,48.81,82.88,3.93,18.6,18.72,2083.98,169.7,Normal,0
97.64,76.58,2.68,42.98,15625.1,373.37,17.64,7.29,134.75,4.19,48.85,84.06,3.48,33.18,19.09,1933.22,166.5,Normal,0
92.81,62.33,2.16,43.67,14253.5,341.66,43.92,6.11,134.88,4.01,50.95,85.39,3.54,31.4,17.19,1748.17,193.81,Fuel Injector Clogged,3
105.33,89.9,2.92,45.65,17839.5,397.18,11.16,7.6,132.5,3.75,51.44,87.21,3.57,29.38,19.16,2326.13,171.43,Normal,0
102.73,83.25,2.66,47.04,17078.4,386.57,15.07,7.51,134.97,3.94,49.38,85.2,3.37,30.47,18.32,2062.05,164.43,Normal,0
97.58,71.71,2.44,43.67,15533.8,361.71,61.63,4.82,136.63,3.79,49.66,84.91,3.41,36.37,18.0,1964.3,193.25,Fuel Injector Clogged,3
99.58,78.77,2.66,41.67,16733.3,378.33,83.17,5.54,135.74,4.07,48.16,85.49,3.6,18.13,17.9,2249.91,189.74,Fuel Injector Clogged,3
97.51,75.03,2.49,44.97,15885.4,380.24,11.29,7.24,135.46,3.79,51.57,87.36,3.33,21.14,18.88,1900.11,169.04,Normal,0
101.08,84.19,2.8,47.94,17312.7,368.42,12.37,7.43,136.81,3.83,49.86,84.16,3.47,35.9,19.15,2143.23,169.93,Normal,0
101.82,88.35,2.85,46.14,17401.8,380.25,10.21,7.49,135.49,3.72,50.56,84.02,3.48,18.16,19.47,2270.16,171.34,Normal,0
99.18,74.69,2.54,42.79,15848.7,370.68,22.32,7.44,135.03,3.93,48.43,84.93,3.27,36.07,17.52,1882.57,168.87,Normal,0
100.0,79.87,2.71,42.77,16217.4,380.03,14.26,7.46,136.84,3.91,48.46,85.67,3.48,18.59,18.96,2053.55,169.55,Normal,0
104.37,94.18,3.11,44.1,18470.4,397.25,17.04,8.16,135.34,3.93,50.69,85.73,3.1,33.59,20.62,2369.68,169.06,Normal,0
97.39,75.59,2.53,47.05,15921.7,381.6,12.42,7.8,134.41,3.92,51.32,83.39,3.57,35.82,18.1,1908.42,169.92,Normal,0
93.01,66.05,2.17,42.79,14834.7,366.38,6.86,7.92,136.17,3.94,48.43,85.7,3.68,30.25,17.83,1691.23,172.14,Normal,0
98.64,76.06,1.82,43.09,17432.2,421.78,12.39,7.66,134.91,3.81,48.44,84.88,3.56,30.83,17.98,2057.02,185.41,Turbocharger Fouling,1
93.49,62.24,2.19,42.74,14408.6,346.68,19.27,7.53,134.3,3.91,49.11,85.15,3.67,19.01,16.88,1605.09,173.08,Normal,0
105.63,94.67,3.25,45.1,18421.0,399.49,7.22,7.64,135.39,3.61,51.9,87.65,3.26,22.22,21.25,2465.37,171.84,Normal,0
92.19,67.84,2.27,45.78,14760.8,362.34,46.03,5.98,135.42,4.14,48.41,82.96,3.36,35.99,17.22,1881.09,190.42,Fuel Injector Clogged,3
106.67,96.97,3.15,44.24,18414.9,412.91,15.98,7.78,132.24,3.8,50.11,103.81,2.42,34.47,20.54,2504.56,172.32,Cooling System Issue,4
92.02,62.24,2.1,44.75,14273.5,359.19,11.57,7.16,135.83,4.2,49.64,85.17,3.42,19.19,16.68,1605.03,173.96,Normal,0
101.15,82.81,2.64,44.81,16996.6,378.16,10.49,7.75,139.62,3.85,50.67,103.77,2.32,34.26,19.04,2098.85,169.53,Cooling System Issue,4
100.67,82.81,2.66,46.44,17261.1,390.33,14.04,7.56,132.55,3.58,49.44,84.83,3.24,26.47,19.28,2139.86,171.54,Normal,0
102.97,86.02,2.64,47.26,17319.6,392.04,9.84,6.87,133.74,3.79,50.97,84.76,3.71,29.21,18.63,2196.93,169.47,Normal,0
102.48,85.23,2.89,44.95,17375.2,379.96,7.81,7.53,141.95,3.86,50.36,85.84,3.25,20.17,18.67,2165.38,168.22,Normal,0
99.82,79.01,2.43,43.85,16021.9,375.98,11.6,7.04,132.94,3.89,49.57,84.36,3.7,25.97,18.85,1989.56,169.13,Normal,0
99.57,77.19,2.54,44.27,16592.0,373.84,24.57,7.31,138.22,3.99,50.38,85.68,3.49,26.7,18.43,1923.62,167.0,Normal,0
103.32,88.87,2.79,44.97,17742.4,400.91,15.77,7.44,134.43,3.87,50.76,84.27,3.44,31.39,20.15,2302.95,171.83,Normal,0
102.39,86.68,2.76,42.45,17324.3,389.98,10.97,6.97,135.15,3.8,48.85,83.98,3.5,31.15,19.4,2174.7,167.28,Normal,0
101.08,78.02,2.69,46.57,16216.0,383.34,16.03,7.48,134.67,3.75,50.99,85.14,3.67,28.98,19.53,1956.36,167.25,Normal,0
105.75,92.1,2.51,45.74,20397.8,439.46,20.42,7.52,136.06,3.77,50.49,85.81,2.93,18.63,20.17,2430.65,176.01,Turbocharger Fouling,1
102.12,82.09,2.62,42.82,16580.7,385.29,10.16,7.76,131.05,3.96,51.07,85.64,3.46,21.23,19.93,2086.48,168.23,Normal,0
101.09,78.48,2.55,41.18,16729.9,388.52,16.02,7.34,135.47,4.01,49.58,86.91,3.43,21.21,19.47,1982.74,169.33,Normal,0
105.13,90.58,2.87,41.75,17604.4,390.33,11.5,7.6,133.99,3.74,50.32,104.01,1.9,35.75,19.22,2348.67,172.98,Cooling System Issue,4
104.95,88.87,2.88,46.27,17387.1,392.01,21.39,7.47,130.34,4.0,50.4,86.1,3.57,36.03,20.33,2251.98,169.07,Normal,0
97.55,78.08,2.6,43.32,16105.6,366.69,10.92,7.35,137.8,3.97,50.06,86.09,3.29,34.13,18.98,1948.5,167.61,Normal,0
95.24,68.05,2.46,42.76,14742.8,358.94,11.37,6.92,129.73,3.79,50.59,85.04,3.19,21.5,17.99,1686.77,164.8,Normal,0
102.98,87.26,2.14,45.71,20192.3,431.14,15.36,7.46,140.37,3.89,50.39,86.91,3.15,34.8,20.0,2317.86,181.83,Turbocharger Fouling,1
106.75,91.22,2.95,44.52,18141.8,385.54,9.72,7.76,136.54,3.89,50.08,86.09,3.24,21.75,19.48,2325.2,169.94,Normal,0
105.6,90.55,2.91,46.06,17684.7,403.77,9.53,7.17,131.6,3.68,51.08,84.96,3.52,29.09,19.8,2314.77,169.7,Normal,0
94.71,69.07,1.78,43.67,16212.0,392.47,21.01,7.42,138.35,3.72,49.54,83.86,3.49,32.68,17.31,1896.67,180.21,Turbocharger Fouling,1
102.07,83.3,2.76,44.54,16976.8,390.42,19.29,7.48,133.12,3.94,52.7,107.64,2.06,19.03,20.3,2101.57,169.26,Cooling System Issue,4
89.06,55.71,2.01,40.1,13450.9,351.13,17.27,7.89,133.24,3.91,48.8,84.01,3.32,29.96,15.84,1473.85,176.02,Normal,0
96.18,69.44,2.37,42.33,15400.5,367.05,10.4,7.51,130.5,4.15,50.36,87.08,3.33,23.02,16.83,1750.51,167.86,Normal,0
103.05,90.0,2.85,46.1,17649.5,404.38,27.9,7.6,132.84,4.1,50.93,84.27,3.7,27.96,19.06,2248.47,167.18,Normal,0
106.96,95.98,3.18,44.66,18440.2,381.89,13.28,7.5,133.13,3.89,48.27,87.34,3.58,25.68,20.09,2448.04,170.94,Normal,0
103.42,88.52,2.94,46.89,17531.6,389.08,13.91,7.33,137.05,3.99,49.25,85.03,3.54,31.73,19.37,2257.28,169.84,Normal,0
101.27,81.63,2.02,48.05,18451.4,433.75,23.91,7.1,137.92,3.72,49.23,85.75,3.07,27.78,19.29,2075.4,173.05,Turbocharger Fouling,1
96.35,72.95,2.54,44.82,15531.9,355.49,12.89,7.4,131.9,3.71,47.78,83.36,3.75,24.03,17.95,1827.43,168.48,Normal,0
95.0,69.59,2.38,45.81,15076.2,357.42,43.77,5.8,135.68,3.9,48.74,82.58,3.38,36.21,17.31,2015.46,186.28,Fuel Injector Clogged,3
108.33,97.02,3.24,46.84,18220.7,401.42,16.66,7.54,130.4,3.62,48.99,87.66,3.43,37.18,20.51,2459.9,170.28,Normal,0
103.14,90.33,2.96,44.43,17667.0,387.11,14.03,8.02,135.69,3.88,48.96,85.09,3.48,34.04,20.28,2286.03,169.24,Normal,0
94.96,70.52,2.36,43.94,15472.1,375.32,88.28,6.13,140.41,3.8,49.41,86.0,3.43,29.61,17.82,1925.39,189.72,Fuel Injector Clogged,3
101.25,82.54,2.71,47.62,17005.0,381.47,22.14,7.93,130.55,3.9,51.63,84.51,3.37,35.69,19.36,2023.51,162.68,Normal,0
92.79,65.34,2.23,42.44,14563.4,359.07,22.72,6.79,132.46,3.91,47.58,100.4,2.32,30.03,17.26,1679.25,169.62,Cooling System Issue,4
99.62,81.03,2.63,42.92,16914.1,378.72,48.73,5.65,136.82,3.97,48.43,84.73,3.51,20.98,18.54,2273.35,181.24,Fuel Injector Clogged,3
103.61,87.98,2.99,43.34,17490.9,389.18,11.6,7.59,137.11,3.9,49.43,84.07,3.55,18.35,19.78,2219.93,170.5,Normal,0
97.04,76.66,2.57,43.81,15788.2,372.48,6.57,7.64,132.65,3.83,49.3,85.84,3.62,32.52,18.42,1935.85,169.13,Normal,0
100.17,82.72,2.72,77.69,16475.9,376.58,59.71,7.81,138.68,3.66,48.18,86.44,3.2,33.05,19.46,2076.86,166.03,Scavenge Fire Warning,2
97.22,67.53,2.32,45.91,15209.7,372.33,80.13,5.44,132.96,3.95,48.34,85.47,3.3,36.52,18.34,1969.81,196.44,Fuel Injector Clogged,3
106.45,94.28,3.28,45.87,18202.7,392.85,21.21,7.13,139.18,3.56,49.45,85.6,3.55,34.48,19.89,2439.22,172.51,Normal,0
103.87,91.28,2.87,46.76,17642.5,391.03,12.61,8.01,136.17,4.02,50.43,83.55,3.12,30.79,20.06,2316.04,169.39,Normal,0
101.32,81.35,2.61,44.06,16172.3,385.13,18.58,7.23,138.18,3.95,50.09,83.97,3.43,21.81,19.37,2068.98,168.69,Normal,0
101.97,82.48,1.93,42.89,18527.6,426.72,10.59,7.15,135.93,4.0,49.56,84.46,3.26,29.88,19.08,2227.58,174.17,Turbocharger Fouling,1
106.67,93.14,2.99,43.49,18231.7,389.28,8.99,7.42,136.64,3.68,49.81,85.42,3.5,26.69,20.15,2291.33,165.67,Normal,0
102.02,84.66,2.79,43.41,16929.4,391.87,13.15,7.36,136.78,3.91,49.1,86.74,3.25,22.64,19.13,2103.52,168.51,Normal,0
101.0,78.97,2.57,44.84,16139.3,383.01,14.66,7.5,137.86,3.78,49.61,85.02,3.34,33.98,18.66,1967.7,165.29,Normal,0
90.78,64.32,2.16,43.93,14418.6,361.82,10.11,7.47,134.92,3.97,47.92,82.04,3.35,20.99,17.42,1648.79,171.24,Normal,0
99.43,81.06,2.68,45.39,16906.1,377.88,8.6,7.97,132.75,3.73,51.19,82.13,3.44,30.61,18.34,2062.77,168.84,Normal,0
105.6,92.97,2.96,78.9,17814.9,392.96,50.94,7.66,134.8,3.82,48.69,84.89,3.57,30.22,18.81,2319.64,166.64,Scavenge Fire Warning,2
91.28,59.59,2.09,78.92,13807.0,352.87,46.98,7.2,133.33,3.75,48.03,83.77,3.59,24.07,16.61,1568.93,174.66,Scavenge Fire Warning,2
90.03,60.06,2.17,41.27,14273.9,345.22,13.13,7.25,133.49,3.94,49.57,84.83,3.44,26.58,16.6,1580.12,175.62,Normal,0
98.78,75.79,2.58,95.56,16082.9,374.43,55.89,7.36,139.14,3.65,49.01,83.29,3.2,20.33,19.17,1854.95,164.11,Scavenge Fire Warning,2
97.72,75.79,2.59,44.78,16012.7,381.87,9.86,7.37,136.56,4.16,50.08,83.37,3.86,18.51,18.38,1922.93,169.68,Normal,0
105.13,93.11,3.09,43.69,17995.5,403.39,61.42,5.18,136.44,3.85,51.91,86.27,3.38,18.26,20.18,2754.92,186.1,Fuel Injector Clogged,3
99.9,76.25,2.56,45.55,16037.8,372.26,12.27,7.11,137.68,3.9,50.26,86.65,3.45,21.49,18.0,1927.21,167.7,Normal,0
102.82,83.56,2.73,48.19,16827.2,392.97,7.99,7.6,136.54,3.97,48.56,82.99,3.44,35.34,18.58,2124.2,169.67,Normal,0
101.13,85.05,2.72,46.06,16942.3,401.56,20.2,7.34,139.67,3.66,48.67,84.48,3.46,28.45,18.58,2106.46,166.37,Normal,0
101.08,85.12,2.75,76.17,16902.0,383.87,41.56,7.17,129.76,3.74,49.64,86.74,3.25,20.34,18.33,2198.43,170.23,Scavenge Fire Warning,2
103.68,89.76,2.24,44.71,20233.8,461.83,19.01,7.67,132.51,3.92,50.48,86.71,3.48,36.11,19.96,2422.43,179.53,Turbocharger Fouling,1
102.34,85.17,2.84,44.5,17133.0,368.36,10.69,7.8,133.25,3.88,51.04,84.3,3.73,29.38,19.28,2177.39,168.84,Normal,0
93.0,65.49,2.26,42.1,14755.1,351.79,9.26,7.41,131.56,3.83,48.16,86.01,3.04,18.56,18.11,1668.08,171.48,Normal,0
100.06,76.59,2.6,44.51,16107.7,376.47,13.82,8.12,135.28,3.99,48.96,97.48,2.07,33.25,18.61,1937.43,168.96,Cooling System Issue,4
105.94,93.27,2.92,43.75,18255.2,388.53,12.0,8.28,135.4,3.87,49.95,86.52,3.2,27.47,20.01,2388.28,170.51,Normal,0
104.85,90.24,3.04,42.38,17724.3,409.12,10.92,7.67,139.94,3.91,49.79,84.76,3.58,28.66,18.38,2278.95,167.63,Normal,0
99.6,82.07,2.66,44.9,16653.0,387.37,14.11,7.34,137.26,3.93,51.19,85.63,3.61,30.26,19.94,2037.04,167.77,Normal,0
106.45,92.03,2.89,45.39,17824.9,402.77,8.43,7.59,133.73,3.73,50.04,104.72,2.2,19.89,19.77,2320.08,170.08,Cooling System Issue,4
94.94,75.46,2.48,43.18,15620.8,374.09,13.52,7.07,136.24,3.89,49.55,84.36,3.41,36.95,16.92,1868.48,165.96,Normal,0
102.17,82.21,2.9,42.65,16529.6,374.74,13.88,7.19,130.43,3.59,50.61,84.93,3.24,23.11,18.95,2078.1,167.85,Normal,0
99.65,75.92,2.49,44.51,15910.2,370.76,10.66,6.91,135.36,3.82,51.01,85.21,2.98,30.44,17.73,1904.64,168.13,Normal,0
104.9,93.0,2.98,43.95,17772.4,398.29,5.64,7.28,135.22,3.79,50.15,88.61,3.35,35.11,19.33,2362.55,169.49,Normal,0
100.59,77.18,2.55,43.97,15843.1,371.37,12.2,7.07,132.74,3.99,50.73,88.16,3.36,24.64,18.49,1955.19,168.82,Normal,0
102.54,85.78,2.02,47.51,19941.0,428.22,12.06,7.72,134.5,3.93,51.69,84.97,3.41,30.55,18.8,2339.33,179.99,Turbocharger Fouling,1
93.69,65.13,2.16,44.19,14690.0,367.1,11.63,7.24,133.27,3.83,48.82,86.38,2.81,37.78,17.8,1682.59,169.99,Normal,0
105.33,91.7,2.98,43.28,17863.1,394.67,7.34,7.6,132.67,3.72,49.56,84.34,3.09,35.04,19.64,2331.27,170.35,Normal,0
101.81,74.68,2.58,42.06,16335.4,358.75,13.58,7.76,136.69,4.1,51.55,85.47,3.13,33.59,18.34,1876.2,170.24,Normal,0
101.99,80.29,2.67,90.8,16173.6,394.08,59.45,7.91,137.58,3.83,50.73,84.39,3.41,26.79,18.97,1984.25,165.98,Scavenge Fire Warning,2
104.33,88.0,2.01,42.98,19386.1,419.51,11.81,7.38,136.27,3.87,49.97,84.98,3.51,27.03,19.51,2290.04,173.98,Turbocharger Fouling,1
104.92,94.58,3.02,42.56,18298.3,419.9,8.46,7.61,133.9,3.94,50.91,88.98,3.19,27.71,20.11,2404.65,169.31,Normal,0
101.48,82.54,2.67,45.4,16990.4,388.4,75.03,5.88,133.34,3.86,48.67,84.84,3.35,31.81,18.93,2329.53,184.55,Fuel Injector Clogged,3
97.58,76.0,2.53,44.56,16024.3,373.32,22.34,7.95,133.98,3.87,50.53,84.26,3.3,20.89,19.12,1916.39,167.33,Normal,0
103.54,85.63,2.9,45.53,16792.1,390.62,9.42,7.77,134.45,3.81,48.05,84.22,3.77,35.22,19.64,2160.41,166.0,Normal,0
104.7,90.67,2.93,45.65,17855.1,377.19,9.52,7.96,132.82,3.76,51.15,84.7,3.33,18.36,19.2,2343.14,172.25,Normal,0
102.81,89.72,2.91,45.08,17788.7,400.36,80.0,4.8,137.63,3.86,49.32,83.88,3.32,21.4,18.86,2532.2,187.64,Fuel Injector Clogged,3
104.25,89.7,3.05,44.18,17229.9,412.66,12.19,7.27,134.49,3.57,48.38,85.86,3.25,27.64,19.04,2268.07,169.07,Normal,0
97.42,75.73,2.59,44.83,16394.4,357.95,7.21,7.86,136.91,3.84,47.41,85.28,3.06,23.04,18.45,1932.66,169.75,Normal,0
105.33,92.28,3.03,47.68,18103.3,393.05,25.35,7.7,131.5,3.91,49.68,86.1,3.52,25.31,19.1,2370.04,171.6,Normal,0
102.99,89.36,3.06,44.4,17817.4,390.85,51.14,5.29,133.28,3.91,50.73,85.56,3.35,24.65,19.1,2461.64,184.38,Fuel Injector Clogged,3
103.28,87.36,2.89,43.46,17164.0,396.21,6.96,7.33,137.15,4.06,48.54,84.81,3.33,23.38,18.49,2197.21,167.48,Normal,0
102.74,83.85,2.59,43.01,17133.2,401.66,8.65,7.78,137.18,3.99,48.54,84.57,3.43,25.61,19.52,2144.61,169.34,Normal,0
102.84,86.49,2.89,43.62,17551.1,391.18,81.24,5.21,131.99,3.92,49.4,85.65,3.12,28.11,19.61,2372.29,186.43,Fuel Injector Clogged,3
102.46,86.57,2.7,45.23,17377.4,405.35,17.42,7.78,135.76,3.86,50.7,85.4,3.72,27.53,19.75,2199.76,169.46,Normal,0
101.39,82.13,2.74,88.62,16764.8,384.03,61.07,7.53,135.82,3.8,50.63,84.52,3.07,34.24,18.52,2109.11,170.81,Scavenge Fire Warning,2
93.01,62.17,2.0,43.63,14074.8,361.33,9.63,7.33,133.23,4.03,48.94,84.14,3.72,24.16,15.85,1602.09,170.38,Normal,0
89.66,59.8,2.04,43.75,13926.9,357.37,14.46,7.68,135.89,4.01,49.67,86.24,3.4,23.64,16.18,1547.56,174.89,Normal,0
103.42,87.03,2.81,42.26,17265.5,398.54,22.21,7.36,131.05,3.8,50.6,87.85,3.33,28.09,18.46,2210.08,169.02,Normal,0
95.69,66.16,1.81,41.82,16904.5,404.04,6.07,7.51,132.68,3.81,48.56,84.38,3.52,18.96,16.47,1813.32,187.37,Turbocharger Fouling,1
101.35,80.97,2.64,44.6,16434.4,387.76,59.55,5.09,136.5,3.87,50.55,84.36,3.34,20.24,19.37,2364.08,191.66,Fuel Injector Clogged,3
104.29,89.87,3.0,44.97,17857.9,382.49,10.68,7.76,135.07,4.01,48.76,85.54,3.57,34.06,19.39,2336.6,172.96,Normal,0
104.88,89.59,2.39,45.95,19309.5,423.95,7.71,7.56,135.2,3.86,50.52,86.95,3.46,27.87,19.68,2427.42,186.15,Turbocharger Fouling,1
103.15,85.74,2.84,44.65,17160.2,382.09,19.92,6.83,134.56,3.86,48.69,85.38,3.53,19.33,19.81,2126.72,167.3,Normal,0
101.33,80.4,2.57,46.33,16686.0,381.21,12.53,7.01,136.34,3.94,49.76,105.98,2.6,26.81,18.03,2013.49,167.16,Cooling System Issue,4
95.04,73.5,2.44,92.56,15532.6,369.35,60.75,7.12,136.46,3.98,50.53,84.15,3.37,25.97,18.35,1888.14,170.08,Scavenge Fire Warning,2
105.62,98.57,3.19,44.41,18964.8,412.27,53.32,5.16,136.98,3.84,50.65,84.54,3.57,22.92,19.49,2870.14,188.59,Fuel Injector Clogged,3
104.7,88.01,2.78,79.02,17622.8,382.98,70.51,7.69,135.31,3.84,49.95,86.43,3.49,25.44,19.51,2229.62,168.5,Scavenge Fire Warning,2
105.28,97.49,3.02,46.9,18626.4,388.01,10.06,8.08,134.03,3.73,50.61,86.13,3.64,21.77,20.9,2495.79,171.11,Normal,0
96.12,69.44,2.38,43.6,15435.4,355.94,6.8,7.14,133.61,4.07,49.79,85.56,3.33,26.98,16.91,1738.72,167.32,Normal,0
91.91,62.49,2.24,43.95,14328.7,366.07,11.95,7.96,132.36,3.89,50.95,82.45,3.65,26.17,17.43,1606.93,173.09,Normal,0
97.86,77.15,2.55,45.09,16386.2,368.68,18.18,6.82,133.99,4.13,50.12,105.61,1.8,30.15,18.46,1985.8,169.7,Cooling System Issue,4
102.94,85.54,2.76,41.81,17586.8,390.11,25.02,7.51,133.48,3.88,49.35,85.72,3.04,36.84,18.85,2186.64,169.66,Normal,0
102.81,85.66,2.81,43.14,17154.9,384.72,11.66,7.59,139.0,3.87,49.65,83.26,3.15,21.71,18.42,2165.25,168.72,Normal,0
100.09,73.71,2.47,42.37,15856.0,378.73,16.88,7.58,132.38,4.02,48.42,86.13,3.34,26.35,18.15,1864.49,167.89,Normal,0
103.76,90.62,2.96,44.03,17686.7,391.42,10.0,7.39,137.59,3.74,48.84,85.18,3.45,29.24,19.9,2290.57,168.64,Normal,0
99.27,73.66,2.26,43.26,15480.4,394.19,11.01,7.54,134.33,3.99,46.88,84.98,3.4,28.94,17.81,1877.66,170.35,Normal,0
95.3,67.8,1.72,44.92,16942.9,412.19,12.44,7.07,134.48,3.95,48.59,84.14,3.54,31.23,16.85,1822.51,179.92,Turbocharger Fouling,1
94.48,68.64,2.25,45.29,14780.3,363.28,23.0,7.8,136.0,3.99,47.68,84.63,3.18,23.36,17.98,1727.48,168.86,Normal,0
101.64,81.01,2.68,44.04,16420.2,377.65,16.63,7.59,131.45,3.77,49.74,85.18,3.71,30.69,19.41,2057.39,168.84,Normal,0
100.31,78.5,2.61,43.9,16442.5,403.18,15.68,7.63,133.0,3.78,49.02,83.14,3.64,22.02,19.03,1971.19,166.07,Normal,0
104.29,89.92,2.97,44.14,17627.1,383.77,22.46,7.4,131.9,3.57,48.96,86.64,3.57,20.51,20.5,2283.17,169.65,Normal,0
93.24,63.7,1.77,43.23,17064.5,391.24,9.61,7.39,134.05,3.88,46.76,84.68,3.63,34.63,16.66,1704.83,184.82,Turbocharger Fouling,1
96.36,72.63,2.33,44.11,15644.8,370.97,11.61,7.68,132.73,3.83,48.92,85.44,3.12,27.47,17.05,1838.85,167.47,Normal,0
99.29,80.04,2.76,45.61,16912.8,380.04,15.72,8.06,138.29,3.78,47.85,86.18,3.53,25.95,18.85,2012.31,167.5,Normal,0
105.35,90.44,3.03,46.43,17920.0,379.14,10.45,7.01,133.54,3.82,50.78,85.76,3.53,36.57,19.35,2288.18,171.14,Normal,0
102.77,86.85,2.73,41.49,17600.9,392.53,63.49,5.2,129.05,3.86,50.16,85.87,3.57,32.2,19.84,2344.2,180.95,Fuel Injector Clogged,3
105.4,93.21,3.04,45.23,18239.2,388.74,14.02,7.59,134.16,3.9,49.97,83.96,3.55,31.54,19.23,2400.59,171.2,Normal,0
95.98,69.45,2.3,45.63,15249.5,378.3,12.61,7.38,137.02,4.01,50.58,83.78,3.48,21.89,17.02,1771.45,171.19,Normal,0
105.77,93.1,3.02,44.79,18393.3,384.72,8.8,7.54,139.08,3.93,50.2,85.83,3.47,22.19,19.89,2400.15,171.82,Normal,0
98.88,80.82,2.75,46.17,16749.6,381.5,9.96,7.49,134.43,3.98,50.02,85.46,3.61,27.66,18.78,2013.78,167.65,Normal,0
101.76,79.89,2.81,43.93,16532.5,362.13,8.77,7.72,133.71,3.92,50.28,85.68,3.29,31.05,18.99,2020.41,169.11,Normal,0
95.62,69.08,2.39,43.79,15180.6,349.12,16.86,7.4,134.96,3.93,48.59,86.45,3.47,25.91,17.5,1739.62,169.45,Normal,0
106.29,95.97,3.11,43.97,18614.6,393.25,9.85,7.08,136.04,3.96,49.81,85.73,3.3,19.28,18.97,2467.65,172.7,Normal,0
97.0,71.3,2.37,42.05,15264.2,363.53,15.76,7.22,132.18,4.02,49.25,106.25,2.5,31.66,19.84,1819.7,171.22,Cooling System Issue,4
99.07,76.53,2.56,45.21,15908.9,387.39,13.57,7.44,134.39,3.67,48.1,85.13,2.92,33.48,18.29,1955.62,169.22,Normal,0
99.14,75.21,2.61,45.34,16215.2,373.69,12.72,7.06,134.88,3.87,51.17,98.29,2.31,36.89,19.88,1877.37,165.85,Cooling System Issue,4
102.75,84.5,2.76,44.8,17472.1,395.96,59.6,5.21,135.11,3.59,49.96,85.13,3.32,26.18,18.95,2343.84,189.74,Fuel Injector Clogged,3
95.09,66.42,2.19,72.09,14598.4,359.99,46.12,7.52,134.64,3.66,48.79,83.72,3.32,23.16,16.68,1705.33,172.06,Scavenge Fire Warning,2
106.91,92.65,2.86,45.48,17933.7,400.66,15.12,7.37,132.66,3.75,52.25,85.57,3.34,36.52,19.61,2323.43,166.09,Normal,0
100.71,78.55,2.64,46.17,16570.3,372.39,16.91,7.57,135.85,3.87,48.43,84.88,3.19,32.3,19.12,2015.37,168.68,Normal,0
106.59,96.66,3.13,48.35,18699.3,394.47,8.74,6.94,134.89,3.75,51.89,98.56,2.09,19.28,20.55,2520.57,172.7,Cooling System Issue,4
99.06,80.35,2.6,80.81,16692.9,365.87,39.82,7.17,134.88,3.61,50.43,83.12,3.6,29.6,18.82,2107.69,173.46,Scavenge Fire Warning,2
104.95,86.61,2.91,42.44,17523.7,390.95,18.68,7.1,132.29,3.97,51.01,85.35,3.35,18.57,19.19,2204.18,169.52,Normal,0
95.58,69.95,2.32,44.86,15190.5,369.53,81.25,5.77,136.6,3.81,48.97,83.75,3.63,22.53,17.72,1992.49,184.55,Fuel Injector Clogged,3
104.55,92.21,2.97,44.96,18099.1,401.48,79.33,6.29,132.63,3.9,50.21,85.61,3.62,19.42,19.67,2667.17,191.71,Fuel Injector Clogged,3
104.67,96.58,3.1,47.14,18628.3,402.45,8.26,7.19,139.04,3.71,50.0,84.55,3.29,22.1,20.89,2443.59,171.44,Normal,0
81.75,42.73,1.57,41.84,11652.5,349.62,17.29,7.42,132.05,3.95,48.92,83.77,3.5,27.8,15.61,1213.97,188.92,Normal,0
101.61,82.84,2.74,88.22,16923.7,384.95,63.35,7.26,136.91,3.93,50.12,84.96,3.16,23.98,18.3,2076.76,168.3,Scavenge Fire Warning,2
97.64,78.11,2.68,82.58,16535.7,385.57,58.5,7.58,130.23,3.84,48.96,84.37,3.21,19.76,17.53,1976.62,169.25,Scavenge Fire Warning,2
95.22,67.36,2.19,45.35,14846.7,361.61,11.9,7.29,129.35,3.96,48.52,104.53,2.51,27.64,16.66,1690.67,168.55,Cooling System Issue,4
98.49,77.22,2.6,43.95,16186.6,369.26,8.32,7.6,133.61,3.93,49.46,85.54,3.49,32.17,18.12,1971.56,169.78,Normal,0
102.2,76.95,2.57,42.6,16164.6,381.93,17.24,7.73,129.35,3.68,49.13,85.02,3.69,19.06,18.44,1925.7,167.09,Normal,0
97.36,74.81,2.51,41.6,15789.0,372.8,7.27,7.07,136.82,3.97,50.81,85.68,3.37,35.65,18.07,1954.91,172.52,Normal,0
103.76,90.03,2.99,44.04,17903.1,399.2,19.22,7.6,134.95,3.7,50.86,85.11,3.43,31.06,19.93,2237.53,166.48,Normal,0
99.25,80.1,2.65,43.79,16362.6,382.95,14.2,6.87,138.5,3.71,50.41,85.68,3.42,28.39,18.6,2002.98,166.49,Normal,0
107.57,94.65,3.09,46.8,18624.1,391.96,8.36,7.41,134.58,3.71,50.49,85.74,3.72,25.93,20.95,2370.31,167.16,Normal,0
98.69,77.35,2.62,42.51,16306.5,385.28,11.51,7.39,135.61,4.01,48.65,83.89,3.64,25.87,18.65,2014.82,174.04,Normal,0
102.01,86.45,2.78,47.25,17100.1,381.09,11.07,7.42,134.33,3.61,50.59,84.5,3.47,24.71,19.22,2153.65,166.17,Normal,0
94.33,64.86,2.24,41.18,14980.7,366.07,9.48,7.39,132.82,4.04,46.82,85.99,3.54,20.31,16.25,1705.45,172.96,Normal,0
96.82,75.81,2.5,47.56,16013.1,385.01,65.47,5.19,133.98,3.95,49.59,86.92,3.46,19.58,18.41,2119.44,179.99,Fuel Injector Clogged,3
94.86,66.17,2.24,45.88,14612.5,359.64,22.6,7.41,131.99,3.95,48.17,85.5,3.59,24.18,17.59,1671.19,169.06,Normal,0
102.7,80.73,2.63,44.67,16834.5,390.16,9.75,7.58,135.97,3.91,48.74,84.53,3.56,31.34,18.24,2044.11,169.55,Normal,0
103.59,86.51,2.86,42.45,17422.9,391.32,13.21,7.59,134.23,3.81,49.43,87.17,3.35,23.77,18.52,2148.88,166.5,Normal,0
99.73,76.95,2.56,44.07,15728.8,383.0,82.3,6.05,134.75,3.99,49.38,85.81,3.42,34.25,18.97,2091.65,180.77,Fuel Injector Clogged,3
93.29,62.31,2.18,42.4,14172.8,351.19,13.63,7.3,142.06,3.89,48.78,84.9,3.43,25.61,16.34,1562.09,169.57,Normal,0
100.79,76.41,2.54,42.2,16113.2,377.23,6.24,7.88,133.99,3.65,50.23,87.27,3.43,30.62,18.36,1939.97,169.53,Normal,0
102.51,81.93,2.57,44.99,16266.3,371.15,66.84,6.79,135.78,3.86,49.51,84.25,3.31,26.64,18.8,2253.83,174.92,Fuel Injector Clogged,3
94.78,66.48,2.26,42.08,14828.1,376.78,30.98,7.05,134.86,4.05,48.89,106.33,2.25,27.96,17.58,1699.5,171.53,Cooling System Issue,4
101.7,80.87,2.67,43.4,16642.9,364.97,12.79,7.56,137.89,3.95,48.24,84.26,3.31,23.0,18.11,2035.55,167.76,Normal,0
92.06,64.1,2.21,42.82,14251.8,357.28,16.73,7.34,135.6,4.22,47.62,83.84,3.29,28.28,17.02,1689.22,175.28,Normal,0
99.59,76.22,2.49,43.24,16087.3,367.82,14.91,7.82,134.32,3.86,49.72,88.17,3.38,20.21,17.66,1897.56,168.28,Normal,0
99.63,81.39,2.58,47.63,16675.4,387.14,8.68,7.5,140.73,3.85,50.29,85.86,3.45,25.74,18.78,2075.19,169.72,Normal,0
96.41,72.11,2.47,42.97,15251.6,385.53,12.43,7.52,132.85,3.88,48.98,87.1,3.62,26.97,18.15,1831.43,169.96,Normal,0
99.65,87.64,2.83,45.67,17657.4,394.79,10.0,7.67,134.52,3.73,50.88,86.16,3.53,32.08,19.86,2245.05,168.67,Normal,0
86.36,50.29,1.82,42.24,12970.2,366.55,11.99,7.4,137.29,3.93,46.86,84.49,3.6,26.0,16.67,1386.91,183.47,Normal,0
100.07,81.41,2.66,45.04,16612.6,370.74,13.04,8.09,132.95,3.72,50.06,104.11,2.24,31.31,18.58,2047.41,168.79,Cooling System Issue,4
100.38,77.14,2.56,44.81,16098.9,366.02,13.39,7.68,136.91,3.55,48.62,86.26,3.29,21.49,18.16,1938.91,169.92,Normal,0
103.48,86.76,2.79,97.0,17505.3,381.31,56.35,7.83,133.8,3.77,48.97,85.5,3.53,18.5,20.01,2170.5,166.83,Scavenge Fire Warning,2
104.5,87.14,2.76,75.5,17347.8,389.89,66.37,7.42,137.51,3.85,49.16,85.58,3.54,28.12,19.62,2239.2,169.82,Scavenge Fire Warning,2
100.97,84.92,2.82,45.13,16690.0,377.93,12.16,7.46,137.44,3.95,49.74,85.08,3.45,27.48,19.81,2155.9,169.97,Normal,0
105.44,89.79,2.87,45.27,17831.4,386.23,19.14,7.78,134.77,3.75,50.48,85.47,3.56,31.4,20.7,2257.57,167.26,Normal,0
92.2,57.24,2.02,42.37,13476.6,356.52,16.42,7.75,132.5,3.89,48.94,84.32,3.42,24.27,15.93,1519.08,175.62,Normal,0
96.99,70.39,2.4,42.26,15212.8,358.07,17.71,7.06,134.02,4.07,48.88,84.96,3.52,18.6,18.17,1762.04,165.91,Normal,0
97.71,71.92,2.37,43.66,15811.3,360.84,56.89,5.81,134.96,3.71,49.87,84.82,3.15,32.47,17.47,1996.68,179.03,Fuel Injector Clogged,3
105.74,93.31,2.92,45.83,18134.2,393.45,9.19,7.67,137.22,3.8,51.89,83.86,3.4,36.84,20.8,2377.04,170.54,Normal,0
101.8,85.31,2.98,45.43,17163.6,384.2,16.13,7.45,135.8,4.0,49.72,86.06,3.53,25.89,18.39,2197.28,172.02,Normal,0
92.76,61.51,2.08,43.19,14301.4,364.97,9.07,7.63,136.34,3.85,48.86,84.31,3.59,30.22,17.39,1616.05,176.88,Normal,0
99.88,83.47,2.28,44.33,19396.6,420.43,21.4,7.47,135.87,3.64,49.14,81.36,3.25,28.89,18.6,2245.62,179.18,Turbocharger Fouling,1
100.66,82.19,2.86,44.49,16571.7,376.98,16.01,6.71,137.12,4.13,49.31,83.38,3.39,29.32,19.14,2063.49,166.17,Normal,0
97.01,77.35,2.63,43.36,16155.4,381.34,8.89,7.04,134.5,4.01,50.73,84.53,3.21,35.35,19.11,1976.97,169.96,Normal,0
90.96,61.41,2.1,43.38,14184.5,363.18,13.58,7.84,135.41,4.08,50.02,85.99,3.33,32.73,16.45,1562.73,169.18,Normal,0
96.42,69.46,1.7,43.23,16767.8,409.5,9.55,7.41,135.07,3.91,48.92,85.51,3.46,33.4,16.72,1826.58,178.75,Turbocharger Fouling,1
106.58,94.47,2.98,45.83,18372.2,401.84,10.81,7.57,133.91,3.92,50.74,84.95,3.59,19.8,19.82,2421.86,169.64,Normal,0
107.19,97.61,2.53,47.31,21407.5,456.77,14.4,7.5,137.53,3.44,51.31,85.68,3.56,20.93,20.04,2634.12,184.51,Turbocharger Fouling,1
99.76,78.32,2.64,43.2,16031.3,382.5,10.35,7.21,137.48,3.82,49.08,86.46,3.44,31.27,17.67,2008.45,170.79,Normal,0
99.19,82.9,2.68,45.53,17077.9,381.48,11.63,7.34,138.01,4.01,48.42,84.58,3.28,28.81,17.67,2043.71,162.95,Normal,0
100.79,82.38,2.62,44.64,17057.5,380.77,18.41,7.62,133.09,3.66,50.4,83.99,3.37,33.49,19.56,2073.79,168.71,Normal,0
98.22,77.1,2.45,101.98,16246.4,362.19,55.18,7.65,135.88,3.84,50.37,86.14,3.86,19.86,19.22,1942.89,168.81,Scavenge Fire Warning,2
97.28,74.88,2.58,43.67,15717.3,380.75,9.23,8.27,137.73,3.95,50.12,86.33,3.15,29.33,17.75,1905.59,168.27,Normal,0
93.96,64.36,2.21,44.19,14911.1,362.14,7.05,7.33,138.76,3.82,48.52,83.85,3.18,27.72,16.94,1675.1,172.25,Normal,0
103.99,91.96,2.99,45.38,17512.3,401.16,16.47,8.08,131.23,3.83,51.66,86.26,3.43,35.09,20.22,2366.22,171.17,Normal,0
90.87,61.0,2.04,40.8,13975.1,333.73,16.36,7.2,134.99,4.01,49.03,84.39,3.53,21.74,17.29,1557.04,173.73,Normal,0
104.34,96.84,2.99,44.97,18862.4,400.67,50.63,6.29,134.53,3.86,49.21,85.16,3.56,24.97,21.27,2696.76,190.19,Fuel Injector Clogged,3
87.04,52.99,1.96,43.56,13041.7,339.38,29.03,7.56,138.98,3.93,46.79,85.52,3.45,21.01,16.41,1398.94,177.17,Normal,0
104.99,95.33,3.07,44.98,18767.2,411.17,11.45,7.46,129.48,3.69,49.99,85.02,3.13,27.03,19.44,2489.65,174.72,Normal,0
97.32,72.97,2.52,94.61,15288.2,376.12,58.58,7.5,132.38,3.97,49.51,85.83,3.36,35.63,18.41,1818.33,166.41,Scavenge Fire Warning,2
87.34,54.99,1.91,42.35,13129.0,350.61,10.01,7.28,138.58,4.03,48.19,84.28,3.08,31.41,15.81,1446.49,177.54,Normal,0
104.61,90.54,2.92,43.61,17701.1,389.73,16.84,7.82,133.83,3.88,52.07,85.41,3.47,32.89,19.56,2303.07,168.23,Normal,0
100.99,82.18,2.76,44.77,16863.9,385.9,8.8,7.21,131.75,3.89,50.1,84.62,3.48,19.87,19.47,2088.98,169.26,Normal,0
103.21,82.29,2.76,46.91,16737.2,375.44,16.7,7.61,138.78,3.92,48.73,84.11,3.38,27.04,18.27,2080.13,167.67,Normal,0
102.42,83.81,2.81,88.29,16868.1,383.96,50.77,7.76,131.42,4.0,47.5,85.05,3.19,34.77,18.92,2119.53,169.53,Scavenge Fire Warning,2
97.84,79.51,2.6,86.19,16750.6,374.75,58.65,7.98,137.56,3.93,49.81,84.57,3.25,34.75,17.82,2027.51,168.77,Scavenge Fire Warning,2
92.9,66.82,2.32,42.5,15185.3,381.65,13.81,7.84,131.1,3.95,50.0,84.78,3.11,37.76,16.75,1723.49,169.83,Normal,0
98.77,76.33,2.63,43.89,15950.5,387.18,16.26,7.7,131.39,3.82,51.3,104.19,1.93,28.52,17.92,1855.74,163.74,Cooling System Issue,4
99.04,79.77,2.63,42.81,16094.5,388.21,6.92,7.28,135.5,4.09,49.39,85.01,3.97,18.04,19.56,1972.49,166.27,Normal,0
87.18,59.31,2.02,94.59,13439.4,342.22,38.38,7.22,132.88,3.79,50.39,84.86,3.38,35.98,16.65,1518.24,172.01,Scavenge Fire Warning,2
104.5,86.43,2.93,43.52,17356.7,394.95,18.79,7.1,135.68,3.82,48.53,84.65,3.32,37.12,20.8,2168.53,166.19,Normal,0
98.92,74.85,1.93,42.03,17393.3,424.18,19.89,7.07,139.51,3.82,49.02,85.88,3.44,36.55,18.68,2072.26,178.99,Turbocharger Fouling,1
87.46,51.98,1.91,44.21,13011.5,354.76,15.09,7.5,134.61,3.72,47.32,85.1,3.19,33.44,16.53,1432.32,183.82,Normal,0
99.76,80.56,2.65,41.31,16554.4,383.28,19.09,7.25,139.07,3.93,50.42,83.77,3.2,22.24,18.0,1976.1,163.07,Normal,0
99.85,77.82,2.43,46.28,16051.0,377.23,11.92,7.92,135.81,3.86,48.2,84.2,3.29,20.78,18.3,1955.82,165.06,Normal,0
93.57,66.8,2.36,45.21,14994.6,365.38,5.41,7.3,137.39,3.94,49.41,83.06,3.56,32.02,16.66,1688.1,171.08,Normal,0
96.28,70.3,2.15,44.37,15656.5,353.43,10.16,7.53,129.12,3.89,47.92,85.32,3.46,20.81,17.49,1776.41,168.9,Normal,0
90.83,61.69,1.45,41.26,15968.8,381.94,13.2,7.41,136.59,4.07,50.53,84.62,3.37,37.07,16.59,1682.98,187.7,Turbocharger Fouling,1
98.27,71.24,2.44,41.33,15387.4,372.03,13.89,7.01,136.21,4.05,48.83,96.23,2.64,26.92,17.74,1814.04,169.06,Cooling System Issue,4
89.42,60.42,2.13,42.01,13839.1,364.64,14.74,7.88,134.1,3.79,49.1,83.63,3.71,18.62,17.24,1614.91,176.39,Normal,0
99.41,74.56,2.44,44.9,15492.7,368.8,52.31,5.31,139.74,4.17,47.57,85.35,3.53,21.01,17.93,2140.45,181.5,Fuel Injector Clogged,3
96.72,71.71,2.42,93.78,15215.3,369.31,61.05,7.78,133.77,3.88,47.73,85.0,3.22,23.81,18.32,1846.87,170.78,Scavenge Fire Warning,2
91.49,61.97,1.93,41.39,14330.1,344.66,17.1,7.71,130.98,4.04,48.02,85.93,3.06,32.08,16.01,1602.91,174.91,Normal,0
105.71,93.24,3.07,47.18,18243.9,408.22,9.48,7.23,136.95,3.85,51.05,84.35,3.09,32.75,20.13,2360.21,168.24,Normal,0
97.34,71.25,2.42,46.23,15728.1,377.98,13.81,7.24,131.44,3.93,49.87,84.84,3.56,22.26,17.51,1857.25,170.32,Normal,0
107.85,95.11,3.06,100.25,18390.7,404.1,41.66,7.66,135.19,3.9,51.37,84.6,3.26,30.97,20.19,2458.24,172.71,Scavenge Fire Warning,2
97.56,72.87,2.44,43.99,15221.8,374.34,10.37,8.04,138.35,4.11,47.77,85.05,3.55,18.64,18.44,1843.42,168.08,Normal,0
103.36,90.4,2.97,42.97,17747.2,405.42,11.56,7.64,136.25,3.95,50.57,85.4,3.32,20.06,18.72,2281.69,168.93,Normal,0
104.3,89.9,2.91,87.05,17432.1,385.93,59.7,7.84,134.38,3.8,49.49,85.92,3.47,28.7,20.42,2279.21,168.83,Scavenge Fire Warning,2
107.41,92.5,2.84,46.17,17796.8,388.32,13.57,7.32,134.12,3.82,49.35,85.21,3.53,32.08,19.67,2355.69,168.58,Normal,0
104.23,85.78,2.98,45.39,17350.3,395.72,33.07,7.88,138.16,3.77,49.32,86.35,3.26,36.29,20.27,2141.58,165.74,Normal,0
99.42,75.46,2.61,43.28,15975.2,382.28,13.2,7.35,131.95,4.01,49.28,84.16,3.55,26.76,18.21,1952.13,172.6,Normal,0
104.54,88.23,2.77,44.65,17657.6,380.74,17.47,7.58,136.94,3.94,50.63,84.31,3.28,20.4,20.17,2263.54,171.18,Normal,0
105.72,91.59,2.94,44.66,17870.1,390.24,7.84,7.37,140.48,3.78,51.24,85.93,3.27,36.58,19.74,2318.45,170.07,Normal,0
100.7,77.75,2.56,43.8,16392.3,390.7,6.91,7.81,136.36,4.09,50.02,87.33,3.55,26.75,18.55,1941.17,165.14,Normal,0
99.09,78.53,2.69,44.92,16225.4,381.46,67.62,6.33,134.4,4.05,50.17,83.32,3.51,27.95,18.53,2138.14,185.78,Fuel Injector Clogged,3
93.05,67.36,2.11,40.44,15165.8,370.5,18.36,6.98,134.6,4.2,50.85,83.32,3.48,35.09,17.27,1695.52,169.67,Normal,0
104.97,91.6,2.92,45.22,18025.9,385.23,11.65,7.96,133.8,3.72,50.82,85.94,3.2,29.72,19.55,2334.4,169.71,Normal,0
85.82,51.91,1.71,42.68,12943.5,350.14,7.75,8.33,133.37,3.98,48.12,85.43,3.33,24.03,16.07,1421.44,184.33,Normal,0
98.16,78.03,2.56,43.39,16300.2,366.18,13.1,7.38,135.29,3.86,50.09,85.49,3.52,28.82,18.74,2004.59,171.85,Normal,0
93.96,67.69,2.26,42.7,14957.0,348.77,17.63,7.46,136.7,4.32,50.75,83.98,3.81,30.5,17.57,1692.96,165.54,Normal,0
104.55,83.18,2.74,43.98,17248.7,389.79,9.42,7.93,139.03,3.87,48.87,85.83,3.73,35.8,19.21,2122.01,168.88,Normal,0
98.56,75.62,2.47,92.54,16005.9,385.99,52.76,7.52,130.11,4.09,48.97,85.64,3.32,22.7,17.27,1923.2,168.62,Scavenge Fire Warning,2
96.15,69.62,2.29,43.58,15202.1,364.99,8.32,7.5,128.9,4.08,50.58,83.97,3.28,29.19,18.16,1774.66,170.33,Normal,0
97.35,76.6,2.59,44.32,16022.0,371.37,17.44,8.16,139.08,3.88,49.16,104.14,2.39,36.41,17.83,1926.3,167.06,Cooling System Issue,4
96.43,76.2,2.57,40.95,16210.9,388.94,19.42,7.03,135.14,3.9,50.19,85.01,3.51,18.91,17.25,1911.27,168.22,Normal,0
102.21,87.22,2.89,45.96,17558.6,387.47,10.15,7.22,135.27,3.93,51.21,83.39,3.32,21.89,20.39,2190.92,166.59,Normal,0
104.02,84.97,2.76,44.36,17060.8,385.68,20.58,7.65,136.25,4.05,48.57,85.24,3.42,24.93,19.92,2172.08,170.45,Normal,0
105.78,92.88,2.96,48.33,17856.4,409.66,22.32,6.93,134.53,3.8,49.77,85.03,3.18,31.57,19.82,2396.33,172.5,Normal,0
97.92,72.9,2.43,42.04,15414.6,368.3,14.82,7.37,139.94,3.83,50.49,86.48,3.58,34.84,18.57,1870.41,172.04,Normal,0
101.79,81.55,2.72,96.91,16653.6,376.71,63.73,7.37,136.23,4.01,49.54,83.67,3.65,21.98,18.55,2046.82,166.49,Scavenge Fire Warning,2
101.45,84.64,2.6,44.47,17377.2,392.33,100.41,6.27,133.88,3.69,47.79,84.81,3.68,22.93,18.76,2341.01,180.7,Fuel Injector Clogged,3
96.95,68.68,2.35,44.11,15029.4,360.15,9.89,7.74,134.1,3.96,48.58,85.06,3.6,34.47,17.17,1785.19,174.01,Normal,0
105.52,95.29,3.09,42.7,18280.2,397.95,65.35,5.51,134.64,3.98,51.08,88.71,3.34,20.97,19.67,2742.44,183.12,Fuel Injector Clogged,3
102.74,81.92,2.7,43.31,16352.6,371.85,27.46,7.26,133.06,3.94,50.96,87.62,3.56,23.22,18.63,2021.6,166.04,Normal,0
104.75,89.86,2.9,46.08,18064.9,393.8,15.04,7.26,139.22,3.76,50.09,107.26,2.68,32.65,19.11,2294.58,170.06,Cooling System Issue,4
98.75,81.54,2.48,43.1,16817.4,382.47,8.8,7.42,135.31,3.72,50.15,85.68,3.57,21.32,17.04,2088.0,170.37,Normal,0
85.02,50.35,1.77,44.08,12968.5,350.68,14.55,7.12,132.07,4.18,47.9,84.74,3.55,34.56,15.67,1336.05,179.86,Normal,0
103.08,92.49,3.13,44.72,18273.1,402.47,29.42,7.66,136.01,3.8,51.07,84.48,3.43,27.81,19.21,2400.78,174.21,Normal,0
99.12,74.08,2.48,42.58,15723.4,377.01,10.37,7.26,138.6,3.77,50.76,84.98,3.24,26.95,18.22,1827.52,166.69,Normal,0
105.79,94.07,3.01,46.44,18277.2,400.74,12.51,7.71,137.65,3.99,51.0,87.39,3.73,20.71,19.79,2449.06,172.29,Normal,0
97.99,80.98,2.67,46.89,16949.7,380.64,6.58,7.5,133.1,4.0,49.53,85.41,3.39,31.59,19.07,2033.66,166.66,Normal,0
105.4,91.76,3.0,45.97,18009.0,399.57,12.54,7.16,132.23,3.68,50.56,88.01,3.62,35.68,19.72,2344.52,169.14,Normal,0
106.8,98.48,3.21,47.77,18938.7,394.2,16.54,7.99,138.57,4.18,51.38,105.46,2.5,31.84,19.6,2605.82,174.77,Cooling System Issue,4
96.45,75.25,2.49,46.53,16097.3,355.27,9.15,8.0,130.94,3.82,49.41,84.9,3.56,24.34,17.39,1901.9,167.92,Normal,0
102.22,79.88,2.67,43.01,16626.0,389.14,97.75,5.42,135.93,4.0,50.39,85.1,3.61,31.98,17.84,2228.64,176.38,Fuel Injector Clogged,3
101.9,83.67,2.88,46.1,16931.1,389.99,8.03,7.42,133.58,4.16,50.14,83.79,3.23,28.2,18.43,2094.02,166.61,Normal,0
100.64,81.78,2.77,42.26,16714.8,381.21,10.42,7.13,138.28,4.01,51.1,86.6,3.27,35.07,18.35,2069.43,169.49,Normal,0
93.42,65.73,2.43,43.9,14887.5,370.76,75.95,6.08,132.36,3.98,49.66,84.23,3.63,27.19,17.8,1844.52,195.46,Fuel Injector Clogged,3
100.17,84.21,2.71,44.63,17196.9,379.41,12.18,7.79,133.01,3.65,49.29,85.68,3.3,22.75,19.11,2137.46,169.72,Normal,0
99.24,81.33,2.81,46.37,16922.8,376.01,25.49,7.22,136.54,4.18,51.06,84.53,3.16,20.03,17.61,2031.32,166.82,Normal,0
103.48,84.08,2.69,46.49,17131.6,378.35,7.08,7.26,136.99,3.99,50.24,87.43,3.1,23.62,18.46,2070.41,166.13,Normal,0
105.12,93.72,3.05,46.35,18346.5,401.69,11.32,7.66,138.4,3.61,50.08,87.23,3.36,29.27,19.88,2359.92,169.19,Normal,0
100.05,79.43,2.68,44.8,16331.2,366.63,14.71,7.09,136.18,4.11,48.22,85.25,3.36,21.4,17.94,1964.88,166.5,Normal,0
93.73,70.63,2.34,44.41,15201.4,362.16,28.92,7.28,135.87,3.93,49.41,83.36,3.58,18.8,17.76,1773.24,169.22,Normal,0
106.1,99.11,3.18,46.02,19060.3,406.2,13.64,7.14,137.62,3.76,52.29,86.86,3.22,26.98,19.91,2553.3,171.11,Normal,0
89.91,56.3,2.05,42.41,13411.2,340.74,16.03,7.15,131.57,3.89,45.8,85.55,3.65,24.95,16.27,1502.89,178.56,Normal,0
104.85,90.33,2.87,47.39,17786.7,387.63,12.84,7.25,132.8,3.86,47.38,84.5,3.18,26.41,19.24,2309.08,170.63,Normal,0
102.75,80.94,2.8,46.82,16921.1,363.48,12.36,7.82,131.78,4.0,50.41,85.07,3.19,27.08,18.76,2024.64,166.28,Normal,0
106.89,92.62,2.88,45.2,18345.8,400.62,10.37,6.89,128.29,3.76,50.4,85.8,3.42,33.32,20.66,2373.97,169.99,Normal,0
104.73,91.91,3.13,45.71,18054.9,389.38,15.23,7.65,137.11,3.85,50.81,86.98,3.41,37.22,20.27,2327.79,168.35,Normal,0
95.96,68.91,2.41,43.64,15048.7,357.34,11.68,7.59,138.57,4.43,48.57,97.45,1.95,23.25,16.9,1777.09,169.55,Cooling System Issue,4
102.27,85.86,2.8,42.45,17205.8,376.97,16.4,7.84,136.39,3.93,47.72,86.59,3.19,36.85,20.66,2149.5,166.85,Normal,0
99.91,73.46,2.42,43.37,15873.0,368.48,13.56,7.59,135.95,4.05,48.47,84.01,3.46,22.57,18.69,1908.36,172.93,Normal,0
92.24,59.56,2.03,45.16,13936.6,341.8,11.25,7.37,135.21,3.82,50.24,102.31,1.88,33.1,16.25,1519.33,171.09,Cooling System Issue,4
94.2,65.92,2.24,42.15,14617.6,377.94,23.38,7.21,135.14,3.73,48.51,86.83,3.0,31.63,16.74,1637.15,168.43,Normal,0
102.15,84.03,2.75,99.32,17270.8,365.95,59.66,7.85,139.24,4.08,49.34,83.79,3.73,19.04,19.19,2115.72,167.77,Scavenge Fire Warning,2
105.99,89.97,3.02,46.96,17785.6,388.85,10.53,7.67,138.87,4.02,47.42,84.7,3.59,32.5,19.97,2302.71,169.68,Normal,0
103.48,86.19,2.97,45.5,17147.1,388.6,6.43,7.33,133.54,4.11,48.07,86.39,3.4,36.02,20.25,2170.96,168.78,Normal,0
98.62,71.9,2.43,44.59,15592.6,363.67,11.89,7.82,137.77,3.9,50.35,84.24,3.04,36.6,18.14,1834.57,170.82,Normal,0
91.03,65.24,2.16,41.84,14868.1,363.24,22.57,7.34,138.07,4.13,48.68,83.94,3.32,31.7,16.8,1698.99,172.16,Normal,0
95.44,67.81,2.25,43.03,14754.3,358.36,22.83,7.5,136.63,3.55,50.04,103.09,2.33,33.73,17.14,1711.96,168.39,Cooling System Issue,4
102.94,88.17,2.85,47.22,17476.5,402.45,10.89,7.29,135.97,3.93,49.21,82.94,3.32,19.43,19.75,2249.23,171.12,Normal,0
108.84,96.51,3.02,44.8,18509.1,391.68,15.85,7.69,135.88,3.97,48.88,87.2,3.68,21.23,19.36,2494.96,173.34,Normal,0
107.47,93.51,2.16,47.07,20730.1,435.96,17.27,7.15,131.29,3.72,49.95,85.95,3.51,23.25,20.78,2613.09,182.31,Turbocharger Fouling,1
104.59,90.72,3.11,43.19,17979.1,383.01,7.88,7.4,131.07,4.0,49.51,84.66,3.23,28.63,19.29,2309.04,169.83,Normal,0
102.88,81.89,2.72,42.75,16614.7,385.45,20.22,7.27,136.96,3.85,48.85,83.22,3.11,25.72,19.36,2088.85,170.23,Normal,0
109.31,97.71,2.51,48.67,20663.4,460.63,8.27,7.59,132.25,3.8,49.59,84.27,3.56,31.14,21.0,2544.37,182.02,Turbocharger Fouling,1
92.35,62.34,2.21,42.97,14520.0,363.95,11.18,7.64,131.53,3.91,48.67,82.58,3.55,26.91,18.76,1612.87,171.7,Normal,0
105.57,85.74,2.71,44.05,16970.6,391.18,8.87,7.11,129.81,4.09,49.37,85.7,3.54,33.5,18.96,2158.92,166.67,Normal,0
104.43,90.52,2.85,82.17,17874.4,388.06,48.7,7.64,133.81,3.77,49.14,85.91,3.7,32.27,19.43,2317.21,171.06,Scavenge Fire Warning,2
92.5,63.35,2.11,44.94,14390.2,355.28,9.66,6.98,135.94,3.86,50.66,85.27,3.48,32.95,16.82,1628.11,170.68,Normal,0
101.56,80.62,2.79,45.83,16613.5,377.7,10.38,8.27,136.14,3.75,50.09,86.1,3.42,34.58,18.76,2049.25,169.96,Normal,0
99.2,78.5,2.58,43.42,16675.3,393.2,18.56,7.32,137.13,3.83,49.69,85.89,3.54,34.68,18.07,2005.96,169.61,Normal,0
99.41,77.74,2.38,43.79,16886.3,382.71,10.81,7.87,134.02,3.92,49.43,86.96,3.62,33.59,19.11,1953.26,166.86,Normal,0
95.7,65.96,2.34,43.74,14385.6,377.58,61.62,5.2,135.27,4.03,49.63,86.07,3.52,19.32,17.87,1800.98,190.13,Fuel Injector Clogged,3
106.32,95.35,2.39,46.67,20526.4,454.17,8.24,7.58,137.11,3.71,50.82,86.96,3.41,30.46,19.9,2604.5,184.27,Turbocharger Fouling,1
97.18,77.53,2.42,43.44,16156.7,376.4,7.53,7.09,136.16,3.95,48.45,85.39,3.57,18.4,17.94,1945.51,168.32,Normal,0
97.13,71.76,2.38,44.0,15700.3,361.54,13.87,7.8,133.54,4.0,47.7,85.74,3.42,32.88,17.56,1840.58,170.52,Normal,0
97.34,75.11,2.54,44.41,16099.3,375.5,10.66,7.52,135.75,3.76,47.11,84.51,3.31,19.22,17.85,1902.72,167.71,Normal,0
101.41,80.27,2.68,46.35,16843.7,379.85,25.12,7.66,130.04,3.89,51.4,84.95,3.42,37.66,18.92,1973.82,164.69,Normal,0
104.6,88.69,3.03,46.23,17648.4,390.11,30.3,7.47,135.0,3.83,49.55,87.61,3.34,30.28,19.54,2285.94,170.32,Normal,0
105.81,89.42,2.84,42.89,17481.9,390.1,8.45,7.55,133.45,3.85,50.62,103.35,1.91,21.64,19.99,2322.45,171.48,Cooling System Issue,4
105.85,91.27,2.96,44.98,18112.4,377.66,7.6,7.19,138.8,3.76,50.31,84.89,3.25,27.37,20.56,2289.91,166.5,Normal,0
108.45,97.64,3.08,44.42,18730.6,412.13,25.37,7.45,132.56,3.79,51.31,85.47,3.58,34.53,20.45,2510.68,172.59,Normal,0
102.32,87.05,2.71,45.82,17329.9,388.41,15.4,7.35,135.29,3.86,49.85,84.82,3.44,21.6,19.63,2189.74,166.88,Normal,0
107.38,95.65,3.15,47.04,18351.7,388.25,13.74,7.25,133.93,4.1,48.98,85.27,3.53,28.74,21.56,2487.41,173.93,Normal,0
101.33,76.95,2.59,44.31,16340.5,380.04,7.83,7.55,133.6,3.9,48.43,96.75,2.4,18.07,18.65,1959.21,170.5,Cooling System Issue,4
99.11,79.22,2.64,43.94,16755.6,372.18,29.21,7.63,135.94,4.08,49.21,85.5,3.24,33.77,18.23,1984.08,166.39,Normal,0
102.58,80.39,2.69,44.53,16285.5,384.98,9.53,7.59,133.95,4.09,48.03,86.31,3.64,21.89,18.6,2000.5,165.37,Normal,0
102.94,88.26,2.82,45.37,17668.9,397.37,17.53,7.46,139.63,3.65,49.12,88.16,3.36,25.74,18.38,2250.93,169.51,Normal,0
94.84,69.94,2.28,42.64,15160.8,375.58,17.15,7.64,130.06,3.88,47.95,84.36,3.33,28.6,17.97,1765.03,167.3,Normal,0
104.67,90.11,2.93,43.38,17441.3,391.35,7.42,7.58,136.58,4.05,49.73,85.53,3.44,20.9,19.23,2313.92,171.25,Normal,0
99.61,76.44,2.63,41.04,16087.0,372.23,10.12,7.53,134.79,3.92,48.94,82.85,3.44,36.53,17.73,1903.62,167.93,Normal,0
100.78,78.63,2.73,46.19,16145.4,373.28,8.0,7.56,134.87,3.87,49.66,83.59,3.87,27.38,17.95,2050.9,171.24,Normal,0
96.38,73.66,2.53,44.64,15360.5,366.3,6.69,7.91,135.76,4.02,50.17,84.77,3.51,22.64,18.68,1893.5,171.9,Normal,0
98.24,74.07,2.48,44.47,15587.3,372.45,11.89,7.08,137.49,4.06,49.09,85.52,3.31,32.7,17.88,1896.32,171.63,Normal,0
98.3,77.31,2.59,46.08,15937.3,374.96,8.29,7.39,135.66,3.89,47.98,85.68,3.74,35.88,18.8,1940.53,168.91,Normal,0
99.98,83.66,2.74,42.81,16815.7,377.98,9.55,7.62,137.5,3.82,47.72,86.09,3.11,36.25,19.18,2089.4,166.31,Normal,0
86.68,53.73,1.82,39.69,12924.0,338.01,7.76,6.95,135.12,3.63,48.58,85.66,3.31,26.62,16.22,1413.97,175.39,Normal,0
100.0,81.56,2.69,45.1,16607.6,381.08,11.35,7.98,132.41,3.88,49.0,87.31,3.3,25.19,18.52,2068.41,169.23,Normal,0
105.57,91.74,2.86,45.78,17810.1,391.2,25.02,7.59,134.78,3.78,49.97,101.71,2.27,36.59,20.01,2381.08,171.4,Cooling System Issue,4
99.02,73.89,2.46,41.31,15819.2,363.24,14.55,7.83,137.88,3.75,49.65,83.99,3.46,19.06,17.76,1883.99,169.08,Normal,0
103.47,92.53,3.12,45.94,18196.5,402.3,75.01,6.46,133.97,3.8,51.61,86.49,3.48,33.01,19.88,2585.01,185.44,Fuel Injector Clogged,3
103.5,86.94,2.9,44.35,17424.2,402.85,12.56,7.64,132.29,3.79,48.16,86.6,3.48,21.55,19.92,2210.5,167.13,Normal,0
103.86,92.61,2.92,44.2,18024.1,403.46,14.13,6.72,136.55,3.85,49.15,85.87,3.51,27.31,20.59,2346.41,170.55,Normal,0
96.75,70.22,2.36,43.12,15219.2,362.01,14.22,7.55,135.84,3.88,49.07,84.59,3.39,37.07,17.41,1769.9,168.21,Normal,0
100.27,81.82,2.62,40.88,16543.4,381.87,11.51,7.57,133.07,3.94,48.54,84.67,3.63,29.62,19.0,2032.5,166.5,Normal,0
89.43,59.21,2.05,41.85,13723.0,366.34,9.91,7.12,134.42,3.99,47.18,95.45,1.81,28.47,16.98,1538.16,172.55,Cooling System Issue,4
98.46,73.58,2.54,42.83,15852.7,362.59,74.98,4.96,134.55,4.1,50.62,85.77,2.94,19.24,18.13,2063.03,182.87,Fuel Injector Clogged,3
104.0,91.12,3.0,46.13,17502.6,400.16,8.62,7.66,135.02,3.76,49.05,84.84,3.53,23.55,20.11,2309.66,169.44,Normal,0
91.53,61.63,1.95,42.69,16401.5,385.75,17.59,7.06,136.62,4.22,47.46,83.5,3.34,18.06,17.32,1681.6,181.33,Turbocharger Fouling,1
99.02,83.45,2.83,45.63,16860.5,397.79,10.91,8.22,133.99,4.03,48.61,86.06,3.71,35.5,20.03,2108.51,168.2,Normal,0
95.1,65.86,1.87,39.44,17466.4,398.96,20.3,7.59,136.75,4.16,50.05,83.62,3.59,30.9,18.55,1817.48,184.06,Turbocharger Fouling,1
91.71,59.28,2.11,94.75,13596.1,371.93,34.03,7.97,133.67,4.0,47.97,84.55,3.51,20.36,16.53,1571.26,175.15,Scavenge Fire Warning,2
104.26,89.94,2.9,46.03,17745.1,406.25,8.93,7.51,139.17,3.8,48.66,85.72,3.31,25.27,20.54,2253.55,167.57,Normal,0
100.47,85.0,2.69,44.34,17199.9,385.39,13.1,7.76,139.22,3.78,48.98,85.4,3.52,34.23,19.34,2154.65,167.76,Normal,0
92.67,60.26,2.19,44.09,13613.1,349.57,71.88,6.13,132.86,4.22,48.66,83.64,3.33,20.81,16.62,1682.06,189.95,Fuel Injector Clogged,3
92.24,63.93,2.27,40.41,14254.9,361.47,25.48,7.85,131.94,4.11,49.77,86.64,3.41,22.61,17.44,1659.99,172.12,Normal,0
101.39,84.09,2.74,45.82,16990.9,383.67,10.01,6.79,137.45,3.71,50.59,85.84,3.34,28.83,18.85,2096.42,165.58,Normal,0
106.72,89.16,2.92,44.17,17758.4,388.24,9.23,7.81,135.64,3.99,49.23,84.95,3.45,20.9,19.44,2246.84,168.58,Normal,0
94.69,69.22,2.44,42.43,15192.2,353.26,15.16,7.73,136.38,3.8,48.58,85.17,3.35,25.65,16.92,1744.76,170.93,Normal,0
104.58,88.5,2.95,46.57,17686.4,386.51,6.26,7.45,133.36,3.89,52.09,87.74,3.58,37.64,19.46,2251.12,167.9,Normal,0
102.97,84.97,2.66,46.54,16883.8,377.33,26.24,7.36,134.67,3.98,50.82,85.51,3.48,28.88,19.63,2161.31,169.08,Normal,0
99.96,78.19,2.61,45.81,15923.9,382.15,16.32,7.4,134.14,4.11,49.27,86.97,3.31,32.03,18.86,1971.56,168.08,Normal,0
104.97,90.94,2.47,48.33,20880.6,448.91,14.17,7.6,135.76,3.87,47.8,84.26,3.32,31.27,19.86,2460.28,180.57,Turbocharger Fouling,1
95.74,68.69,2.41,45.4,14815.2,371.78,9.69,7.92,131.89,3.91,48.63,83.73,3.17,22.23,18.57,1791.27,172.44,Normal,0
99.54,77.52,2.65,43.01,15999.0,379.63,85.52,4.98,134.75,3.9,48.16,82.53,3.05,34.92,19.64,2166.24,178.7,Fuel Injector Clogged,3
97.65,74.06,2.58,44.14,15962.4,365.75,10.12,6.9,131.86,4.06,48.47,87.33,3.57,20.44,18.33,1881.02,168.11,Normal,0
102.24,80.4,2.56,43.89,16591.4,382.14,10.79,8.37,133.71,4.0,48.65,94.74,2.03,36.43,19.6,2019.89,167.03,Cooling System Issue,4
96.89,75.78,2.46,47.11,15847.9,381.07,18.23,7.74,134.76,3.89,49.18,85.24,3.18,22.32,18.41,1950.72,171.23,Normal,0
94.01,63.41,2.26,44.73,14273.0,354.58,14.74,7.36,136.27,3.67,48.92,86.62,3.48,37.09,17.08,1669.18,174.91,Normal,0
102.71,83.56,2.69,44.4,17081.5,385.4,11.17,7.92,136.48,3.5,49.03,86.51,3.27,33.96,19.51,2121.77,170.48,Normal,0
107.44,96.17,2.19,47.01,20353.6,450.5,7.26,7.83,136.9,3.85,49.05,86.3,3.39,21.42,20.09,2695.75,188.34,Turbocharger Fouling,1
103.52,84.69,2.81,42.93,16819.3,399.16,31.1,7.67,131.29,3.68,49.63,86.93,3.17,21.21,17.63,2096.3,166.56,Normal,0
102.38,85.45,2.75,45.21,16753.1,393.63,8.72,7.33,138.16,3.78,49.35,84.62,3.52,19.69,18.96,2154.24,167.55,Normal,0
99.13,82.69,2.86,43.21,17250.7,388.24,18.29,7.73,133.39,3.84,47.82,85.93,3.42,22.95,17.95,2059.04,166.57,Normal,0
105.66,93.88,3.05,42.98,17966.2,383.62,10.01,7.88,133.57,4.14,50.83,85.62,3.49,31.18,19.69,2448.52,172.95,Normal,0
105.02,95.1,3.08,46.78,18503.5,400.26,13.71,6.9,135.67,3.84,49.55,85.64,3.32,28.41,19.71,2517.64,176.09,Normal,0
99.72,80.83,2.63,45.83,16935.9,379.8,9.25,7.58,134.16,3.98,49.37,85.46,3.44,30.27,18.36,2048.2,169.37,Normal,0
98.24,78.74,2.73,44.98,16374.7,377.11,9.89,7.6,135.9,3.96,49.32,86.56,3.14,18.62,17.85,2008.91,171.38,Normal,0
101.24,83.77,2.77,44.43,16839.7,372.21,9.64,7.59,136.37,3.5,49.75,87.23,3.81,19.6,18.24,2147.43,169.13,Normal,0
93.73,66.88,2.24,41.45,14545.9,354.89,13.34,7.52,133.09,3.87,49.16,84.35,3.47,31.84,16.97,1716.27,171.22,Normal,0
92.23,68.24,2.25,80.57,14712.8,364.75,35.36,7.92,134.54,3.74,47.77,83.42,3.71,34.96,17.26,1755.03,168.92,Scavenge Fire Warning,2
105.5,91.0,2.94,43.83,17957.9,402.66,13.12,7.43,134.61,4.1,50.41,84.66,3.35,25.19,19.47,2316.25,171.04,Normal,0
104.77,84.5,2.69,44.41,17381.8,380.9,21.45,7.5,137.4,3.59,49.46,87.72,3.21,21.33,19.18,2152.62,170.13,Normal,0
97.3,71.51,2.48,45.33,15351.2,366.18,8.48,7.61,133.84,3.85,50.3,86.64,3.31,24.17,18.22,1802.39,171.19,Normal,0
99.36,78.43,2.45,45.87,16181.7,392.29,46.07,5.81,133.73,3.85,50.34,83.83,3.39,26.24,17.85,2120.54,182.04,Fuel Injector Clogged,3
92.78,63.54,1.7,40.61,15842.2,406.33,23.56,7.01,132.45,3.8,50.18,86.53,3.38,30.6,16.51,1724.5,185.96,Turbocharger Fouling,1
99.74,79.97,2.69,43.36,16344.9,378.93,16.48,7.57,132.73,3.9,48.66,84.34,3.74,26.19,19.6,2004.62,167.88,Normal,0
94.92,67.65,2.32,42.33,15017.0,363.64,12.8,7.58,131.62,3.92,50.33,85.5,3.25,35.94,17.88,1706.78,169.16,Normal,0
101.3,82.63,1.96,40.81,18712.8,428.33,7.7,7.37,133.24,3.89,49.81,84.45,3.29,26.02,18.38,2183.95,184.53,Turbocharger Fouling,1
98.93,79.23,2.67,45.19,16313.6,383.61,7.33,7.45,138.98,3.96,50.26,87.76,3.53,21.63,17.77,1948.04,164.22,Normal,0
106.81,91.34,2.89,44.94,17913.8,388.95,9.2,6.39,136.73,3.87,50.78,84.97,3.11,22.97,19.38,2273.92,166.58,Normal,0
102.9,91.07,2.95,45.12,18271.3,393.59,13.48,7.92,138.19,3.89,50.56,84.38,3.39,27.3,19.5,2321.27,168.74,Normal,0
106.29,93.03,3.06,47.46,18261.9,399.84,18.91,7.82,132.62,3.99,49.1,85.17,3.43,33.65,20.25,2337.36,168.0,Normal,0
98.03,75.06,2.54,44.14,16123.1,389.37,13.33,7.03,130.13,3.65,50.33,88.15,3.48,35.39,16.75,1891.69,170.54,Normal,0
105.93,88.4,2.82,44.43,17347.6,379.96,13.65,7.26,135.79,3.95,50.33,85.85,3.46,21.71,18.82,2226.09,168.17,Normal,0
102.12,83.52,2.83,45.54,17181.4,391.32,19.95,8.01,139.63,3.71,48.29,84.11,3.76,18.07,20.01,2121.38,169.94,Normal,0
100.9,82.59,2.72,46.2,16964.8,390.19,15.11,7.1,133.79,3.77,49.23,84.36,3.24,35.39,18.86,2095.31,170.71,Normal,0
95.91,70.68,2.44,44.1,15005.6,363.25,10.44,7.67,135.25,3.94,47.97,82.73,3.28,22.56,17.75,1799.18,169.42,Normal,0
99.4,77.86,2.7,78.86,16350.8,382.12,57.54,7.33,131.08,3.95,48.08,85.76,3.51,34.43,18.06,1941.54,168.72,Scavenge Fire Warning,2
101.95,87.55,2.94,44.79,17330.7,402.58,19.14,7.64,135.07,3.93,50.79,84.0,3.44,29.01,19.79,2255.38,171.31,Normal,0
106.42,98.17,2.4,45.73,20612.9,441.02,14.13,7.52,134.69,3.67,48.94,87.25,3.46,26.08,19.24,2756.2,185.65,Turbocharger Fouling,1
98.34,80.54,2.67,44.61,16595.6,382.6,89.9,6.17,129.77,4.12,48.3,86.17,3.15,20.94,18.4,2193.37,175.49,Fuel Injector Clogged,3
103.76,91.56,3.03,44.2,18063.5,397.69,9.76,7.64,132.41,3.77,52.1,85.54,3.79,31.44,18.45,2306.31,169.18,Normal,0
102.25,84.57,2.79,43.91,17105.0,389.99,8.73,7.33,132.21,3.75,49.36,86.87,3.48,34.36,19.02,2126.28,169.34,Normal,0
102.97,85.77,2.7,92.03,17196.8,393.36,49.85,6.88,131.05,3.67,50.52,86.54,3.12,27.22,18.88,2186.51,168.93,Scavenge Fire Warning,2
95.19,73.72,2.49,46.91,15642.5,373.48,13.21,7.18,133.19,3.7,50.44,85.14,3.51,26.93,17.03,1837.88,166.61,Normal,0
97.08,73.0,2.46,46.23,16167.1,375.35,8.47,7.13,136.27,3.7,50.06,84.0,3.2,33.11,18.54,1784.98,165.32,Normal,0
101.3,80.88,2.71,42.49,16350.4,373.81,10.16,6.94,133.42,3.92,49.79,85.73,3.57,28.0,19.1,2053.09,169.23,Normal,0
101.21,82.78,2.71,42.49,17039.3,384.78,21.53,7.63,137.87,3.96,49.69,85.8,3.16,33.71,19.48,2062.41,166.43,Normal,0
95.25,70.26,2.31,41.83,15285.7,364.01,15.37,7.44,134.09,3.79,49.7,85.4,3.58,19.08,16.77,1803.87,169.15,Normal,0
97.31,74.27,2.53,44.14,15595.5,363.0,10.4,7.62,135.82,3.73,49.12,85.07,3.18,35.15,17.45,1874.09,168.78,Normal,0
106.57,97.85,3.03,41.62,18721.2,398.24,9.1,7.68,136.24,3.78,51.1,102.81,2.05,23.24,21.02,2546.03,172.46,Cooling System Issue,4
105.25,94.58,3.17,44.68,18016.6,400.39,11.18,7.76,138.83,3.84,50.0,86.15,3.42,21.38,20.47,2399.08,169.33,Normal,0
88.65,54.92,1.92,44.5,13233.7,352.13,18.7,7.64,133.21,4.02,48.33,85.83,3.29,18.65,17.06,1442.58,177.27,Normal,0
95.11,62.5,2.17,44.47,14301.6,347.97,61.42,5.32,136.11,3.81,50.69,82.97,3.3,34.68,16.79,1796.57,189.48,Fuel Injector Clogged,3
93.73,67.25,2.33,42.62,14565.3,356.56,12.39,7.7,132.63,3.91,48.55,99.17,2.23,19.2,17.32,1771.02,173.75,Cooling System Issue,4
102.56,86.6,2.87,44.28,17436.1,394.04,19.1,7.58,139.31,4.09,49.92,105.51,2.09,37.09,19.6,2209.88,169.08,Cooling System Issue,4
98.78,76.66,2.43,44.98,15870.1,379.89,8.59,8.27,132.4,3.71,49.88,84.15,3.56,29.3,17.47,1997.41,173.3,Normal,0
92.24,63.98,2.26,44.52,14178.5,367.08,9.61,7.5,135.96,3.94,49.37,84.81,3.74,31.97,17.2,1638.96,169.21,Normal,0
97.62,70.9,2.41,42.87,15124.5,379.56,13.45,7.63,138.9,3.99,49.48,83.5,3.55,32.51,19.26,1796.0,168.64,Normal,0
93.8,71.65,2.36,43.38,15935.6,373.87,12.38,7.47,132.01,3.77,47.97,83.72,3.52,23.85,17.59,1811.62,168.44,Normal,0
102.47,87.01,2.78,44.11,16940.6,385.44,11.43,7.52,136.49,3.94,50.08,87.95,3.1,34.13,18.3,2159.8,167.18,Normal,0
100.83,79.02,2.59,42.32,16473.9,379.7,19.5,7.49,132.52,3.68,49.8,84.89,3.39,36.92,18.75,1986.41,167.31,Normal,0
88.61,55.89,1.57,42.14,15373.5,428.05,6.85,7.35,140.82,4.07,49.66,82.83,3.28,25.4,15.77,1584.32,189.47,Turbocharger Fouling,1
98.89,79.08,2.75,92.42,16307.7,400.96,58.37,7.56,130.27,3.89,50.3,85.03,3.13,34.71,18.45,1945.16,166.06,Scavenge Fire Warning,2
101.97,82.86,2.84,42.74,16990.5,387.28,8.82,7.72,131.21,3.66,50.93,86.56,3.17,33.44,19.52,2114.56,171.71,Normal,0
108.78,99.16,3.21,46.9,19016.5,408.23,53.47,5.8,132.2,3.91,49.46,87.41,3.52,29.79,20.75,2729.44,187.73,Fuel Injector Clogged,3
103.18,86.55,2.81,45.65,17169.5,394.0,10.81,7.79,132.28,3.72,48.9,83.71,3.3,25.35,18.93,2193.27,170.5,Normal,0
97.12,74.9,2.48,45.04,15563.9,373.82,29.43,7.75,136.3,3.88,49.7,84.08,3.13,26.3,18.62,1924.39,170.37,Normal,0
104.76,89.84,2.98,44.03,17866.6,401.61,19.9,7.19,139.5,3.94,51.18,85.86,3.29,24.15,18.53,2296.06,172.31,Normal,0
98.35,76.63,2.69,41.16,16200.2,383.85,79.15,5.13,137.89,3.75,49.25,85.02,3.45,26.53,18.4,2076.75,179.31,Fuel Injector Clogged,3
102.13,82.36,2.66,45.29,16732.7,385.79,15.77,7.66,135.58,3.79,48.97,83.37,3.28,37.79,18.59,2122.94,170.62,Normal,0
104.14,85.14,1.97,43.81,18853.2,433.23,15.44,7.29,135.02,4.03,48.23,83.68,3.18,25.27,17.67,2261.57,181.22,Turbocharger Fouling,1
98.43,83.16,2.85,43.32,16796.4,371.78,22.45,7.13,133.48,3.56,50.11,84.05,3.23,31.31,18.17,2148.48,172.22,Normal,0
101.25,82.08,2.56,42.68,16577.7,388.46,11.57,8.1,135.98,4.08,49.58,83.16,3.56,24.39,18.79,2090.07,169.11,Normal,0
88.9,59.78,1.99,42.37,13973.1,356.42,10.32,7.16,134.48,3.74,48.26,83.84,3.03,27.33,17.13,1523.39,171.83,Normal,0
99.16,70.75,2.36,91.15,15457.8,362.53,64.55,6.97,135.47,3.81,50.09,86.26,3.35,19.68,17.73,1827.09,171.8,Scavenge Fire Warning,2
101.12,83.47,2.17,43.92,19915.9,429.92,11.62,7.23,133.15,3.91,49.67,84.54,3.38,33.26,18.75,2223.2,181.89,Turbocharger Fouling,1
92.78,61.59,2.21,41.29,14310.7,362.28,16.51,7.58,132.0,4.04,48.77,85.76,3.26,31.22,17.34,1588.52,170.5,Normal,0
85.86,50.32,1.88,43.0,12623.2,330.1,21.31,7.53,135.06,4.04,49.16,84.05,3.23,24.95,15.95,1389.79,182.7,Normal,0
95.2,70.6,2.33,43.91,15672.7,370.64,9.18,8.16,135.01,3.92,51.37,84.6,3.58,28.5,18.31,1814.9,172.53,Normal,0
103.99,92.14,3.08,42.19,17941.8,401.92,10.01,7.23,133.51,3.77,49.7,83.69,3.58,35.44,20.1,2370.9,171.17,Normal,0
101.41,78.21,2.71,45.25,16249.8,382.16,20.46,7.58,133.08,4.12,48.64,86.53,3.42,18.89,18.0,1954.46,166.1,Normal,0
95.37,66.4,2.25,46.5,14510.3,359.88,12.77,7.89,136.4,4.05,48.0,84.8,3.3,36.6,17.71,1714.0,172.79,Normal,0
107.79,93.1,2.97,75.71,18094.9,386.38,56.1,7.27,136.14,4.0,50.67,83.8,3.42,27.42,20.42,2401.0,171.91,Scavenge Fire Warning,2
91.46,60.61,2.28,41.0,14193.2,360.46,18.99,7.75,139.69,3.89,47.64,84.88,3.47,35.19,17.6,1582.11,173.18,Normal,0
104.13,88.73,2.94,40.83,17759.4,400.52,85.18,4.71,138.45,3.5,49.62,84.84,3.38,35.23,19.11,2376.82,179.13,Fuel Injector Clogged,3
99.36,78.63,2.62,44.18,16672.2,373.7,17.53,8.12,132.02,4.04,49.25,85.22,3.48,19.17,18.25,1984.08,169.35,Normal,0
89.71,57.97,2.13,44.12,13860.6,356.52,9.42,7.85,134.52,4.02,50.17,84.61,3.34,33.63,17.04,1511.7,173.46,Normal,0
99.76,81.8,2.71,44.7,16786.1,394.9,10.99,7.26,131.59,3.9,50.87,86.73,2.83,32.66,19.28,2089.2,168.45,Normal,0
97.65,73.69,2.42,45.98,15613.2,374.82,22.94,7.79,130.4,3.82,47.78,101.33,2.56,18.86,17.69,1887.82,170.99,Cooling System Issue,4
98.18,77.33,2.57,45.43,16020.6,373.49,12.85,7.96,140.49,3.84,51.06,85.78,3.52,36.81,17.94,1979.91,171.15,Normal,0
101.86,82.59,2.8,47.16,17037.4,391.57,9.25,7.05,138.7,3.78,48.5,86.9,3.41,30.69,18.59,2057.66,167.05,Normal,0
100.84,80.9,2.51,46.21,16822.0,375.23,9.15,7.29,133.43,3.88,49.8,88.26,3.46,21.35,18.73,2017.61,164.84,Normal,0
103.98,88.35,2.85,44.46,17306.4,380.05,12.38,7.97,138.11,3.68,49.14,86.79,3.35,20.46,18.86,2234.58,167.63,Normal,0
101.15,77.35,2.68,44.29,16327.8,383.19,17.81,7.52,138.48,4.0,49.09,85.53,3.37,29.24,18.6,1967.19,169.74,Normal,0
106.96,97.26,2.47,44.48,21674.9,443.58,6.06,7.65,130.2,4.12,49.4,86.22,3.43,19.18,19.2,2680.11,184.69,Turbocharger Fouling,1
99.11,75.17,2.63,43.67,15651.2,371.43,10.53,7.52,137.13,3.81,51.06,86.87,3.75,21.29,17.64,1910.7,170.52,Normal,0
106.46,89.3,3.01,45.24,17781.0,386.61,15.47,7.81,133.77,3.6,49.88,85.23,3.55,36.97,19.59,2234.9,167.81,Normal,0
105.38,88.8,2.88,44.98,17369.6,387.22,13.94,7.68,135.96,3.83,50.22,86.51,3.53,32.89,18.88,2231.09,168.05,Normal,0
100.18,76.54,2.5,46.14,15533.3,386.9,14.89,7.54,142.52,3.94,48.37,87.69,3.44,30.27,18.02,1918.54,167.83,Normal,0
95.33,69.58,1.9,43.07,17127.2,431.15,9.73,6.76,138.96,3.99,47.72,84.65,3.16,22.18,17.53,1877.75,184.31,Turbocharger Fouling,1
105.36,92.12,3.19,43.97,18071.1,409.5,13.36,7.72,134.68,4.07,49.7,83.27,3.62,22.37,21.02,2324.69,167.03,Normal,0
102.22,88.79,3.04,43.8,17574.0,399.71,19.3,7.76,138.55,3.97,50.52,84.52,3.56,26.92,18.65,2284.31,169.72,Normal,0
100.12,78.25,2.6,45.24,16911.5,381.54,10.88,7.07,130.19,3.62,49.4,85.48,3.47,33.08,18.57,1962.14,168.57,Normal,0
98.94,76.12,2.48,41.99,16098.6,363.69,80.71,4.91,136.26,3.71,50.4,84.04,3.39,18.08,17.62,2102.16,179.43,Fuel Injector Clogged,3
101.75,83.55,2.75,44.38,16975.6,382.93,7.16,7.68,136.32,3.93,49.88,100.63,2.43,18.89,18.3,2102.43,168.9,Cooling System Issue,4
104.56,87.57,2.87,47.0,17540.9,406.72,15.36,7.57,136.76,3.78,49.95,85.15,3.36,35.4,18.79,2218.14,168.5,Normal,0
97.5,76.9,1.97,44.59,17485.2,413.01,9.84,6.81,133.73,4.12,50.0,85.75,3.53,34.28,18.21,2045.58,175.63,Turbocharger Fouling,1
105.4,87.85,2.87,44.92,17685.4,401.92,8.21,7.21,135.95,3.71,50.05,104.7,1.66,31.89,20.21,2208.51,168.78,Cooling System Issue,4
102.31,82.34,2.81,44.53,16871.5,383.36,55.17,6.26,137.14,4.01,50.65,84.59,3.06,27.99,19.53,2286.86,182.82,Fuel Injector Clogged,3
105.17,92.58,2.85,43.86,18141.7,374.3,15.69,7.74,129.19,3.73,50.72,87.39,3.18,20.9,19.52,2355.47,169.09,Normal,0
103.45,88.33,2.94,95.21,17404.5,395.54,52.23,7.3,134.21,3.89,50.89,84.96,3.43,20.04,19.23,2248.46,170.8,Scavenge Fire Warning,2
108.45,99.64,3.3,45.68,18610.5,414.68,8.67,7.45,132.74,3.68,51.2,86.86,3.35,36.11,20.82,2610.58,173.16,Normal,0
104.4,85.67,2.75,45.26,17098.7,386.7,16.74,7.19,136.66,3.94,51.22,85.44,3.37,25.65,19.17,2170.02,170.2,Normal,0
107.25,97.6,2.59,47.23,21141.2,442.77,9.17,7.96,138.44,3.97,51.22,85.88,3.17,31.91,19.89,2690.65,185.31,Turbocharger Fouling,1
98.7,75.94,2.47,44.21,15894.3,361.58,28.66,7.56,133.47,3.93,51.16,85.92,3.45,27.12,18.61,1930.77,166.32,Normal,0
105.41,92.92,3.04,47.46,18178.6,385.06,18.96,7.27,132.28,4.11,49.64,83.48,3.21,32.62,20.8,2387.75,171.46,Normal,0
108.99,96.86,3.09,48.16,18555.8,402.71,22.99,7.1,135.29,3.7,51.19,86.41,3.49,21.87,20.84,2514.62,173.38,Normal,0
95.0,69.01,2.31,44.71,15220.8,370.08,13.55,7.06,132.12,3.94,47.72,85.42,3.15,27.69,18.37,1734.81,167.35,Normal,0
103.08,87.03,2.79,46.8,17164.0,399.64,9.79,8.13,134.43,3.98,50.86,86.5,3.25,25.54,19.18,2265.91,171.01,Normal,0
89.25,53.17,1.94,40.77,13189.0,351.58,19.55,7.44,134.17,3.84,48.45,83.68,3.22,22.9,15.4,1472.46,181.84,Normal,0
102.44,84.9,2.85,43.07,16972.0,376.58,8.44,7.36,136.45,3.87,50.76,85.4,3.5,29.95,17.87,2153.49,169.61,Normal,0
105.31,89.17,2.89,45.91,17307.5,393.16,6.95,7.43,135.79,3.94,51.69,82.62,3.32,28.74,18.23,2270.52,169.42,Normal,0
94.47,69.28,2.23,41.53,15123.6,371.4,14.91,7.28,135.4,4.06,49.92,83.97,3.48,27.91,17.46,1819.41,173.75,Normal,0
96.28,71.4,2.43,43.28,15762.5,354.25,7.96,7.46,139.09,4.09,48.8,85.07,3.61,29.82,18.09,1816.19,170.19,Normal,0
102.24,80.47,2.69,45.59,16238.4,380.24,12.36,7.51,135.67,3.75,48.53,102.42,2.16,20.85,19.15,2015.77,168.4,Cooling System Issue,4
102.57,87.71,2.84,47.14,17489.4,386.95,12.08,7.51,133.96,3.89,50.48,106.28,2.13,25.41,19.48,2282.88,172.29,Cooling System Issue,4
93.79,65.88,2.39,42.89,14910.8,357.12,17.53,7.06,134.26,3.74,48.68,103.91,1.93,24.49,16.83,1729.1,174.19,Cooling System Issue,4
99.03,76.37,2.41,43.13,16552.3,379.45,8.3,7.81,133.09,3.79,50.1,86.1,3.63,33.38,18.65,1898.61,165.32,Normal,0
92.61,65.52,2.06,43.72,14581.3,352.7,7.63,7.31,132.45,3.91,48.44,84.44,3.67,18.71,16.51,1688.67,170.14,Normal,0
106.28,96.65,3.05,44.12,18442.6,404.15,11.73,7.27,131.53,3.98,49.42,83.93,3.39,23.64,19.52,2495.77,173.33,Normal,0
101.08,81.66,2.74,44.27,16450.8,386.55,5.87,7.25,137.84,3.95,49.43,85.99,3.64,36.37,19.13,2084.93,170.5,Normal,0
96.87,72.04,2.33,43.75,15756.1,378.72,14.46,7.13,133.2,3.92,49.74,87.08,3.46,24.01,17.1,1840.1,166.62,Normal,0
105.92,90.29,2.85,45.18,17596.0,383.88,13.94,7.59,135.79,3.91,50.19,85.15,3.1,21.04,19.12,2330.06,171.41,Normal,0
101.03,77.45,2.64,44.33,16100.2,364.78,14.04,7.81,134.25,3.97,48.67,84.01,3.29,33.15,17.77,1952.99,167.29,Normal,0
104.57,93.46,3.05,44.23,17776.2,399.06,11.65,7.25,134.93,3.88,52.01,85.82,3.31,18.96,19.98,2415.1,172.15,Normal,0
94.67,67.06,2.31,42.27,15077.1,361.54,25.74,6.85,137.88,3.85,48.88,84.54,3.33,26.53,17.72,1676.18,169.38,Normal,0
102.13,82.56,2.77,43.48,17075.3,406.43,15.09,7.14,135.44,3.73,47.45,88.43,3.23,35.11,19.21,2011.78,163.43,Normal,0
105.04,87.31,2.81,42.55,17599.5,392.8,16.74,7.34,132.69,3.82,50.86,86.7,3.23,37.08,18.95,2177.95,165.26,Normal,0
105.39,90.66,2.91,45.77,17479.7,393.79,10.22,7.07,133.59,3.72,50.07,85.78,3.64,22.98,19.51,2269.15,167.45,Normal,0
102.73,85.2,2.85,46.16,17283.8,385.12,11.81,7.29,137.15,3.95,49.66,81.93,3.09,23.92,19.54,2134.6,167.22,Normal,0
97.73,72.3,2.32,44.98,15169.1,360.63,83.94,5.08,136.21,4.14,49.06,84.72,3.27,29.35,17.55,1968.74,192.04,Fuel Injector Clogged,3
103.33,85.53,2.19,44.45,19952.4,447.83,13.37,7.49,137.31,3.94,49.66,87.64,3.51,22.53,18.58,2246.6,174.75,Turbocharger Fouling,1
92.84,65.84,2.21,96.03,14775.0,361.67,53.76,6.99,134.4,3.67,50.63,84.73,3.3,21.01,16.87,1668.68,170.91,Scavenge Fire Warning,2
100.89,80.97,2.74,45.59,16689.9,380.59,16.94,7.7,131.51,3.78,50.11,86.23,3.47,26.52,18.33,2028.45,167.02,Normal,0
102.11,80.25,2.67,45.38,16648.7,381.07,12.59,8.08,136.27,3.88,49.87,85.68,3.33,19.44,18.64,2016.61,167.99,Normal,0
94.1,66.68,2.34,43.66,14832.6,365.11,5.57,8.0,135.63,3.72,48.74,84.08,3.48,35.88,17.32,1728.88,172.52,Normal,0
106.94,96.67,2.95,48.35,18152.3,386.93,78.4,5.75,135.7,3.82,52.08,87.9,3.21,24.68,20.08,2686.68,189.92,Fuel Injector Clogged,3
90.31,59.05,2.08,42.68,13998.6,360.5,22.01,7.73,131.55,4.03,49.5,84.59,3.07,24.73,16.13,1547.87,175.67,Normal,0
100.44,87.3,2.9,44.6,17434.5,382.36,22.7,7.69,133.4,4.06,50.92,84.64,3.33,33.83,18.73,2239.58,170.23,Normal,0
105.94,94.33,2.93,44.95,18092.1,396.8,15.86,7.48,132.65,4.1,50.52,85.8,3.08,24.83,20.35,2460.28,170.76,Normal,0
99.61,77.6,2.64,41.87,15854.6,387.29,11.79,7.56,136.0,3.71,50.49,86.82,3.39,33.22,18.58,1916.6,164.5,Normal,0
99.65,80.02,2.63,45.39,16841.1,394.26,20.71,7.74,136.08,3.86,49.99,83.43,3.2,21.62,18.34,2032.6,168.51,Normal,0
100.03,82.81,2.96,44.47,17121.7,369.9,12.12,7.81,134.89,3.85,49.36,85.64,3.2,28.58,18.83,2078.76,166.77,Normal,0
103.78,91.47,2.79,46.08,18089.2,394.58,20.24,7.22,137.42,3.73,50.49,85.75,3.66,33.37,20.42,2360.21,171.7,Normal,0
107.5,96.13,3.2,48.45,18366.9,402.34,13.33,7.76,138.73,3.83,52.42,84.0,3.45,27.0,20.09,2528.23,174.63,Normal,0
96.59,66.4,2.23,42.73,14246.0,350.94,11.38,8.08,135.88,3.92,49.19,85.58,3.12,19.44,17.3,1681.36,170.26,Normal,0
109.27,98.92,3.04,88.63,19033.5,410.07,62.4,7.81,136.68,3.9,51.72,86.26,3.39,32.74,21.31,2572.03,173.7,Scavenge Fire Warning,2
102.46,89.48,2.86,45.88,17765.3,392.78,8.72,8.04,133.65,4.05,51.22,86.63,3.37,27.88,20.14,2294.58,170.68,Normal,0
104.7,88.45,2.9,45.33,17474.3,392.12,9.37,6.6,133.19,3.87,50.54,86.9,3.03,24.33,19.02,2207.2,167.45,Normal,0
98.26,77.17,2.64,43.07,16393.3,369.12,7.79,7.71,137.52,3.82,51.13,85.02,3.46,37.86,18.97,1952.7,168.14,Normal,0
100.32,81.82,2.83,45.14,16914.6,385.58,15.15,7.59,132.81,3.72,47.51,84.61,3.57,35.52,18.67,1995.84,164.95,Normal,0
102.9,87.91,2.98,46.21,17527.3,396.59,12.4,7.86,136.74,4.15,48.12,104.29,2.42,18.76,18.72,2267.38,171.03,Cooling System Issue,4
92.77,61.66,2.05,41.51,14214.9,358.09,37.25,7.11,139.3,4.09,50.5,83.69,3.35,29.87,17.64,1629.38,176.42,Normal,0
102.35,82.27,2.79,44.13,16795.6,378.73,15.37,7.32,136.63,3.93,49.05,85.3,3.3,25.09,18.39,2087.17,168.28,Normal,0
103.42,88.12,2.9,47.26,17664.2,386.66,65.34,5.51,134.8,3.82,50.08,84.37,3.47,18.75,19.07,2468.81,178.43,Fuel Injector Clogged,3
100.68,81.25,2.62,43.42,16468.2,383.33,12.06,7.13,131.65,4.12,51.41,85.95,3.36,18.23,18.49,2075.43,168.55,Normal,0
106.35,94.0,3.02,45.62,18344.1,397.89,53.86,5.2,135.41,3.8,50.43,84.68,3.36,29.68,21.15,2563.91,189.57,Fuel Injector Clogged,3
88.83,54.37,1.87,38.41,13093.3,355.2,10.24,7.49,137.52,3.73,50.14,82.06,3.25,24.4,15.59,1417.3,176.98,Normal,0
108.6,97.77,3.14,43.6,19015.3,398.37,6.14,7.43,134.55,3.85,50.01,85.22,3.77,32.07,19.93,2494.57,171.9,Normal,0
98.65,79.84,2.58,44.62,16597.4,370.06,7.81,7.7,137.55,3.7,50.21,85.41,3.35,27.09,18.38,1980.57,166.96,Normal,0
104.72,91.09,2.87,47.13,17735.0,396.74,10.69,7.11,135.91,3.88,50.16,84.13,3.53,33.33,19.97,2337.5,170.28,Normal,0
105.01,95.33,3.11,43.58,18434.3,395.35,7.24,7.23,135.73,4.02,51.78,84.75,3.45,34.26,20.01,2444.09,172.39,Normal,0
95.66,69.63,2.4,74.28,15016.3,373.31,45.87,7.45,134.21,3.67,48.87,84.03,2.94,31.14,17.21,1768.37,169.64,Scavenge Fire Warning,2
97.25,73.63,2.45,43.33,16034.2,372.09,18.86,7.08,131.36,3.77,48.35,84.35,3.33,26.36,18.37,1875.68,170.41,Normal,0
99.42,78.14,2.7,45.68,16624.4,382.91,9.39,7.93,133.94,4.02,49.05,85.48,3.19,37.77,19.24,1984.27,168.83,Normal,0
97.4,75.53,2.49,42.22,16094.9,366.3,10.81,7.22,133.92,3.82,48.98,85.79,3.58,24.13,17.2,1906.38,167.31,Normal,0
93.92,69.59,2.32,44.21,15541.8,368.14,12.0,7.78,136.44,3.98,48.48,84.21,3.17,28.29,17.2,1769.9,169.41,Normal,0
99.79,84.99,2.83,43.82,17156.8,380.64,11.33,7.19,134.96,3.92,49.14,99.9,2.21,28.41,19.38,2156.39,168.21,Cooling System Issue,4
102.38,85.59,2.79,45.18,17366.4,377.22,12.78,7.75,137.71,3.99,50.97,85.59,3.58,26.57,18.39,2136.47,167.7,Normal,0
90.77,60.39,2.1,42.93,14318.6,348.6,6.55,6.94,135.7,3.86,50.13,85.04,3.45,20.43,16.64,1598.7,174.79,Normal,0
95.67,71.3,2.19,43.33,15410.8,364.76,19.71,7.99,133.74,3.53,49.6,86.79,3.4,25.08,18.54,1765.2,164.87,Normal,0
105.93,90.17,2.93,45.93,17787.5,402.68,11.66,7.9,132.96,3.9,49.41,86.98,3.33,22.3,19.94,2305.67,169.62,Normal,0
100.23,82.41,2.56,44.66,17007.2,378.45,9.1,7.31,133.49,3.63,49.12,103.48,1.82,36.0,19.14,2077.82,168.71,Cooling System Issue,4
97.82,70.5,2.28,43.44,15454.4,357.95,14.23,7.21,135.4,4.06,47.1,84.65,3.16,31.11,18.15,1772.76,170.55,Normal,0
102.83,81.5,2.58,83.78,16521.2,382.93,69.84,7.66,134.07,3.87,50.05,85.81,3.43,23.76,18.94,2091.27,170.25,Scavenge Fire Warning,2
93.44,69.75,2.27,43.7,14737.1,367.42,8.63,6.97,132.31,3.88,48.46,83.77,3.59,29.31,17.42,1769.0,169.3,Normal,0
95.35,68.57,2.28,43.82,15032.9,361.78,14.47,7.51,137.52,4.03,50.56,84.32,3.24,35.06,18.09,1783.3,171.62,Normal,0
105.76,95.19,3.03,44.13,17937.0,397.69,57.22,5.4,135.38,3.56,48.91,86.62,3.4,36.69,19.76,2784.87,186.36,Fuel Injector Clogged,3
100.47,89.22,2.95,44.61,17433.9,399.33,21.2,7.41,135.69,3.81,49.42,85.87,3.38,19.5,19.38,2316.64,169.8,Normal,0
103.34,92.08,3.0,43.78,17817.9,400.47,17.1,7.27,132.94,3.9,50.05,85.69,3.46,33.74,18.75,2331.34,167.41,Normal,0
97.1,70.6,1.77,43.59,16977.6,418.23,10.3,7.22,132.4,3.96,49.64,84.04,3.3,37.33,17.42,1896.29,185.57,Turbocharger Fouling,1
104.6,84.67,2.78,43.89,17264.8,376.37,8.76,8.1,134.59,3.79,51.61,83.65,3.13,27.34,19.09,2116.64,168.52,Normal,0
98.57,73.54,2.48,45.04,15920.6,395.02,9.36,7.77,129.93,3.83,47.94,106.41,1.72,37.91,18.0,1841.45,168.12,Cooling System Issue,4
99.33,76.9,2.53,45.16,16224.3,384.53,20.99,6.98,136.95,4.12,49.16,84.97,2.98,37.14,18.86,1898.77,165.83,Normal,0
98.73,76.45,2.54,42.73,16196.0,379.7,15.83,7.19,133.24,4.03,48.01,83.3,3.54,31.14,18.0,1864.94,163.3,Normal,0
105.18,87.15,2.86,44.97,17538.0,379.62,17.33,7.8,134.33,3.75,50.71,85.54,3.47,34.95,19.04,2254.04,172.57,Normal,0
101.49,76.82,2.61,45.1,15553.1,383.61,12.42,7.84,136.07,4.09,48.81,85.54,3.4,23.93,17.97,1949.43,168.77,Normal,0
95.41,70.48,2.25,43.38,15312.4,364.09,6.7,7.02,134.44,4.03,49.07,83.99,3.27,36.35,17.84,1787.7,167.15,Normal,0
98.27,80.98,2.65,43.39,16227.4,379.67,14.39,7.74,132.08,3.95,49.47,85.72,3.37,29.84,19.62,1997.21,165.49,Normal,0
96.32,76.65,2.67,42.49,16192.8,362.36,9.09,7.59,138.76,3.97,49.57,85.4,3.39,28.19,16.9,1906.19,167.61,Normal,0
105.02,87.83,2.97,46.31,17018.7,379.86,19.09,6.82,131.17,3.68,49.8,85.15,3.31,34.71,19.05,2259.28,170.54,Normal,0
96.69,71.88,2.48,45.1,15445.1,373.36,9.39,7.36,129.41,4.14,48.26,84.38,3.31,35.79,17.62,1855.6,170.25,Normal,0
94.33,66.16,2.3,76.09,14890.9,370.75,62.12,7.45,137.19,4.08,49.06,84.25,3.64,32.02,16.01,1701.99,172.24,Scavenge Fire Warning,2
97.97,79.67,2.76,45.52,16213.1,385.07,16.04,7.52,131.35,3.92,48.79,84.16,3.17,18.5,18.49,2002.16,166.23,Normal,0
106.17,97.44,3.28,41.35,18891.4,407.0,37.73,7.04,138.13,3.85,51.2,86.31,3.58,29.94,20.04,2528.45,172.2,Normal,0
96.89,73.0,2.43,45.83,15736.7,370.73,12.27,7.23,135.94,3.89,49.34,83.91,3.11,34.43,17.67,1824.85,168.99,Normal,0
100.92,80.99,2.59,44.24,16707.0,377.98,80.03,5.42,135.71,3.79,48.6,84.3,3.69,28.91,18.03,2159.07,184.45,Fuel Injector Clogged,3
95.6,70.4,2.35,43.84,15453.4,370.31,19.16,7.31,133.58,4.0,51.57,85.41,2.97,36.7,17.64,1793.03,170.47,Normal,0
101.73,86.67,3.07,44.45,17254.7,394.91,11.72,7.32,132.94,3.73,51.56,85.18,3.48,35.95,18.53,2263.49,171.81,Normal,0
104.39,92.78,2.87,47.52,18130.4,396.01,10.85,7.45,134.06,3.85,52.62,85.79,3.28,28.59,19.31,2385.5,170.87,Normal,0
106.91,93.1,2.97,43.86,18140.0,406.06,9.89,7.61,132.81,3.84,49.85,83.67,3.37,26.08,19.73,2358.26,169.41,Normal,0
106.43,94.91,2.94,47.8,18361.0,396.92,13.04,8.12,138.02,3.88,49.44,85.17,3.38,19.1,20.63,2387.39,168.43,Normal,0
104.42,88.49,2.89,45.67,17412.9,382.77,10.41,7.8,133.14,3.99,50.79,107.96,2.24,30.65,19.65,2225.3,169.43,Cooling System Issue,4
99.56,80.91,2.57,45.41,16340.9,381.06,21.7,7.96,136.27,3.94,50.75,83.1,3.05,23.32,19.06,2039.16,166.69,Normal,0
96.23,78.86,2.6,43.81,16283.2,379.42,17.05,7.33,137.51,3.99,49.75,87.25,3.39,31.37,19.67,2003.54,168.88,Normal,0
99.55,79.81,2.48,42.42,16389.4,379.1,13.46,7.15,132.8,3.59,47.49,85.51,3.43,33.98,18.85,2029.12,168.73,Normal,0
100.95,84.21,2.81,46.13,16864.6,395.51,12.97,7.78,135.94,3.93,48.81,84.73,3.28,26.17,18.37,2145.77,171.39,Normal,0
99.21,76.54,2.64,44.59,16254.5,382.11,9.69,7.49,132.77,3.91,49.87,84.82,3.38,18.31,17.93,1946.73,168.61,Normal,0
108.61,91.02,2.33,47.32,20317.9,426.99,12.39,7.76,134.57,3.89,49.44,87.12,3.28,35.31,19.13,2482.69,179.97,Turbocharger Fouling,1
95.11,66.53,2.25,43.03,14778.1,375.43,11.93,7.19,133.85,3.85,47.63,81.93,3.5,28.98,17.24,1679.66,169.41,Normal,0
97.08,65.5,2.22,42.61,14943.8,339.94,26.14,7.73,133.26,4.11,48.69,86.32,3.47,24.3,16.98,1661.09,168.29,Normal,0
104.8,89.61,2.92,47.25,17901.1,409.22,11.67,7.44,135.39,3.88,46.79,85.9,3.44,30.68,18.95,2287.64,171.53,Normal,0
105.16,94.33,3.04,48.41,18558.8,395.61,15.35,7.34,131.96,3.71,49.64,86.99,3.52,31.49,20.52,2457.51,173.49,Normal,0
102.19,83.67,2.8,44.71,16828.8,383.07,15.71,7.37,137.32,3.78,49.34,83.25,3.62,20.95,19.55,2098.74,167.54,Normal,0
103.94,83.75,2.84,43.57,17140.7,384.2,9.0,7.67,132.3,4.0,50.08,85.08,3.22,30.93,19.06,2080.52,164.34,Normal,0
107.26,92.07,2.91,46.58,17775.3,398.17,11.58,7.77,131.83,3.82,50.69,82.89,3.8,23.73,19.15,2401.4,172.91,Normal,0
101.64,85.07,2.76,44.42,17073.2,386.34,16.87,7.37,134.37,3.86,50.21,86.84,3.47,34.07,19.15,2180.41,170.76,Normal,0
101.63,82.58,2.78,45.51,16783.0,382.16,8.67,7.62,134.07,3.84,50.61,96.48,2.11,36.83,18.48,2083.68,167.87,Cooling System Issue,4
92.2,65.75,1.55,42.87,16382.1,410.91,29.04,7.62,135.89,4.09,48.79,83.43,3.81,20.05,18.02,1804.08,188.68,Turbocharger Fouling,1
103.45,85.39,2.63,88.93,17094.7,391.27,44.37,7.76,135.21,3.93,48.39,83.09,3.33,36.35,18.4,2156.35,168.35,Scavenge Fire Warning,2
100.5,76.19,2.55,43.05,15914.9,367.56,10.36,7.85,130.93,3.72,49.47,85.58,3.18,36.07,18.63,1915.12,168.65,Normal,0
106.72,96.37,3.14,46.43,18329.6,406.38,8.17,8.13,137.47,3.67,49.46,85.94,3.31,24.86,20.54,2432.25,168.77,Normal,0
92.79,65.07,2.16,42.47,14821.8,365.53,23.5,7.34,134.31,3.94,47.57,83.71,3.3,18.58,17.72,1677.88,173.79,Normal,0
96.66,70.73,2.33,43.24,15301.7,364.06,11.85,8.01,135.6,3.82,49.76,85.15,3.6,31.26,17.84,1772.85,165.78,Normal,0
97.72,72.95,2.38,43.22,15663.1,377.53,15.23,7.54,140.51,3.58,47.87,83.98,3.38,24.89,17.73,1890.15,172.19,Normal,0
93.75,65.2,2.16,44.32,14686.5,360.24,8.52,7.12,138.22,3.83,49.61,82.5,3.42,21.83,18.63,1704.56,174.93,Normal,0
104.64,90.39,2.99,46.61,17810.5,391.21,9.86,7.27,135.53,3.8,48.78,85.18,3.41,20.17,19.06,2219.58,164.51,Normal,0
101.33,83.1,2.63,45.48,16908.1,381.89,18.66,7.66,131.57,3.81,49.45,87.3,3.61,21.92,19.33,2138.31,171.26,Normal,0
91.69,58.83,2.03,42.54,13786.8,334.12,23.21,7.75,131.61,4.07,48.08,85.52,3.34,22.75,16.6,1516.47,174.24,Normal,0
101.44,80.71,2.59,44.67,16901.0,376.68,9.28,7.14,137.91,3.54,50.77,85.77,3.36,33.92,18.87,2028.22,168.85,Normal,0
92.4,65.05,2.1,44.55,14798.6,367.02,15.06,7.23,134.0,3.82,49.52,84.89,3.28,33.68,17.38,1644.15,168.53,Normal,0
102.7,89.07,2.96,46.52,17637.5,391.16,14.96,7.31,134.58,3.96,49.18,85.13,3.32,27.89,18.81,2288.99,168.59,Normal,0
91.41,61.24,2.07,38.86,14056.6,346.27,18.66,7.2,132.14,3.85,48.6,85.33,3.49,29.07,16.01,1576.83,170.92,Normal,0
103.55,85.9,2.82,44.46,17211.3,395.09,15.56,6.84,136.11,3.67,51.19,86.11,3.53,36.36,18.39,2153.83,166.94,Normal,0
98.52,75.5,2.39,43.7,16028.9,371.98,16.67,6.72,137.85,3.8,50.89,84.92,3.71,36.16,17.9,1916.07,170.75,Normal,0
96.59,73.26,2.39,44.86,15987.7,361.8,6.65,7.37,138.81,3.97,47.93,85.17,3.38,34.57,18.11,1861.65,170.68,Normal,0
100.43,79.66,2.69,44.27,16155.9,397.23,14.78,7.59,133.88,3.84,50.9,83.26,3.35,25.49,18.16,2047.51,169.64,Normal,0
105.57,94.47,3.25,77.6,18453.9,389.66,48.78,7.73,136.61,3.71,51.49,85.2,3.47,25.33,19.11,2402.95,170.06,Scavenge Fire Warning,2
93.39,62.48,1.99,83.28,14558.0,365.14,68.35,7.02,134.76,4.02,48.99,83.07,3.32,35.76,17.49,1605.79,171.22,Scavenge Fire Warning,2
96.45,70.35,2.35,44.02,14966.6,361.78,19.81,7.03,137.2,3.97,49.07,83.36,3.28,36.53,16.76,1761.61,166.1,Normal,0
102.91,87.48,2.88,46.35,17395.3,390.44,56.5,5.19,134.99,3.66,49.39,86.06,3.46,33.97,19.6,2519.11,189.64,Fuel Injector Clogged,3
102.25,84.16,2.71,42.52,16786.4,377.99,16.83,7.5,132.94,3.88,48.53,83.85,3.33,33.14,18.54,2165.52,172.13,Normal,0
91.44,57.6,2.08,46.38,13795.2,342.09,18.31,7.85,138.3,3.77,48.93,85.23,3.35,29.16,17.2,1515.92,178.44,Normal,0
100.17,81.44,2.61,46.3,16601.7,385.98,17.6,7.75,135.25,4.05,49.49,86.5,3.51,24.77,18.42,2035.3,168.09,Normal,0
101.57,82.0,2.71,44.56,16721.1,385.74,14.25,7.37,134.12,4.06,50.12,85.21,3.46,22.81,17.73,2088.02,169.05,Normal,0
98.99,77.19,2.52,42.93,16058.1,385.64,14.71,7.63,135.44,3.85,49.93,84.36,3.76,20.81,18.31,1945.66,168.61,Normal,0
105.11,90.85,3.04,45.01,18014.7,393.29,19.48,7.2,133.16,4.0,52.61,86.87,3.57,32.56,19.13,2348.3,171.58,Normal,0
98.69,78.14,2.53,44.38,16317.3,395.43,31.43,7.53,136.04,3.77,50.71,85.79,3.26,33.54,18.91,1986.68,171.54,Normal,0
105.38,92.55,2.96,95.17,18120.1,397.84,58.69,7.48,134.51,3.81,50.71,87.14,3.33,25.17,19.99,2361.54,169.22,Scavenge Fire Warning,2
100.01,76.28,2.13,46.35,18070.8,440.92,10.79,7.99,133.01,3.81,47.3,83.75,3.15,18.12,17.87,1996.63,174.78,Turbocharger Fouling,1
94.16,68.68,2.24,42.78,15210.8,354.98,66.91,6.39,140.94,3.92,49.48,84.43,3.22,36.77,16.92,1896.94,189.06,Fuel Injector Clogged,3
102.2,88.78,2.89,45.95,17540.0,386.06,26.66,7.23,132.48,3.85,51.58,85.29,3.63,26.74,18.78,2268.74,169.09,Normal,0
100.58,84.57,2.62,42.83,17445.3,389.87,7.7,7.23,135.88,3.86,49.38,85.63,3.35,37.49,18.68,2132.49,169.77,Normal,0
100.81,84.78,2.69,44.16,16826.0,385.3,8.11,7.38,135.14,3.85,52.01,86.14,3.15,31.55,19.87,2155.31,168.21,Normal,0
104.77,89.45,2.94,45.72,17301.2,393.31,13.16,6.95,132.44,3.86,50.57,85.74,3.05,20.48,19.41,2248.64,167.63,Normal,0
98.27,79.28,2.54,45.38,16012.2,372.57,9.35,7.42,134.16,4.07,49.86,86.77,3.14,24.54,19.1,1964.59,166.33,Normal,0
104.8,92.31,2.94,44.26,17581.6,396.37,13.94,7.45,131.64,3.53,49.16,85.24,3.26,31.14,18.88,2352.95,167.92,Normal,0
97.77,72.51,2.47,43.14,15711.8,371.58,17.65,7.66,140.17,4.2,50.77,83.64,3.4,30.99,16.74,1840.14,168.63,Normal,0
100.75,79.98,2.59,46.59,16618.9,370.53,12.69,7.71,134.33,3.83,48.77,84.4,3.33,22.64,18.03,2058.54,170.07,Normal,0
100.61,81.95,2.76,46.3,17009.9,387.58,10.81,7.53,134.54,3.86,49.12,84.33,3.53,21.54,19.18,2082.76,168.9,Normal,0
102.68,85.38,2.81,45.14,16939.5,373.12,17.32,6.93,139.86,4.06,47.96,84.87,3.23,23.54,18.94,2168.21,169.56,Normal,0
89.81,57.25,2.04,39.23,13820.3,353.04,7.55,7.07,132.94,4.06,49.47,83.97,3.62,33.74,16.97,1477.7,173.59,Normal,0
106.75,97.29,3.22,49.55,18673.9,415.74,9.99,7.29,138.24,3.89,50.97,102.5,2.11,22.84,21.0,2480.23,170.14,Cooling System Issue,4
100.72,81.72,2.71,44.51,16751.4,387.59,14.37,7.73,136.48,4.06,49.69,85.55,3.48,32.04,18.19,2066.66,168.4,Normal,0
102.19,78.22,2.71,43.79,16415.1,383.17,15.2,7.72,130.05,3.86,50.26,84.58,3.31,35.4,18.93,2013.19,170.54,Normal,0
90.97,57.88,2.09,41.85,13568.0,345.16,16.49,7.41,134.07,4.11,49.25,85.57,3.58,25.83,17.33,1530.97,177.03,Normal,0
104.87,83.97,2.71,45.28,17565.0,399.11,10.32,8.33,136.09,3.68,49.41,83.03,3.16,18.14,19.6,2109.67,166.89,Normal,0
86.42,52.31,1.97,42.76,13331.8,356.4,7.75,8.05,135.09,4.05,47.57,81.42,3.18,20.84,15.01,1469.59,184.08,Normal,0
96.33,71.19,2.41,45.12,15281.2,362.23,9.44,7.93,135.1,4.0,47.49,86.05,3.23,24.24,16.65,1765.34,165.11,Normal,0
95.18,71.96,1.97,42.37,17523.7,427.18,8.91,7.75,133.48,4.08,49.06,85.99,3.61,21.8,17.57,1880.11,179.16,Turbocharger Fouling,1
96.25,72.95,2.08,43.37,17913.5,422.35,8.89,7.66,133.22,4.01,47.97,86.4,3.36,23.79,17.68,1944.24,177.96,Turbocharger Fouling,1
106.01,88.59,2.97,48.13,17614.2,405.11,64.16,5.42,134.23,3.88,50.15,86.31,3.23,28.88,19.92,2426.81,179.66,Fuel Injector Clogged,3
100.52,82.15,2.17,44.91,19454.7,434.85,8.59,6.87,139.9,3.82,49.54,85.29,3.36,18.42,18.22,2193.31,180.09,Turbocharger Fouling,1
99.78,73.53,2.6,43.62,15434.6,363.89,18.97,7.13,132.73,3.86,48.91,96.63,2.35,19.29,18.24,1831.58,168.22,Cooling System Issue,4
91.15,63.11,2.25,41.64,14451.5,357.74,9.98,7.42,133.79,3.9,49.89,82.6,3.21,35.11,16.35,1606.7,169.29,Normal,0
92.28,64.98,2.26,43.96,14286.7,343.86,15.77,7.54,135.07,3.75,47.94,84.78,3.43,28.45,17.38,1660.88,171.2,Normal,0
103.51,89.1,2.81,84.1,17733.4,391.53,32.28,7.46,131.34,4.11,48.16,83.84,3.38,36.71,19.19,2264.72,169.57,Scavenge Fire Warning,2
102.49,85.66,2.78,46.16,17184.1,396.56,11.21,7.6,136.08,4.01,49.63,88.39,3.31,18.07,19.35,2202.52,170.3,Normal,0
99.15,74.8,2.5,43.6,16276.3,361.99,11.16,6.76,131.78,3.94,48.63,104.28,1.79,18.0,17.89,1909.2,171.24,Cooling System Issue,4
107.75,97.83,3.19,46.37,18388.8,403.31,17.45,7.68,132.28,3.93,50.52,85.82,3.56,32.79,18.97,2508.68,171.06,Normal,0
101.54,84.34,2.81,83.51,17344.0,380.77,64.42,7.52,132.16,3.98,48.88,87.18,3.32,27.53,19.32,2168.21,171.63,Scavenge Fire Warning,2
99.75,79.16,1.93,45.94,18387.1,425.45,10.38,7.43,130.9,3.73,49.98,84.73,2.87,36.28,19.22,2099.86,181.72,Turbocharger Fouling,1
97.04,73.4,2.46,80.47,15382.6,367.19,49.82,7.82,138.17,4.0,48.33,84.5,3.46,33.73,17.47,1838.91,167.63,Scavenge Fire Warning,2
103.31,90.35,2.99,41.41,17424.3,405.08,13.21,7.13,136.3,4.03,49.08,82.51,3.47,28.08,20.07,2281.5,168.78,Normal,0
97.69,76.46,2.47,44.56,16112.6,370.8,9.85,7.42,137.31,3.79,50.06,83.49,3.57,27.57,17.9,1909.32,164.29,Normal,0
104.55,87.55,2.99,46.2,17186.0,395.61,15.4,7.6,137.08,3.62,49.89,108.05,2.31,34.22,18.51,2200.16,168.01,Cooling System Issue,4
100.08,84.92,2.61,43.16,16817.9,388.16,17.4,7.2,134.58,3.69,48.63,87.4,3.42,34.07,18.7,2181.97,170.98,Normal,0
105.7,88.68,3.0,45.08,17629.3,389.74,18.98,6.8,134.93,3.83,49.04,84.48,3.31,23.54,19.31,2263.97,170.08,Normal,0
93.37,65.48,2.23,42.84,14783.9,355.52,11.63,7.1,137.53,3.76,48.57,84.86,3.31,31.49,16.43,1686.63,171.62,Normal,0
96.91,74.34,2.56,44.1,15800.9,375.51,14.63,7.48,139.1,3.88,48.2,88.22,3.52,30.86,18.87,1893.69,169.18,Normal,0
96.56,69.51,2.38,42.74,15153.3,363.37,14.8,7.41,131.85,3.82,48.84,85.46,3.37,35.12,16.69,1785.71,172.17,Normal,0
91.95,58.2,2.06,44.59,14177.8,347.24,7.5,7.49,141.3,3.97,48.37,85.5,3.14,35.37,16.2,1534.63,173.37,Normal,0
105.5,89.7,2.96,45.4,17744.3,403.9,16.76,7.27,131.71,3.76,49.12,84.67,3.34,23.37,18.97,2289.87,171.22,Normal,0
98.09,73.56,2.52,85.89,15871.9,376.33,45.5,7.04,133.85,3.9,49.96,86.81,3.39,35.59,18.8,1859.52,168.76,Scavenge Fire Warning,2
101.41,79.63,1.94,45.75,19423.3,434.55,9.77,7.55,135.19,3.97,48.56,84.35,3.04,36.49,17.66,2075.04,176.52,Turbocharger Fouling,1
97.58,78.53,2.68,42.39,16075.3,375.04,14.92,7.44,135.41,3.74,50.78,95.11,2.43,20.19,18.96,2003.83,168.96,Cooling System Issue,4
103.84,90.5,2.85,47.17,17933.3,391.64,7.89,7.72,139.91,3.88,49.85,87.4,3.4,29.47,19.72,2291.48,169.82,Normal,0
91.59,63.19,2.17,44.54,14254.9,357.0,16.45,7.24,137.53,3.82,48.18,97.06,2.04,26.73,16.25,1628.68,170.62,Cooling System Issue,4
96.79,68.74,2.39,45.58,15072.9,368.63,13.38,6.79,136.03,3.92,49.63,84.75,3.35,26.04,17.32,1733.85,167.76,Normal,0
98.65,77.29,2.64,43.95,16228.7,381.75,10.34,6.59,137.59,3.88,49.51,87.04,3.38,32.1,18.23,1941.6,167.24,Normal,0
104.16,87.1,2.88,44.22,16960.4,388.63,8.14,7.36,135.86,3.9,50.68,101.46,2.62,20.59,19.63,2208.18,167.73,Cooling System Issue,4
104.4,88.68,2.85,45.22,17231.1,384.51,9.68,7.54,133.31,3.87,47.99,85.26,3.57,34.4,19.04,2273.22,171.57,Normal,0
96.29,73.18,2.52,43.73,15848.1,377.56,7.87,7.42,136.21,4.09,49.81,84.2,3.59,18.53,18.33,1869.2,168.27,Normal,0
106.84,98.74,3.11,44.92,18696.8,403.7,15.92,7.3,135.17,3.8,49.92,85.56,3.47,29.57,20.41,2549.54,172.52,Normal,0
98.42,72.16,2.56,42.94,15384.4,358.67,15.45,6.94,132.89,3.82,49.28,84.93,3.28,22.51,18.13,1859.32,171.18,Normal,0
94.3,68.55,2.31,42.93,15105.6,348.61,87.96,5.08,138.16,4.07,49.0,86.35,3.24,31.35,16.98,1928.43,185.57,Fuel Injector Clogged,3
106.68,95.98,2.96,43.92,18413.1,402.36,8.28,7.63,134.86,3.87,51.67,87.81,3.27,28.51,19.97,2459.28,170.17,Normal,0
102.99,89.12,2.8,46.15,17731.7,384.76,81.76,5.58,132.2,3.98,48.15,85.75,3.39,38.0,19.53,2487.52,188.41,Fuel Injector Clogged,3
104.34,91.15,2.96,45.21,17883.1,397.39,7.86,7.37,132.59,3.82,51.72,84.77,3.4,35.25,19.71,2338.31,170.9,Normal,0
95.92,70.17,2.38,43.15,15315.4,361.51,8.89,6.96,136.34,3.72,49.86,85.62,3.59,24.73,17.64,1779.53,169.03,Normal,0
105.13,94.74,3.21,43.91,18188.0,399.49,18.76,7.16,137.62,4.16,50.42,85.8,3.35,28.57,21.26,2424.78,170.17,Normal,0
97.33,75.82,2.44,42.33,16020.3,371.75,19.61,7.52,136.2,3.81,47.98,85.08,3.04,24.36,18.55,1943.38,170.34,Normal,0
99.51,77.42,2.57,47.1,16420.0,390.78,12.25,7.6,136.22,3.72,47.81,83.86,3.19,32.58,18.79,1933.06,167.58,Normal,0
99.13,79.74,2.55,43.44,16342.3,387.27,31.35,7.44,132.97,3.99,49.03,83.25,3.22,26.45,18.72,2074.88,171.84,Normal,0
92.03,63.85,2.15,44.02,14683.2,370.6,9.42,7.98,135.23,3.8,49.51,84.53,3.22,20.31,17.39,1646.64,172.01,Normal,0
105.47,96.15,3.23,45.94,18506.8,400.37,11.29,7.3,134.17,3.76,50.32,84.56,2.89,31.22,20.25,2494.94,172.24,Normal,0
103.18,87.44,2.76,40.83,17591.0,395.87,37.57,7.95,134.51,3.87,50.51,84.86,3.68,18.22,20.4,2254.08,173.31,Normal,0
92.96,61.47,2.17,45.61,14212.4,357.57,11.9,7.58,134.72,3.93,47.3,86.24,3.01,23.95,16.8,1596.08,173.77,Normal,0
97.19,68.89,2.36,44.54,15104.2,377.87,18.52,7.54,133.35,3.87,49.14,84.67,3.3,36.14,18.04,1756.8,168.44,Normal,0
89.89,59.35,2.06,41.6,13996.3,353.61,57.23,5.6,136.88,4.2,49.77,85.7,3.52,19.88,17.89,1695.33,183.93,Fuel Injector Clogged,3
100.55,74.65,2.53,43.93,16098.6,362.14,9.96,7.28,132.48,3.88,50.81,85.34,3.51,28.09,18.48,1882.08,167.5,Normal,0
102.72,89.09,2.8,43.4,17688.6,375.38,35.54,7.38,131.75,3.71,48.76,86.26,3.14,33.9,19.29,2266.71,169.71,Normal,0
97.23,70.08,1.96,46.35,16809.6,411.47,16.82,7.07,133.04,4.07,48.8,84.14,3.62,36.09,17.22,1902.52,184.22,Turbocharger Fouling,1
99.9,81.22,2.83,43.14,16571.6,385.35,13.46,7.83,137.21,3.77,49.31,86.63,3.59,29.2,18.42,2022.36,165.01,Normal,0
91.89,63.72,2.19,42.31,14810.8,364.01,8.4,7.62,135.85,3.93,48.24,84.92,3.37,21.06,17.29,1648.43,171.98,Normal,0
101.38,84.92,2.97,43.7,17255.9,398.07,56.02,6.29,130.54,3.72,50.73,85.08,3.4,36.82,20.14,2273.88,191.72,Fuel Injector Clogged,3
89.29,56.63,1.95,42.65,13596.0,337.58,19.3,7.57,136.49,4.01,51.42,84.64,3.24,32.99,16.74,1475.16,176.72,Normal,0
104.41,88.57,2.91,47.14,17544.5,387.85,63.36,6.66,134.88,3.85,48.87,84.68,3.45,25.91,19.18,2585.54,193.13,Fuel Injector Clogged,3
107.69,96.94,2.45,48.44,21688.3,433.0,13.64,7.24,133.96,3.81,50.79,85.53,3.44,23.54,20.03,2606.4,177.92,Turbocharger Fouling,1
102.31,87.87,2.82,44.43,17350.1,395.77,15.89,7.85,134.4,3.87,50.25,85.45,3.31,18.95,19.26,2204.93,168.48,Normal,0
99.33,80.61,2.55,96.44,16184.6,375.23,56.93,7.36,131.67,4.0,49.94,84.59,3.52,21.83,17.85,2032.91,168.25,Scavenge Fire Warning,2
91.61,63.25,2.04,43.18,14422.2,349.45,8.49,7.5,135.43,4.05,50.18,86.4,3.46,33.55,16.73,1649.47,173.31,Normal,0
105.9,94.62,2.43,44.1,21857.7,423.96,17.04,7.75,131.83,3.67,50.63,85.29,3.98,20.17,19.69,2635.28,176.47,Turbocharger Fouling,1
106.51,96.6,3.06,49.36,18925.2,409.95,11.51,8.31,134.12,3.71,48.21,88.36,3.24,20.59,21.84,2494.05,172.97,Normal,0
97.47,76.11,2.52,46.13,15990.7,369.2,13.13,7.79,134.13,4.03,47.99,85.13,3.64,21.92,18.79,1938.49,169.21,Normal,0
92.94,63.06,2.08,43.33,14392.7,354.41,13.77,7.82,136.92,3.83,47.77,84.24,3.25,25.91,16.35,1613.14,172.15,Normal,0
103.96,82.37,2.78,46.96,16911.1,388.04,11.79,7.31,135.1,3.94,48.96,84.69,3.49,21.78,17.88,2081.06,169.02,Normal,0
102.3,86.5,2.76,46.74,17254.4,382.53,28.08,7.55,136.76,3.98,49.75,85.97,2.93,36.09,18.43,2199.07,169.27,Normal,0
101.85,85.16,2.75,44.94,17258.1,372.81,21.13,7.47,132.01,3.61,49.62,86.48,3.31,23.15,19.94,2131.98,167.08,Normal,0
105.96,92.67,3.02,45.9,18064.6,383.18,10.08,7.99,134.73,3.77,48.35,82.66,3.48,36.39,18.99,2343.77,170.09,Normal,0
92.9,65.04,2.14,45.47,14853.1,360.85,11.37,7.45,136.33,4.06,47.32,84.61,3.44,37.7,18.15,1655.2,168.86,Normal,0
99.03,75.23,2.49,95.86,16063.4,378.02,72.17,7.96,138.11,3.88,47.27,82.62,3.04,33.1,18.29,1877.12,165.35,Scavenge Fire Warning,2
105.73,96.14,3.2,48.2,18695.1,398.55,18.7,7.04,132.15,3.75,48.77,87.02,3.33,18.15,19.99,2521.64,172.41,Normal,0
98.47,70.84,2.42,43.33,15309.8,371.99,9.15,7.99,132.9,4.04,50.18,86.03,3.67,22.8,17.04,1761.61,165.47,Normal,0
97.37,72.36,2.44,46.08,15968.5,357.55,9.39,7.2,136.26,4.08,48.99,84.94,3.59,23.35,18.63,1830.3,168.39,Normal,0
93.08,65.56,1.65,43.24,16998.9,393.35,12.97,7.8,139.03,3.84,48.0,84.87,3.57,28.86,17.56,1771.83,183.49,Turbocharger Fouling,1
103.18,89.0,2.86,45.63,17679.1,409.28,90.77,5.4,135.71,4.11,48.09,83.84,3.82,21.17,19.99,2482.01,185.09,Fuel Injector Clogged,3
97.89,75.89,2.68,44.02,15818.9,384.73,10.04,7.72,132.23,3.63,48.4,84.38,3.09,19.54,18.05,1945.65,172.62,Normal,0
88.41,51.86,1.79,41.35,12960.7,350.97,17.63,7.16,132.27,3.77,48.94,83.34,3.33,21.53,16.33,1404.6,180.73,Normal,0
104.42,94.39,3.06,45.15,18324.5,392.72,10.45,7.86,135.34,3.75,50.72,85.24,3.41,24.55,20.86,2380.68,170.57,Normal,0
97.41,75.19,2.51,46.08,15725.3,372.08,13.38,7.8,135.89,3.85,49.13,86.05,3.27,18.98,18.5,1895.42,169.56,Normal,0
100.66,82.6,2.79,41.14,16760.6,383.24,20.75,7.29,134.45,3.83,49.45,86.84,3.42,21.91,18.21,2042.78,165.48,Normal,0
101.05,81.95,2.78,42.7,16707.3,392.95,8.0,7.7,132.3,3.79,47.92,86.01,3.63,21.35,19.1,2105.56,170.06,Normal,0
96.61,72.31,2.42,42.7,15551.3,373.61,13.84,7.83,137.75,3.8,48.48,84.5,3.42,33.45,18.32,1824.81,167.88,Normal,0
104.0,93.97,2.42,43.9,19593.0,458.92,8.64,7.18,134.13,3.79,50.78,84.86,3.0,21.39,20.93,2590.48,181.65,Turbocharger Fouling,1
104.98,93.1,3.03,47.71,18108.4,395.04,29.38,7.14,136.32,3.74,49.51,106.01,2.48,33.83,20.2,2392.8,171.38,Cooling System Issue,4
98.57,76.3,2.35,45.99,15953.9,381.71,11.9,7.13,130.57,4.0,51.06,85.41,3.4,28.16,18.91,1948.06,169.46,Normal,0
99.78,80.65,2.53,45.34,16576.8,383.23,19.75,7.08,138.0,3.88,50.83,84.96,3.01,33.16,19.03,2029.81,166.9,Normal,0
101.05,79.93,2.59,43.44,16718.7,380.26,7.79,7.12,133.29,3.85,49.14,84.41,3.29,27.01,17.78,2002.41,165.71,Normal,0
101.98,81.49,2.64,80.19,17138.1,375.92,50.32,7.82,138.36,3.86,49.4,86.0,3.09,36.02,19.24,2043.57,165.71,Scavenge Fire Warning,2
99.91,79.39,2.53,41.97,16572.7,378.33,67.63,5.93,136.53,4.05,51.8,86.03,3.35,23.53,18.61,2194.39,174.67,Fuel Injector Clogged,3
99.34,77.18,2.62,82.68,15876.1,367.84,60.34,6.91,131.43,3.82,50.32,83.51,3.31,33.34,19.53,1944.77,167.35,Scavenge Fire Warning,2
99.48,84.41,2.76,43.73,16975.8,385.2,19.77,7.32,135.61,3.67,49.87,84.92,3.13,21.27,18.16,2119.55,167.12,Normal,0
103.82,90.13,2.91,44.82,17897.5,393.38,10.4,7.09,139.14,3.69,50.24,86.54,3.45,35.65,18.88,2332.12,171.56,Normal,0
102.72,83.04,2.62,44.0,16985.9,364.56,7.1,7.8,133.51,3.83,49.89,86.51,3.21,18.57,19.32,2056.67,166.07,Normal,0
105.85,95.5,3.07,94.71,18654.8,397.53,57.14,7.34,139.15,3.89,50.28,85.9,3.64,27.15,20.98,2518.03,175.99,Scavenge Fire Warning,2
97.37,75.29,2.3,46.91,15890.0,364.71,11.95,6.96,135.96,4.03,48.32,85.45,3.43,26.43,18.08,1867.99,166.33,Normal,0
107.58,91.49,2.95,46.5,17856.9,398.36,13.93,7.56,138.35,4.08,49.71,85.96,3.35,30.48,19.62,2314.46,168.17,Normal,0
102.78,80.82,2.67,46.29,16987.9,386.12,15.0,7.71,135.4,3.99,48.2,86.38,3.63,26.82,18.8,1997.0,165.05,Normal,0
100.76,79.85,2.66,42.55,16494.4,376.4,23.18,7.17,134.69,3.75,50.32,83.86,3.45,29.78,18.3,2027.71,168.02,Normal,0
105.27,89.05,2.77,45.4,17407.5,395.7,20.13,7.41,139.59,3.81,49.87,85.88,3.46,35.23,20.05,2252.65,168.58,Normal,0
101.37,89.39,2.92,45.93,17998.2,396.47,76.8,5.74,136.8,3.52,50.8,84.51,3.39,20.84,19.2,2511.07,191.66,Fuel Injector Clogged,3
104.73,93.68,2.94,45.9,17880.7,395.26,11.99,7.94,134.41,3.78,48.94,87.05,3.34,22.88,20.32,2379.9,171.62,Normal,0
102.61,87.19,2.78,43.23,16630.3,401.27,18.88,7.35,136.06,3.76,51.35,84.22,3.47,34.06,18.49,2222.33,170.74,Normal,0
103.94,89.87,2.97,46.8,17902.9,386.54,18.51,7.25,133.59,3.49,51.34,86.08,3.67,22.56,20.57,2266.94,167.12,Normal,0
103.24,88.86,3.05,45.29,17807.8,402.85,22.78,7.48,135.27,4.16,48.42,84.49,2.78,36.11,18.17,2255.79,169.22,Normal,0
103.68,96.53,3.11,44.29,18657.4,398.86,12.76,7.43,137.99,3.76,49.84,86.76,3.74,28.82,19.53,2532.53,173.81,Normal,0
103.91,87.89,2.8,42.25,17199.2,383.11,27.79,7.74,134.6,3.53,49.56,86.04,3.22,19.64,20.7,2201.95,166.74,Normal,0
103.04,85.2,2.8,80.59,17137.4,383.69,81.53,7.93,132.81,3.82,48.4,85.7,3.43,18.41,19.15,2208.95,173.93,Scavenge Fire Warning,2
100.0,74.89,2.57,47.67,15799.9,364.82,8.94,7.93,132.58,4.15,49.11,101.07,2.28,33.26,17.72,1971.1,173.07,Cooling System Issue,4
97.97,76.83,2.6,42.62,15985.9,382.32,80.38,5.05,135.18,4.18,50.02,84.23,3.67,35.13,17.53,2130.02,187.28,Fuel Injector Clogged,3
94.29,68.78,2.55,43.76,15407.7,353.15,16.95,7.61,132.98,3.93,48.63,85.86,3.15,22.8,17.27,1718.64,167.68,Normal,0
97.74,81.68,2.63,46.2,16479.8,393.22,15.07,8.02,131.42,3.89,47.96,86.67,3.6,22.82,18.93,2047.2,166.09,Normal,0
90.18,58.91,2.07,40.81,13932.9,346.15,55.15,6.05,132.0,4.15,49.42,85.47,3.36,37.08,16.89,1747.04,190.95,Fuel Injector Clogged,3
106.02,91.72,3.09,44.62,18228.3,401.35,9.16,7.19,137.94,3.81,49.34,84.86,3.37,31.12,19.91,2338.04,171.34,Normal,0
97.7,75.71,2.64,42.77,16047.8,374.83,48.4,5.88,134.64,3.97,48.72,84.75,3.17,21.35,17.12,2080.01,176.43,Fuel Injector Clogged,3
101.48,76.8,2.39,45.62,16373.5,378.17,67.01,5.42,135.14,4.02,51.14,84.34,3.62,26.97,18.38,2099.9,187.21,Fuel Injector Clogged,3
88.85,56.26,1.97,44.49,13656.0,345.6,14.19,7.82,132.58,3.81,48.93,83.89,3.37,36.21,16.55,1523.5,176.74,Normal,0
104.2,89.35,3.02,45.39,17763.2,394.51,29.8,7.94,133.55,4.07,49.21,84.56,3.53,30.42,19.7,2231.62,166.5,Normal,0
101.39,86.8,3.06,43.68,17430.6,389.58,8.44,7.14,133.47,3.72,48.72,85.04,3.03,26.15,19.26,2177.76,168.1,Normal,0
101.51,82.19,2.76,43.91,16908.8,371.08,64.5,4.81,134.31,3.78,50.66,87.05,3.24,21.02,18.07,2264.88,183.21,Fuel Injector Clogged,3
98.34,81.1,2.64,43.54,16552.8,373.68,13.3,7.82,130.85,3.89,50.55,84.86,3.45,32.52,18.15,2030.8,167.69,Normal,0
104.66,88.86,2.81,43.64,17320.5,386.74,26.36,7.55,137.72,3.99,49.49,105.67,1.94,23.53,20.17,2228.6,167.71,Cooling System Issue,4
85.14,47.51,1.91,41.65,12648.1,333.34,83.3,4.44,134.96,4.11,46.88,83.03,3.47,29.32,15.05,1465.79,209.45,Fuel Injector Clogged,3
101.46,78.98,2.67,45.18,16628.3,388.75,14.64,6.92,135.51,3.88,49.94,85.14,3.28,30.0,18.07,2019.65,169.03,Normal,0
103.55,91.31,2.89,46.04,17969.8,394.2,9.04,7.73,137.29,3.88,50.7,86.64,3.26,29.11,19.5,2303.27,168.08,Normal,0
92.24,61.91,2.12,42.94,14118.0,351.16,15.36,7.79,137.09,4.11,48.41,85.06,3.49,22.93,16.15,1606.77,173.6,Normal,0
93.54,63.56,2.2,43.17,14102.5,355.53,19.57,7.03,133.56,3.95,47.76,86.24,3.43,32.17,17.42,1681.4,172.7,Normal,0
103.48,86.61,2.87,44.81,17344.7,384.22,8.36,7.88,136.51,3.73,49.92,84.01,3.2,29.32,18.47,2194.42,169.69,Normal,0
94.52,69.28,2.27,41.6,14863.0,364.29,14.6,7.43,136.49,3.83,49.58,102.12,2.01,26.07,18.23,1760.8,170.25,Cooling System Issue,4
99.86,86.07,2.76,45.13,16931.2,378.99,16.54,7.14,135.79,3.99,49.39,84.95,3.49,19.04,18.37,2173.64,168.81,Normal,0
94.82,66.79,2.14,42.47,14843.7,356.97,17.76,7.3,137.65,3.81,49.27,86.5,3.04,24.63,17.18,1714.39,170.31,Normal,0
100.87,81.91,2.78,42.53,16570.4,388.52,16.77,7.07,137.0,3.64,50.05,106.88,2.32,25.05,18.99,2050.39,167.46,Cooling System Issue,4
97.03,74.06,2.45,44.48,15832.9,374.05,21.26,7.28,136.82,3.86,50.48,83.26,3.47,33.82,18.51,1900.4,169.98,Normal,0
102.66,83.6,2.78,43.77,16914.5,383.28,8.22,6.85,138.41,3.85,49.34,86.65,3.38,28.27,18.81,2105.89,168.0,Normal,0
94.89,67.95,2.42,87.31,14860.2,364.96,72.19,7.47,135.07,4.06,47.92,84.85,2.8,36.64,17.03,1740.64,171.25,Scavenge Fire Warning,2
101.73,87.54,2.87,46.27,17067.3,389.06,7.89,7.71,135.14,3.63,49.87,86.57,3.41,33.01,20.17,2222.39,169.89,Normal,0
91.83,66.25,2.25,41.87,14593.1,361.13,17.19,7.03,137.05,3.99,50.67,86.55,3.54,28.76,17.4,1678.53,168.96,Normal,0
98.91,80.02,2.66,44.54,16323.2,384.16,21.9,7.51,134.55,4.05,47.84,84.03,3.39,21.38,18.5,2015.61,167.36,Normal,0
99.7,72.07,2.42,41.05,15239.3,373.63,10.78,7.22,136.2,3.79,46.93,86.78,3.41,22.42,16.76,1824.71,168.84,Normal,0
106.39,93.28,3.11,47.76,18087.2,384.02,9.4,7.73,133.6,3.84,50.09,85.64,3.58,21.2,19.98,2393.57,170.82,Normal,0
102.7,85.42,2.82,79.71,16924.8,385.72,56.29,6.69,129.3,3.54,49.46,84.92,3.11,26.86,19.11,2157.53,169.3,Scavenge Fire Warning,2
98.1,75.45,1.85,43.26,17903.6,413.34,10.99,7.75,136.49,4.03,49.19,85.2,3.53,32.45,17.35,2015.41,180.94,Turbocharger Fouling,1
106.54,96.81,2.68,47.75,21227.8,465.2,11.85,6.86,131.13,3.93,50.11,84.44,3.46,33.19,19.73,2725.15,186.39,Turbocharger Fouling,1
97.7,70.9,2.48,43.32,15180.3,374.76,18.26,7.43,133.25,3.91,50.2,84.81,3.11,19.92,17.79,1792.34,168.37,Normal,0
100.51,82.02,1.98,42.77,18893.7,435.84,12.88,7.25,137.05,3.67,49.65,84.99,3.53,27.92,19.07,2186.62,181.94,Turbocharger Fouling,1
96.84,70.55,2.5,44.71,15019.4,367.26,15.34,7.37,137.08,4.02,49.99,83.7,3.73,27.63,17.09,1790.57,170.03,Normal,0
94.64,68.19,2.34,44.49,14779.3,348.35,10.56,6.96,137.94,3.89,46.59,83.95,3.46,26.78,16.87,1738.63,169.87,Normal,0
94.13,61.42,2.14,41.96,14153.1,364.56,10.05,8.08,129.95,3.54,48.24,85.82,3.5,24.02,16.9,1588.77,172.4,Normal,0
108.09,97.78,3.22,45.04,18874.0,407.91,10.24,7.05,135.74,3.93,49.58,85.7,3.21,27.52,19.78,2540.1,173.3,Normal,0
102.37,81.5,2.64,43.87,16877.8,391.07,15.15,7.08,134.36,4.05,47.38,84.08,3.29,28.33,18.62,2045.04,168.09,Normal,0
95.44,70.53,2.45,43.33,15671.5,380.06,16.28,8.13,137.47,4.12,49.28,85.36,3.22,29.99,18.77,1767.22,166.3,Normal,0
101.77,80.59,2.63,41.61,16490.3,370.94,93.35,5.91,138.69,3.69,49.53,86.14,3.47,25.55,18.63,2139.65,180.92,Fuel Injector Clogged,3
99.91,80.07,2.02,44.13,19021.1,450.94,16.75,7.06,131.73,3.59,49.14,85.2,3.31,36.9,19.22,2198.87,180.13,Turbocharger Fouling,1
106.01,94.21,2.96,48.21,18049.5,409.6,13.81,7.45,135.04,3.76,50.11,84.29,3.3,24.78,19.2,2425.59,171.77,Normal,0
93.49,60.87,2.15,41.53,13833.1,344.13,12.08,7.42,137.08,4.03,48.84,81.38,3.53,35.9,16.32,1563.65,172.21,Normal,0
96.44,74.01,2.4,43.05,15801.6,371.14,8.46,6.91,134.16,3.76,50.34,83.88,3.7,34.03,17.56,1862.81,167.79,Normal,0
99.13,76.75,2.68,42.36,15923.5,373.03,10.72,7.23,139.36,3.65,50.1,103.67,2.58,27.31,17.63,1937.58,166.43,Cooling System Issue,4
104.71,89.77,3.01,46.1,17992.0,399.05,7.59,7.49,134.0,3.95,50.37,86.75,3.12,27.93,18.47,2269.5,168.38,Normal,0
89.81,56.31,1.57,44.31,15020.3,370.08,13.43,7.94,134.25,3.92,50.84,83.3,3.41,35.4,16.47,1581.06,189.41,Turbocharger Fouling,1
102.13,85.91,2.82,46.64,17345.7,401.92,9.91,7.43,132.32,3.95,49.16,85.15,3.43,27.85,19.39,2188.38,168.16,Normal,0
109.12,96.21,3.11,43.82,18305.0,399.36,11.31,7.46,135.38,3.82,48.97,86.69,3.55,31.59,19.57,2509.5,173.61,Normal,0
89.62,60.17,1.99,43.56,13840.8,362.54,14.52,7.21,127.45,3.93,49.88,84.24,3.34,34.19,16.27,1605.42,177.15,Normal,0
107.72,94.48,3.12,47.71,18428.1,397.61,11.38,7.88,134.38,3.81,52.12,86.9,3.56,36.16,20.02,2416.31,170.35,Normal,0
108.63,97.72,3.17,46.58,18566.7,406.09,9.97,7.82,138.17,3.76,49.76,85.79,3.53,22.36,20.3,2487.94,170.12,Normal,0
101.71,78.04,2.63,44.96,16141.3,358.98,9.7,7.78,131.51,3.82,50.89,85.7,3.35,37.51,19.03,1984.1,168.92,Normal,0
104.29,95.08,2.57,44.9,20011.5,444.21,21.37,7.54,130.95,3.65,49.74,85.42,3.55,37.31,20.71,2553.38,183.63,Turbocharger Fouling,1
103.75,91.34,2.91,45.64,18310.6,400.96,13.76,6.94,137.79,3.91,50.7,84.71,3.57,23.95,19.28,2308.5,169.93,Normal,0
104.48,85.97,2.8,46.73,17110.8,389.78,16.08,7.88,138.13,4.04,50.51,86.84,3.2,30.27,19.13,2170.91,168.87,Normal,0
102.02,90.0,2.95,45.69,17761.6,379.41,9.38,7.52,131.61,3.76,49.42,83.8,3.57,18.94,18.95,2325.65,173.21,Normal,0
89.78,61.24,2.04,41.03,14110.0,357.04,8.5,7.39,139.33,4.23,50.6,83.73,3.38,21.36,17.72,1586.46,173.93,Normal,0
95.56,70.56,2.36,42.96,15368.7,361.65,6.75,7.66,136.08,3.97,51.14,100.04,2.38,29.68,17.86,1800.93,168.42,Cooling System Issue,4
104.14,89.06,2.93,46.94,17497.6,384.09,10.8,7.58,137.62,3.88,48.99,98.1,2.54,31.0,20.06,2275.19,170.48,Cooling System Issue,4
95.37,64.8,2.19,43.67,14555.3,348.83,25.84,7.13,133.02,4.04,49.12,83.54,3.62,28.69,16.94,1693.24,173.1,Normal,0
96.34,71.49,2.51,43.9,15522.4,374.31,15.58,7.39,138.72,4.06,50.13,85.01,3.62,32.09,18.4,1828.93,171.5,Normal,0
96.61,73.21,2.33,43.03,15460.9,380.41,10.96,6.83,134.33,3.84,47.41,83.26,3.49,33.86,18.4,1822.45,166.85,Normal,0
104.49,89.6,3.0,46.95,17939.4,408.96,18.73,7.53,134.22,3.92,50.06,86.11,3.45,21.37,20.28,2295.88,171.96,Normal,0
105.62,92.04,3.03,47.86,18266.0,383.26,8.27,7.97,136.21,3.99,48.49,87.87,3.38,31.19,18.94,2434.28,174.75,Normal,0
103.78,87.39,2.8,46.89,17557.0,395.37,20.11,6.87,134.02,3.79,50.6,83.14,3.89,29.25,19.35,2257.8,171.36,Normal,0
86.48,51.72,1.77,44.3,12980.3,351.32,22.03,7.55,131.2,3.99,48.41,83.2,3.28,20.35,16.57,1403.15,182.9,Normal,0
98.39,81.15,2.51,43.95,15986.1,376.8,58.54,5.45,135.33,3.76,49.28,86.25,3.32,22.57,18.15,2181.85,184.97,Fuel Injector Clogged,3
99.22,80.15,2.01,43.66,17945.2,412.48,11.48,7.79,134.2,3.81,48.04,88.74,3.45,26.39,18.93,2223.95,181.57,Turbocharger Fouling,1
108.92,97.84,3.22,45.59,18644.2,393.62,14.39,7.24,133.08,3.76,49.8,86.62,3.24,35.28,20.64,2528.52,171.82,Normal,0
102.46,84.82,2.77,44.84,17048.4,381.81,8.43,7.11,138.1,3.73,50.34,84.52,3.59,22.34,19.48,2141.63,168.27,Normal,0
102.34,86.05,2.9,47.03,16839.1,389.19,12.82,7.29,140.98,3.85,49.83,98.83,2.05,21.66,19.38,2142.06,167.62,Cooling System Issue,4
101.64,80.1,2.59,46.16,16620.9,391.0,29.69,7.92,132.7,3.93,50.8,83.73,3.27,32.42,18.98,1992.1,166.84,Normal,0
103.83,92.39,3.04,46.2,17730.3,404.33,10.26,6.9,135.49,3.89,51.29,86.66,3.33,37.52,20.04,2380.35,170.29,Normal,0
102.65,86.55,2.26,42.78,19416.7,428.72,12.2,7.07,134.0,3.73,50.98,86.72,3.22,26.95,19.93,2267.32,177.59,Turbocharger Fouling,1
100.59,80.4,2.57,41.9,16749.0,374.19,12.43,7.34,140.72,3.79,49.08,86.9,3.59,25.0,18.21,1994.2,166.63,Normal,0
102.9,87.83,2.85,45.39,17375.1,400.18,18.87,7.16,136.23,3.98,50.25,85.12,3.16,23.08,19.55,2202.83,166.97,Normal,0
101.7,83.2,2.68,45.98,17167.0,378.15,15.16,7.49,137.32,3.78,48.78,84.36,3.23,18.99,19.63,2133.51,171.22,Normal,0
106.42,96.28,2.97,45.58,18370.7,399.89,18.41,8.0,137.95,3.94,49.07,87.65,3.28,21.57,19.68,2547.6,175.22,Normal,0
101.78,87.9,2.85,47.9,17620.1,376.24,10.77,7.08,135.33,3.74,51.14,87.17,3.55,19.87,18.94,2291.59,174.03,Normal,0
99.18,76.93,2.56,42.53,15829.4,385.39,16.74,7.45,134.53,3.95,48.28,83.89,3.66,27.88,18.62,1927.24,168.01,Normal,0
101.91,88.02,2.97,43.23,17729.0,374.72,8.39,7.5,138.8,3.96,48.67,85.07,3.49,37.56,20.19,2242.59,169.02,Normal,0
97.74,73.67,2.54,42.9,15901.7,358.95,7.59,7.38,136.94,3.51,49.42,85.89,3.16,33.75,17.92,1898.05,170.14,Normal,0
101.06,77.99,2.68,43.19,16352.1,385.9,19.61,6.95,132.89,4.02,49.24,84.82,3.29,30.03,18.47,1942.16,165.51,Normal,0
104.42,91.27,3.01,46.09,17822.0,409.45,9.34,7.28,133.19,4.03,49.92,85.69,3.68,27.73,19.89,2307.82,167.95,Normal,0
101.6,86.77,2.86,44.31,17037.4,386.13,7.0,7.28,134.03,3.81,52.21,83.71,3.41,30.34,18.95,2135.97,165.49,Normal,0
99.85,79.4,2.52,42.03,16338.6,378.87,12.86,7.72,137.9,3.93,48.58,83.83,3.14,25.52,19.86,2001.61,169.68,Normal,0
93.4,66.77,2.28,44.68,15090.0,370.72,16.23,7.65,138.68,3.81,49.5,84.56,3.79,21.57,16.79,1671.32,168.9,Normal,0
102.79,84.44,2.81,91.01,17083.6,387.87,59.54,6.96,140.38,3.92,49.89,84.54,3.3,29.8,19.08,2172.78,170.3,Scavenge Fire Warning,2
99.26,78.05,2.7,42.64,15914.7,374.58,11.57,7.36,133.23,4.26,50.52,83.74,3.39,28.56,18.48,1950.92,167.13,Normal,0
100.6,75.98,2.58,41.64,15749.5,371.09,15.81,7.32,135.35,3.57,48.63,84.66,3.28,36.89,16.9,1929.82,168.25,Normal,0
107.54,94.93,3.16,87.45,18641.9,386.13,61.79,8.18,134.0,3.75,50.05,84.74,3.23,31.0,19.51,2425.95,171.0,Scavenge Fire Warning,2
92.59,63.4,2.09,43.35,14531.8,361.11,6.94,7.6,134.54,4.07,48.97,84.57,3.63,33.47,16.21,1640.31,172.52,Normal,0
98.29,73.42,2.43,46.75,15405.9,371.04,13.99,7.12,137.32,4.1,47.87,86.13,3.44,19.85,18.41,1834.46,167.67,Normal,0
105.41,94.22,3.07,46.91,17889.3,394.27,14.46,7.23,134.89,3.62,48.43,85.41,3.46,33.22,18.94,2441.75,173.11,Normal,0
97.31,73.06,2.54,46.01,15494.5,363.31,12.89,7.37,138.29,3.81,49.27,84.41,3.17,37.66,18.51,1819.63,168.39,Normal,0
94.74,68.43,2.3,83.9,14646.3,358.33,69.78,7.63,133.71,3.84,50.42,86.03,3.35,31.15,16.79,1747.72,170.74,Scavenge Fire Warning,2
98.79,74.43,1.99,42.49,18509.4,431.1,11.91,7.67,136.85,3.8,49.0,85.86,3.29,32.84,18.65,2037.29,180.18,Turbocharger Fouling,1
106.76,92.0,3.03,86.78,18539.3,402.05,43.46,7.57,133.89,3.81,49.92,86.64,3.25,37.59,18.9,2294.79,168.13,Scavenge Fire Warning,2
102.63,83.43,2.65,45.56,16577.9,381.68,13.8,7.43,130.41,3.65,50.91,82.31,3.48,25.83,19.18,2144.89,170.88,Normal,0
99.01,74.5,2.61,45.02,15772.0,369.67,15.02,7.45,132.45,3.86,49.2,84.44,3.34,34.48,18.64,1876.6,167.15,Normal,0
102.4,82.49,2.64,43.89,17099.8,376.28,13.35,7.45,135.31,3.73,50.49,84.61,3.52,25.99,19.18,2089.97,169.71,Normal,0
105.96,92.68,2.84,46.15,18249.7,403.34,12.6,6.88,139.8,3.82,52.84,84.72,3.53,26.52,19.07,2371.24,171.87,Normal,0
96.34,74.05,1.88,42.52,17558.4,428.06,21.71,7.48,133.85,3.8,48.76,86.23,3.32,31.16,18.71,1946.6,179.08,Turbocharger Fouling,1
98.62,71.5,2.54,42.16,15405.7,372.32,10.36,7.3,134.58,3.89,49.04,84.21,3.48,23.13,18.12,1813.48,168.72,Normal,0
105.09,86.55,2.87,43.25,17063.9,391.05,10.08,6.92,136.22,3.7,50.29,83.79,3.32,37.86,17.81,2168.65,169.8,Normal,0
98.91,77.48,2.63,44.24,16125.6,374.38,21.09,8.35,133.5,4.03,50.98,85.39,3.26,24.58,18.43,1940.36,167.52,Normal,0
95.22,69.49,2.35,41.79,15240.3,357.54,10.44,7.61,133.79,3.87,49.01,84.77,3.21,20.46,19.3,1756.07,169.4,Normal,0
99.52,76.51,2.53,43.48,16307.3,367.67,7.27,7.5,135.18,3.9,50.17,83.95,3.42,24.45,18.94,1924.33,168.62,Normal,0
95.8,68.37,2.19,44.82,14909.6,374.48,12.7,7.37,133.91,3.9,49.42,100.8,1.8,35.12,17.2,1752.36,169.28,Cooling System Issue,4
102.54,86.2,2.63,43.35,17233.2,381.94,7.72,7.76,130.54,3.86,49.81,86.09,3.65,24.28,19.52,2192.73,169.29,Normal,0
100.39,83.98,2.77,43.96,16788.1,381.69,5.81,7.09,133.37,3.86,49.36,85.99,3.69,30.23,18.74,2129.78,168.32,Normal,0
106.79,95.69,3.18,45.76,18510.3,390.53,12.61,7.39,136.54,3.94,49.7,86.41,3.49,36.71,20.7,2456.53,171.3,Normal,0
105.0,90.16,2.95,45.58,17942.7,382.97,58.5,5.4,136.62,3.8,53.12,86.91,3.44,23.2,19.08,2523.37,189.47,Fuel Injector Clogged,3
97.3,71.18,2.44,42.95,15536.5,362.83,20.27,7.75,138.34,3.81,47.66,84.66,3.4,20.63,18.49,1809.35,169.98,Normal,0
94.48,66.07,2.38,44.47,14500.9,376.09,18.5,7.21,138.14,3.94,47.53,83.15,3.83,19.94,17.83,1649.49,166.09,Normal,0
94.39,67.45,2.32,44.28,14964.2,369.58,8.21,7.89,132.75,3.84,49.28,84.45,3.75,26.81,17.79,1736.36,170.89,Normal,0
100.04,76.68,2.54,45.84,15935.6,371.63,11.33,7.47,133.14,3.88,49.65,99.89,2.43,20.09,19.53,1925.17,168.2,Cooling System Issue,4
104.51,90.42,2.87,45.11,18024.6,401.68,16.83,7.77,133.25,3.68,50.5,102.47,2.5,27.08,20.19,2247.09,168.0,Cooling System Issue,4
106.4,97.14,3.28,45.0,18607.1,400.21,12.28,7.64,134.62,3.97,49.5,87.83,3.46,35.25,20.84,2446.27,169.63,Normal,0
100.44,80.95,2.71,43.45,16284.0,392.02,9.87,7.87,133.44,3.76,48.62,83.92,3.19,33.55,19.37,2084.84,168.85,Normal,0
93.11,68.51,2.24,43.94,15015.8,383.34,6.8,7.17,134.56,4.11,48.8,83.33,3.08,29.63,17.94,1751.56,169.49,Normal,0
102.97,87.22,2.75,44.41,17503.1,397.25,53.4,6.26,132.82,3.84,50.83,86.29,3.16,35.01,19.56,2464.92,190.24,Fuel Injector Clogged,3
105.19,90.24,3.03,44.37,17833.9,393.56,8.16,6.85,136.96,3.97,49.04,86.65,3.35,20.01,19.17,2266.96,165.9,Normal,0
106.42,94.57,2.96,44.89,18208.6,403.81,14.91,7.52,132.63,3.71,50.41,83.78,3.23,30.19,19.59,2424.96,172.14,Normal,0
101.53,78.68,2.75,43.27,16206.0,378.47,10.46,7.31,132.51,3.59,49.03,85.45,3.66,20.31,18.73,1994.31,169.91,Normal,0
86.45,51.85,1.63,42.45,12764.2,330.13,10.72,7.01,136.3,3.75,46.81,83.42,3.14,27.64,16.29,1380.15,179.58,Normal,0
86.23,49.86,1.91,39.87,12646.0,337.09,16.96,7.19,136.81,4.38,46.96,84.39,3.16,27.27,15.75,1380.37,179.83,Normal,0
96.29,68.79,2.37,43.96,14910.2,358.37,63.13,5.7,134.44,3.84,50.01,84.39,3.07,23.3,17.25,1937.18,181.97,Fuel Injector Clogged,3
102.55,78.75,2.61,45.32,16557.7,373.03,9.59,7.43,137.17,4.05,48.94,83.51,3.28,34.6,18.4,1996.98,167.45,Normal,0
105.64,93.13,2.99,44.58,17943.3,410.77,14.17,7.32,136.99,3.63,51.43,85.15,3.33,22.56,19.82,2397.32,172.31,Normal,0
96.31,73.73,2.62,46.78,15743.1,381.14,65.5,5.88,139.75,3.93,49.28,85.7,3.39,29.04,18.17,2082.47,191.68,Fuel Injector Clogged,3
106.26,92.53,3.05,45.43,18078.4,399.19,12.05,7.21,136.83,3.88,48.8,88.03,3.39,27.65,19.66,2324.08,166.07,Normal,0
105.35,87.02,2.76,42.62,17585.0,395.27,23.64,7.33,139.27,4.28,50.39,85.95,3.29,26.63,19.97,2145.41,164.04,Normal,0
97.4,74.23,2.34,43.52,16018.0,357.65,13.5,7.4,135.15,3.86,48.54,84.5,3.21,18.67,17.99,1858.28,167.08,Normal,0
104.46,87.9,2.88,45.13,17640.0,395.69,12.15,7.56,138.5,3.74,49.58,84.1,3.48,31.93,18.96,2273.25,169.84,Normal,0
103.43,84.13,2.76,45.4,17093.3,392.67,18.64,7.8,138.55,3.92,50.92,85.17,3.24,18.25,18.94,2083.25,167.27,Normal,0
106.14,91.68,2.85,44.95,17729.6,376.69,6.54,7.8,134.64,3.69,48.84,85.21,3.54,34.41,19.05,2337.93,171.03,Normal,0
101.5,82.63,2.71,43.09,16593.7,389.41,56.79,6.21,133.28,3.93,49.27,85.67,3.13,23.33,20.06,2208.31,181.87,Fuel Injector Clogged,3
102.11,86.6,2.78,43.29,17139.5,376.86,6.49,7.65,133.72,3.85,48.81,85.39,3.27,20.4,19.62,2260.19,172.78,Normal,0
91.04,60.1,1.72,41.83,15705.7,393.38,23.19,7.61,136.04,3.85,47.51,84.98,3.77,26.34,16.7,1636.68,188.94,Turbocharger Fouling,1
105.3,91.23,3.01,44.46,17920.4,404.65,7.89,7.39,132.13,3.91,49.63,85.22,3.79,29.19,20.52,2346.9,170.43,Normal,0
102.56,82.94,2.84,42.93,17059.2,375.62,80.26,6.58,133.87,3.88,48.87,87.37,3.16,24.21,18.76,2270.21,189.11,Fuel Injector Clogged,3
104.07,88.44,2.95,91.85,17775.7,384.82,49.5,7.18,137.99,3.96,49.71,86.24,3.62,20.44,19.38,2249.01,168.23,Scavenge Fire Warning,2
95.95,71.13,2.33,44.68,15231.5,376.83,77.26,4.37,136.67,4.16,49.84,84.0,3.69,18.37,17.33,2054.02,193.14,Fuel Injector Clogged,3
105.77,92.16,2.36,47.85,19482.6,431.72,19.35,7.14,129.12,3.76,49.4,86.89,3.59,32.08,19.19,2531.5,181.01,Turbocharger Fouling,1
92.9,61.54,2.13,44.06,14190.1,355.49,18.84,7.99,131.67,3.89,47.3,83.07,3.39,35.73,16.97,1546.19,167.55,Normal,0
99.31,76.68,2.44,46.09,16012.3,374.23,9.79,7.4,140.4,3.69,50.09,84.04,3.05,20.01,18.92,1941.57,169.16,Normal,0
104.32,92.75,3.03,46.88,17976.3,398.72,15.11,7.6,137.95,3.91,49.42,84.75,3.42,22.61,19.28,2394.99,171.66,Normal,0
104.33,90.72,3.09,46.51,18100.3,391.59,23.32,7.4,133.54,3.74,51.91,99.56,2.21,18.4,19.47,2346.83,171.18,Cooling System Issue,4
96.19,68.18,2.31,42.95,15033.7,366.14,12.03,7.7,131.28,3.98,48.66,84.51,3.44,35.7,17.35,1751.76,172.3,Normal,0
97.01,76.27,2.41,44.31,16036.3,371.31,55.85,5.63,131.88,4.07,49.3,84.3,3.49,26.89,18.71,2174.3,185.07,Fuel Injector Clogged,3
99.97,85.43,2.79,44.2,17002.7,389.61,73.39,5.82,136.27,3.76,47.54,85.61,3.25,36.5,18.86,2529.9,184.89,Fuel Injector Clogged,3
108.28,95.81,2.99,45.34,18624.2,402.27,9.78,7.71,139.94,3.75,49.15,86.48,3.31,27.36,20.55,2476.73,172.21,Normal,0
105.7,92.13,3.05,45.47,17794.9,410.34,8.51,7.34,139.78,3.98,47.87,87.59,2.97,35.24,20.18,2310.31,165.6,Normal,0
104.01,87.45,2.89,46.07,17531.3,386.26,60.23,5.69,131.06,3.96,50.23,83.7,3.56,37.04,18.91,2466.57,191.76,Fuel Injector Clogged,3
99.34,80.9,2.65,45.11,16718.6,379.65,16.13,7.44,134.26,3.97,49.56,86.75,3.24,24.7,18.51,2047.82,170.25,Normal,0
93.89,63.87,2.16,42.87,14393.0,361.75,10.85,7.46,132.86,3.89,49.5,82.07,3.36,30.81,17.12,1631.58,169.15,Normal,0
91.84,60.83,2.09,42.95,14173.1,363.75,14.72,7.21,135.34,3.74,49.54,85.52,3.45,31.33,16.52,1602.2,172.97,Normal,0
94.8,71.78,2.41,44.39,15513.4,360.99,51.71,6.1,131.67,3.81,50.19,86.27,3.3,18.43,17.28,1989.46,190.86,Fuel Injector Clogged,3
99.98,75.34,2.45,79.57,15908.5,375.0,65.72,7.31,133.64,3.75,49.17,86.47,3.21,26.76,19.05,1909.71,167.2,Scavenge Fire Warning,2
97.63,73.45,2.35,41.6,15683.9,351.75,21.15,7.9,132.83,3.99,49.39,85.62,3.45,35.11,16.91,1846.47,168.17,Normal,0
94.08,67.12,2.37,41.75,14903.1,361.72,13.29,6.91,136.31,3.97,49.6,83.41,3.08,36.93,17.52,1738.33,172.05,Normal,0
88.83,56.49,1.95,44.18,13590.4,359.2,23.41,7.81,133.71,3.88,47.75,85.16,3.54,35.98,17.19,1448.72,173.72,Normal,0
92.53,67.95,2.32,43.34,15007.0,359.13,9.75,6.89,134.07,3.86,48.12,98.22,2.08,37.46,16.97,1725.15,170.15,Cooling System Issue,4
108.46,99.31,3.2,45.31,18670.5,405.55,9.45,7.69,136.28,3.87,52.01,84.85,3.3,31.06,20.45,2559.41,171.65,Normal,0
103.68,87.68,2.88,44.62,17426.3,385.37,13.68,7.21,139.11,3.8,48.14,84.96,3.31,22.66,19.87,2224.12,168.35,Normal,0
90.36,59.03,1.96,42.33,13936.9,346.91,15.16,7.7,140.29,3.88,49.16,83.92,3.22,29.51,14.78,1556.68,175.07,Normal,0
107.47,94.38,2.91,46.39,18318.9,405.75,20.95,7.46,136.14,4.12,50.59,104.03,1.76,26.42,19.94,2471.52,173.22,Cooling System Issue,4
93.53,68.47,2.27,41.82,15268.6,357.23,12.56,7.0,134.78,3.84,47.96,83.9,3.36,23.17,16.56,1729.42,170.62,Normal,0
91.93,63.14,2.2,43.09,14528.3,361.26,14.27,7.98,138.29,4.05,48.17,84.92,3.34,33.46,17.58,1642.75,171.14,Normal,0
84.3,49.31,1.72,42.31,12472.0,344.1,38.57,7.77,137.92,4.06,47.86,82.33,3.66,30.58,15.21,1354.08,184.52,Normal,0
105.32,93.62,2.99,46.08,18165.8,390.21,9.11,7.68,137.2,3.6,50.43,85.79,3.09,33.8,20.96,2397.14,172.01,Normal,0
104.39,90.08,2.39,45.54,19279.4,430.38,11.55,7.28,131.05,3.74,50.41,85.28,3.24,23.39,18.98,2392.6,176.06,Turbocharger Fouling,1
101.5,81.76,2.54,45.31,16718.9,374.72,15.45,7.78,138.02,4.0,49.65,86.49,3.53,36.08,19.04,2064.77,169.72,Normal,0
104.95,92.85,2.34,44.57,20561.8,435.88,26.16,7.05,135.9,3.81,50.37,87.05,3.77,22.77,19.3,2571.78,179.29,Turbocharger Fouling,1
94.14,68.48,2.47,42.07,15195.0,355.08,10.85,6.72,132.77,3.71,49.74,96.68,2.33,30.04,17.36,1712.82,169.92,Cooling System Issue,4
101.11,77.24,1.93,47.86,18653.8,420.05,7.63,6.95,133.32,3.95,50.09,82.74,3.58,19.14,18.33,2135.08,180.02,Turbocharger Fouling,1
105.01,84.53,2.71,44.31,17337.1,383.64,23.41,7.18,136.46,3.77,51.34,83.61,3.19,28.82,19.05,2142.05,167.9,Normal,0
102.5,85.06,2.88,44.53,17186.1,395.23,10.46,7.24,128.72,3.93,50.87,86.75,3.33,19.97,20.07,2181.44,170.17,Normal,0
97.04,74.6,2.49,44.98,15641.9,374.37,9.43,7.35,134.69,4.3,49.37,84.81,3.4,24.64,18.94,1873.82,170.99,Normal,0
107.72,94.4,3.02,99.47,18197.1,405.64,65.74,7.36,133.36,3.88,50.89,87.87,3.28,35.21,19.52,2414.7,171.23,Scavenge Fire Warning,2
94.92,71.67,2.42,42.92,15592.0,374.03,9.71,7.27,133.11,4.01,49.65,85.94,3.32,35.87,17.83,1801.24,169.93,Normal,0
106.09,95.87,3.03,44.17,18128.3,404.22,15.18,6.76,133.86,3.78,50.48,86.14,3.15,33.35,19.41,2492.19,173.16,Normal,0
104.08,91.68,2.89,43.47,17663.7,391.94,17.68,7.57,131.3,3.67,49.26,85.82,3.52,25.35,18.87,2351.92,170.97,Normal,0
102.89,90.03,2.91,47.59,17756.3,400.71,12.88,7.41,137.63,3.99,50.21,84.22,3.24,29.57,19.15,2309.48,171.29,Normal,0
88.54,55.74,1.88,40.9,13676.5,346.82,11.9,7.26,129.68,3.89,46.44,83.47,3.28,22.48,17.31,1459.37,174.74,Normal,0
94.97,70.24,2.37,43.58,15568.0,353.97,19.08,7.99,135.42,3.88,50.23,85.31,3.26,31.57,16.66,1755.15,168.14,Normal,0
95.47,69.05,2.36,42.06,15083.7,364.6,9.83,7.42,132.88,4.19,49.46,84.35,3.27,24.95,17.91,1721.63,167.28,Normal,0
98.09,74.85,2.56,41.82,16090.2,377.2,67.23,5.23,139.96,3.85,49.21,85.56,3.43,22.42,18.39,2104.6,184.02,Fuel Injector Clogged,3
100.96,83.51,2.83,44.24,16954.4,371.53,13.01,7.78,135.06,4.05,49.34,86.58,3.41,29.7,18.49,2057.38,164.83,Normal,0
94.12,67.13,2.25,41.96,14554.3,356.83,8.1,6.98,129.69,3.99,49.68,84.47,3.85,20.24,17.76,1734.71,173.13,Normal,0
93.37,65.19,2.27,42.18,14646.4,351.64,7.75,7.49,136.37,3.86,50.77,84.09,3.36,31.73,17.58,1701.19,172.24,Normal,0
99.09,74.99,2.54,47.01,15737.4,380.03,10.71,7.78,132.27,3.95,49.75,97.63,2.32,21.74,18.1,1856.56,166.62,Cooling System Issue,4
95.87,70.34,2.4,44.26,15494.1,381.3,11.55,7.47,137.46,3.81,51.07,85.82,3.64,29.07,17.59,1782.63,166.86,Normal,0
102.46,82.94,2.68,46.03,16861.2,381.99,19.6,7.04,136.54,4.0,50.52,86.22,3.44,25.85,18.73,2114.1,168.05,Normal,0
84.8,47.21,1.64,43.01,12119.6,343.26,12.2,7.33,138.68,4.2,47.32,86.51,3.38,29.32,14.98,1285.4,183.68,Normal,0
103.64,86.62,2.87,44.78,16997.1,392.31,10.79,7.57,135.47,3.86,50.39,85.68,3.38,22.92,19.33,2215.34,169.45,Normal,0
104.28,85.77,2.67,44.2,17217.0,399.65,8.57,6.76,137.05,4.06,50.25,100.16,2.61,24.21,18.85,2078.88,164.1,Cooling System Issue,4
97.67,77.07,2.54,44.54,15600.9,371.11,18.34,7.03,135.11,3.92,48.66,104.55,2.42,20.81,18.42,1940.74,167.75,Cooling System Issue,4
102.29,86.39,2.61,45.16,17185.4,386.23,10.38,8.19,133.53,3.99,49.48,85.11,3.64,33.54,18.84,2147.25,166.86,Normal,0
105.91,88.77,2.78,44.25,17647.2,388.24,9.48,7.67,137.66,4.29,49.57,84.49,3.59,19.4,19.04,2293.96,171.71,Normal,0
102.8,87.02,2.77,45.16,17144.6,389.37,12.27,8.02,131.92,4.22,50.02,85.59,3.48,25.53,18.94,2217.87,169.56,Normal,0
101.54,91.68,3.05,44.27,18178.2,414.63,18.91,7.8,134.91,3.81,49.85,86.22,3.44,26.98,20.47,2320.25,169.03,Normal,0
100.31,80.7,2.71,82.27,16849.9,381.13,65.93,7.64,133.58,3.92,49.9,85.86,3.77,21.9,17.84,2051.82,170.85,Scavenge Fire Warning,2
99.93,78.84,2.56,43.8,16131.2,371.71,15.52,7.39,137.11,3.73,49.98,85.69,3.31,25.7,19.55,1990.43,167.15,Normal,0
92.48,69.4,2.4,86.53,15109.9,357.52,49.07,7.63,132.63,4.04,50.39,86.05,3.53,26.36,18.05,1763.87,169.48,Scavenge Fire Warning,2
84.73,45.6,1.75,38.12,12419.4,347.03,16.63,8.01,133.98,4.08,48.6,84.45,3.61,22.49,14.39,1263.71,186.29,Normal,0
104.57,93.01,2.99,44.03,18126.4,389.39,17.27,7.79,135.11,3.71,49.48,86.05,3.59,30.79,19.49,2397.06,172.36,Normal,0
97.57,72.84,1.7,46.53,16600.3,416.73,15.5,7.56,138.72,4.09,51.39,83.39,3.26,18.62,16.95,1964.92,180.09,Turbocharger Fouling,1
104.34,90.87,2.93,44.81,17827.6,388.15,17.95,7.44,133.67,3.8,49.39,85.93,3.91,21.95,20.02,2351.4,172.61,Normal,0
97.07,76.12,2.52,45.25,15827.8,365.02,27.1,7.67,134.0,3.82,49.04,84.84,3.7,30.48,19.0,1916.36,167.42,Normal,0
103.79,92.1,2.88,42.18,18256.8,399.97,21.1,7.31,131.63,3.89,50.74,84.34,3.59,30.55,19.89,2338.62,168.24,Normal,0
96.22,73.23,2.48,42.35,15786.7,366.49,9.26,7.67,132.54,3.84,52.19,85.53,3.22,23.31,18.69,1903.58,171.87,Normal,0
104.17,86.41,2.84,42.88,17231.8,391.41,9.69,7.26,136.03,3.85,50.29,86.08,3.58,31.66,19.32,2173.9,167.99,Normal,0
99.94,79.67,2.04,44.07,18561.3,420.73,18.1,7.38,135.08,4.14,48.94,85.7,2.98,27.4,19.15,2145.49,181.26,Turbocharger Fouling,1
97.72,75.52,2.54,47.67,15651.7,378.76,14.48,7.14,135.12,3.81,47.76,85.69,3.36,28.54,18.35,1920.81,169.84,Normal,0
96.11,72.98,2.5,44.53,15456.2,369.08,24.23,7.35,139.35,4.01,47.58,85.07,3.42,24.65,17.94,1910.91,172.91,Normal,0
96.3,67.77,2.28,45.97,15313.3,370.21,20.17,7.26,130.82,3.84,49.06,84.41,3.32,37.69,17.9,1722.65,169.65,Normal,0
102.1,80.21,2.66,91.13,16538.0,372.88,60.39,8.09,140.79,3.73,50.15,87.33,3.68,32.75,18.53,2035.8,169.06,Scavenge Fire Warning,2
104.47,86.87,2.2,47.0,20582.2,408.26,8.27,7.19,137.95,3.84,48.49,85.65,3.42,22.97,20.13,2360.97,178.93,Turbocharger Fouling,1
107.6,97.28,3.08,48.89,18710.9,407.25,17.85,7.63,134.19,4.21,50.6,82.84,3.23,22.73,20.05,2509.66,171.52,Normal,0
96.94,71.55,2.51,43.56,15732.9,370.76,10.21,7.17,135.98,4.03,47.91,81.95,3.54,33.48,18.14,1807.76,167.56,Normal,0
91.95,64.7,2.05,42.37,14147.7,355.99,11.47,7.52,133.29,4.01,47.99,86.03,3.47,25.76,16.72,1701.73,173.21,Normal,0
89.33,57.15,2.07,40.6,13602.6,339.67,10.23,7.6,135.8,3.89,49.2,82.09,3.08,19.83,15.49,1541.3,177.67,Normal,0
93.03,65.62,2.19,42.79,15064.4,345.73,12.83,6.85,140.37,3.88,48.21,83.97,3.64,18.71,17.45,1692.08,171.84,Normal,0
97.72,79.17,2.56,44.46,16606.0,379.37,16.7,7.01,133.38,3.66,50.87,83.71,3.42,26.28,17.44,1976.01,166.46,Normal,0
100.51,77.6,2.59,47.25,16491.7,390.19,11.87,7.17,134.42,4.16,48.91,101.96,2.04,26.29,19.66,1938.02,166.78,Cooling System Issue,4
101.06,83.98,2.63,42.78,16996.1,383.87,13.51,7.04,133.11,3.9,50.89,105.86,1.98,32.14,18.77,2116.75,166.83,Cooling System Issue,4
95.77,66.64,2.2,43.42,14712.5,360.42,12.26,7.53,133.51,3.96,51.26,83.87,3.34,29.5,17.28,1717.01,171.39,Normal,0
103.16,84.49,2.7,42.04,16835.2,385.42,17.97,7.58,133.99,3.89,49.06,84.4,3.48,33.4,18.84,2129.81,165.14,Normal,0
102.54,83.93,2.73,44.07,16749.3,402.34,19.78,7.13,132.26,4.18,52.24,86.23,3.38,24.36,19.06,2106.88,167.44,Normal,0
96.68,70.12,2.3,44.08,15441.9,373.66,18.69,7.54,134.34,3.96,49.17,87.96,3.45,30.49,17.87,1776.97,166.79,Normal,0
95.82,71.47,2.53,44.49,15546.2,361.86,23.64,7.35,135.14,3.89,48.58,85.51,3.51,35.71,17.29,1846.48,170.1,Normal,0
88.4,50.8,1.97,42.95,12835.3,343.72,53.28,5.52,133.99,4.27,47.99,82.94,3.43,19.39,14.29,1469.47,196.23,Fuel Injector Clogged,3
104.73,91.05,2.79,45.88,17992.6,396.47,20.05,7.28,129.25,3.82,49.69,86.69,3.48,32.17,18.99,2367.9,173.75,Normal,0
98.45,74.92,2.54,44.86,15896.8,365.2,10.94,7.67,134.61,3.65,50.77,87.09,3.33,32.32,17.83,1914.66,170.48,Normal,0
101.28,84.4,2.83,44.82,17261.4,391.57,11.58,8.07,134.88,3.63,51.12,105.49,2.13,33.88,19.19,2125.81,168.11,Cooling System Issue,4
97.6,76.36,2.58,42.54,16254.3,368.9,7.1,7.77,139.74,3.87,50.74,94.48,2.31,23.38,18.36,1958.06,169.03,Cooling System Issue,4
102.08,83.03,2.03,41.87,18794.1,413.72,15.77,7.99,135.07,3.91,48.44,85.96,3.66,26.33,19.34,2280.31,175.98,Turbocharger Fouling,1
104.02,88.69,2.86,44.27,17645.9,391.47,8.3,7.01,137.34,3.97,50.18,98.77,1.73,22.79,18.44,2215.7,167.21,Cooling System Issue,4
99.18,79.69,2.57,44.17,16093.8,378.95,15.59,7.26,133.94,3.74,48.04,85.25,3.46,24.17,18.03,2048.16,170.48,Normal,0
99.95,83.44,2.7,46.56,16958.6,384.29,9.06,7.7,138.25,3.83,50.77,84.89,3.15,37.37,18.66,2082.47,167.99,Normal,0
103.16,91.07,2.85,45.14,18017.3,387.73,15.17,8.03,132.64,3.71,49.61,86.53,3.72,26.91,20.57,2310.76,168.3,Normal,0
102.72,82.49,2.7,44.3,16521.8,378.11,19.92,7.73,136.26,4.04,50.21,84.88,3.61,34.97,20.47,2076.09,169.18,Normal,0
95.42,70.58,2.26,44.23,15231.5,377.26,14.94,7.14,137.1,4.11,48.67,86.52,3.29,33.9,16.9,1762.87,167.08,Normal,0
93.3,65.31,2.21,88.31,14666.3,365.17,51.52,7.35,136.73,4.23,47.18,84.61,3.34,26.89,17.86,1707.79,172.55,Scavenge Fire Warning,2
100.66,76.85,2.45,45.36,16157.4,368.4,13.33,7.62,140.41,3.95,50.34,84.81,3.62,37.84,18.35,1937.84,168.84,Normal,0
93.02,66.72,2.28,97.41,14778.5,347.79,33.27,7.44,133.54,4.21,49.96,85.35,3.43,34.82,17.67,1699.38,169.35,Scavenge Fire Warning,2
101.7,85.66,2.74,48.14,16949.1,379.75,11.18,7.22,138.53,3.75,49.99,85.85,3.51,27.65,18.34,2207.4,170.39,Normal,0
84.81,50.03,1.82,73.93,12741.6,343.79,45.92,7.4,137.89,4.03,46.14,84.72,3.22,24.19,16.57,1355.33,182.89,Scavenge Fire Warning,2
97.95,70.24,2.45,44.12,14916.7,362.75,7.72,7.49,135.12,3.76,49.91,84.65,3.5,19.51,16.34,1780.96,168.78,Normal,0
103.97,83.21,2.86,47.03,16850.2,378.34,6.65,7.12,139.6,3.95,49.01,86.93,3.37,27.3,18.12,2122.01,169.23,Normal,0
101.77,81.46,2.48,44.29,16585.9,377.12,16.42,7.84,134.63,3.92,50.18,106.95,2.01,25.2,18.58,1999.42,165.37,Cooling System Issue,4
103.16,84.79,2.71,45.8,17069.1,385.4,11.31,7.35,135.06,3.49,49.32,85.38,3.33,32.23,18.7,2137.99,169.33,Normal,0
89.93,59.09,2.03,41.02,13763.1,360.14,75.46,5.28,134.99,4.13,48.27,85.35,3.36,18.39,16.63,1662.08,183.16,Fuel Injector Clogged,3
104.44,84.5,2.8,44.29,16731.4,385.63,16.47,7.86,131.82,3.99,50.3,85.06,3.42,34.63,18.62,2119.43,168.56,Normal,0
94.56,66.44,2.13,45.05,14724.3,363.54,13.29,7.46,136.9,3.85,48.17,85.34,3.29,26.33,17.1,1710.24,172.14,Normal,0
103.59,85.65,2.72,43.78,17411.6,385.27,16.95,7.84,136.51,3.9,49.69,86.42,3.81,27.39,19.03,2143.12,169.16,Normal,0
97.1,72.95,2.45,43.64,15896.1,367.19,9.92,7.14,134.74,3.68,49.79,85.22,3.21,21.66,17.8,1868.68,171.85,Normal,0
96.3,71.61,2.41,41.37,15987.3,376.66,13.98,7.65,139.41,3.8,51.39,83.88,3.49,36.75,17.89,1810.41,167.47,Normal,0
101.91,79.19,2.65,47.34,16771.0,384.93,6.98,7.79,133.91,4.13,49.49,83.74,3.45,25.97,19.06,2019.81,168.83,Normal,0
103.99,87.61,2.89,46.9,17188.3,405.88,12.95,7.21,130.68,3.68,50.78,85.86,3.54,34.85,18.87,2175.13,164.6,Normal,0
99.02,73.08,2.47,44.13,15545.2,376.24,8.37,7.44,139.76,3.91,48.12,84.05,2.95,22.75,18.75,1837.76,167.69,Normal,0
91.66,60.52,2.11,74.01,14060.1,351.66,79.13,7.44,137.53,3.75,50.42,85.69,3.1,19.93,16.78,1555.17,173.09,Scavenge Fire Warning,2
99.34,80.23,2.65,45.01,16510.0,373.05,11.45,7.57,136.57,3.93,48.8,83.4,3.3,30.72,19.38,2065.75,171.14,Normal,0
98.05,76.45,1.91,46.19,17980.0,444.14,9.47,7.67,134.15,3.98,49.31,86.64,3.57,37.69,18.06,2027.11,182.61,Turbocharger Fouling,1
99.86,78.75,2.43,43.52,16872.9,371.91,11.69,7.18,135.86,3.99,50.05,85.21,3.35,30.94,17.96,1982.13,169.85,Normal,0
106.84,98.86,3.29,47.01,18619.4,410.05,11.73,7.48,131.85,3.87,49.67,84.93,3.35,30.17,20.44,2543.99,171.53,Normal,0
100.49,83.8,2.57,46.32,16818.4,378.67,42.98,6.14,134.44,4.08,50.85,84.81,3.4,26.84,20.5,2271.01,182.01,Fuel Injector Clogged,3
103.85,85.25,2.16,46.64,20256.0,434.24,18.88,7.87,132.74,3.78,49.17,85.17,3.25,23.68,18.28,2323.76,174.12,Turbocharger Fouling,1
85.02,49.93,1.78,38.61,12605.5,333.93,19.82,7.78,135.65,3.84,49.08,84.58,3.48,26.62,16.15,1362.55,179.58,Normal,0
105.38,92.47,3.04,44.5,18145.4,401.83,26.5,7.43,137.31,3.74,51.23,84.23,3.43,20.98,19.89,2341.48,168.48,Normal,0
97.19,72.07,2.18,42.24,15736.6,360.22,20.36,8.25,132.38,3.71,49.82,83.73,3.49,23.24,18.09,1799.19,167.71,Normal,0
102.41,87.03,2.83,45.19,17486.2,390.98,18.7,7.86,136.81,3.86,50.62,85.09,3.67,27.75,18.54,2265.06,172.83,Normal,0
98.09,70.99,2.45,40.66,15416.3,367.16,15.48,7.51,135.5,3.9,51.73,84.8,3.36,20.9,18.02,1803.0,169.1,Normal,0
88.84,58.23,2.11,39.59,13984.6,353.6,14.89,7.58,136.71,4.04,49.04,85.19,3.42,33.83,16.71,1501.9,172.41,Normal,0
98.77,75.77,2.47,47.32,15775.0,371.55,12.51,7.34,134.39,3.65,49.52,85.35,3.22,18.23,17.31,1910.59,167.22,Normal,0
96.22,70.07,2.34,44.53,15149.7,364.23,14.09,7.64,136.76,3.92,49.49,102.19,1.77,24.43,17.74,1809.55,171.51,Cooling System Issue,4
97.47,73.65,2.41,44.07,15823.6,373.3,14.44,7.71,133.26,4.09,50.59,85.23,3.4,28.33,17.85,1837.77,167.2,Normal,0
99.38,81.63,2.65,45.08,16248.4,374.02,14.26,7.75,130.79,3.96,52.0,85.46,3.42,36.58,18.54,2083.98,171.02,Normal,0
106.22,92.36,2.9,45.61,18356.4,387.38,18.68,7.44,131.37,3.55,49.99,85.39,3.52,29.47,19.75,2370.39,172.35,Normal,0
96.92,70.29,1.68,45.12,17452.2,414.22,9.53,6.98,133.74,3.92,48.25,84.95,3.5,23.9,18.33,1892.28,183.11,Turbocharger Fouling,1
103.93,91.21,2.99,44.35,17935.2,390.84,15.03,7.58,130.97,3.73,51.27,83.07,3.45,25.04,19.94,2320.0,168.57,Normal,0
107.61,96.61,3.12,46.01,18217.3,392.72,11.64,7.75,138.88,3.82,48.98,86.98,3.7,24.78,19.55,2458.06,170.24,Normal,0
93.19,63.33,1.88,43.41,16479.1,420.3,15.92,7.16,134.79,3.89,49.11,85.19,3.34,21.61,17.31,1718.12,184.88,Turbocharger Fouling,1
94.03,69.29,2.36,41.97,15073.4,363.94,21.79,7.47,137.3,4.18,49.42,107.03,2.27,20.9,17.56,1780.14,170.55,Cooling System Issue,4
100.95,84.18,2.81,46.65,17200.5,383.42,15.04,7.97,136.97,3.88,49.68,84.39,3.45,27.61,18.63,2182.25,170.94,Normal,0
102.1,81.13,2.74,43.82,16184.7,370.8,22.93,7.08,135.02,3.92,49.6,85.93,3.19,23.41,17.96,2083.32,168.73,Normal,0
104.24,88.95,2.75,95.9,17792.3,407.76,53.26,7.4,143.84,3.84,48.35,83.27,3.52,19.84,19.93,2270.93,168.5,Scavenge Fire Warning,2
96.27,72.32,2.36,43.96,15461.3,389.82,18.42,8.02,142.32,3.98,48.39,82.77,3.41,22.33,17.53,1861.24,171.63,Normal,0
102.34,87.69,2.84,47.47,17412.1,383.37,17.52,7.56,138.48,3.82,50.88,85.22,3.42,28.41,19.88,2229.5,170.53,Normal,0
103.28,89.05,2.89,43.56,17686.5,401.12,9.52,7.32,132.74,3.96,47.97,84.87,3.5,23.14,18.81,2251.1,167.85,Normal,0
96.49,72.5,2.38,42.17,15621.6,369.89,14.27,7.5,138.58,3.85,49.18,86.16,3.47,22.75,19.08,1833.28,168.68,Normal,0
104.07,92.13,3.05,44.01,17859.6,407.99,20.83,7.79,130.63,4.04,49.83,98.18,2.02,30.41,21.33,2367.46,171.53,Cooling System Issue,4
94.79,72.18,2.58,43.97,15660.6,372.92,27.65,7.43,138.49,3.99,47.26,86.43,3.33,31.79,18.18,1864.08,169.53,Normal,0
107.24,94.21,3.05,47.85,17766.0,398.56,8.0,7.71,128.61,3.8,51.93,86.49,3.68,22.82,20.73,2409.18,169.01,Normal,0
104.48,87.54,2.86,47.39,17343.4,369.43,7.46,7.58,134.2,3.98,48.91,86.27,3.14,27.44,19.04,2231.37,169.2,Normal,0
104.93,95.77,3.15,42.2,18505.1,392.68,9.06,7.61,138.02,3.89,50.86,84.29,3.28,33.29,19.77,2446.14,170.38,Normal,0
103.79,88.34,2.1,45.44,19272.4,444.76,12.92,7.73,135.96,3.97,49.51,87.21,3.3,31.8,20.11,2428.76,181.82,Turbocharger Fouling,1
93.15,66.43,2.26,38.5,14402.0,364.63,29.51,7.4,131.3,3.95,48.14,86.16,3.27,19.39,17.4,1652.52,168.16,Normal,0
107.02,98.15,3.23,47.04,18935.7,392.97,50.08,4.68,135.43,3.77,50.18,84.27,3.09,25.2,19.5,2743.27,191.37,Fuel Injector Clogged,3
102.8,87.28,2.79,46.66,17135.6,383.27,11.33,7.67,135.96,3.87,49.57,86.05,3.7,32.47,19.34,2284.33,172.99,Normal,0
104.91,93.02,2.91,45.38,18112.5,400.7,8.72,7.45,135.51,3.75,50.0,102.33,2.31,21.59,19.1,2356.18,169.69,Cooling System Issue,4
95.01,63.04,2.15,43.17,14414.2,347.74,13.24,7.34,133.98,4.09,48.05,86.74,3.29,21.92,16.88,1641.13,174.54,Normal,0
92.56,64.03,2.19,43.23,14508.6,361.11,33.6,7.68,137.14,4.16,47.87,83.39,3.53,30.6,17.71,1662.59,171.57,Normal,0
101.94,86.52,2.75,43.74,17572.0,398.05,9.77,7.95,137.86,3.94,50.9,85.57,3.37,23.68,20.09,2152.45,166.23,Normal,0
87.22,54.34,2.09,42.99,13280.6,351.01,10.25,7.45,134.61,4.2,48.45,84.4,3.35,24.48,16.33,1449.26,175.72,Normal,0
104.21,86.65,2.79,44.58,17425.1,390.99,18.1,7.5,138.8,4.02,49.84,85.4,3.23,28.46,20.03,2159.83,167.08,Normal,0
94.78,71.92,2.32,45.15,15477.3,353.73,21.54,7.09,134.61,3.87,48.34,87.45,3.4,33.01,17.56,1864.49,173.27,Normal,0
102.81,88.59,2.87,44.92,17708.4,384.16,10.7,7.42,133.78,3.97,51.56,87.57,3.29,27.97,20.44,2248.77,168.64,Normal,0
102.98,82.39,2.36,43.3,19520.6,440.65,13.61,7.58,138.39,3.68,49.62,83.33,3.23,35.87,18.39,2242.61,175.46,Turbocharger Fouling,1
102.64,85.09,2.31,42.5,18851.1,420.82,17.41,7.49,138.3,3.89,47.93,85.99,3.57,20.13,18.6,2263.79,180.33,Turbocharger Fouling,1
93.32,64.03,2.23,40.33,14675.5,370.15,13.53,7.37,133.45,3.77,49.16,84.55,3.25,33.08,16.81,1653.88,172.84,Normal,0
109.11,96.03,3.02,47.65,18824.0,395.15,16.77,7.75,133.09,3.8,49.56,86.84,3.65,28.87,19.67,2510.85,173.58,Normal,0
107.17,96.89,3.23,45.06,18910.2,398.89,18.65,7.52,139.41,3.6,51.27,86.13,3.27,34.33,20.52,2503.09,171.23,Normal,0
97.82,76.25,2.58,44.61,15946.0,379.43,12.86,8.41,134.74,4.06,50.47,84.07,3.13,24.33,18.99,1904.14,165.84,Normal,0
102.97,87.51,2.93,93.74,17667.3,390.2,58.01,7.57,135.01,3.79,50.86,84.26,3.49,27.64,19.32,2181.22,166.96,Scavenge Fire Warning,2
91.52,63.62,2.21,42.25,14507.3,362.58,8.02,6.54,134.37,4.08,48.4,84.06,3.32,34.47,17.23,1632.92,168.96,Normal,0
102.68,82.22,2.77,43.64,17023.3,376.23,8.34,7.11,138.3,3.86,49.59,85.14,3.12,34.64,17.98,2063.85,167.03,Normal,0
100.66,79.31,2.55,44.15,16538.7,370.05,8.61,7.69,140.36,3.61,49.82,85.41,3.45,25.52,18.59,1925.77,160.55,Normal,0
93.06,61.24,2.08,42.94,14216.0,349.47,18.64,7.27,135.17,3.88,49.65,83.77,3.16,34.44,17.88,1585.76,174.73,Normal,0
100.38,76.85,2.66,46.98,16201.7,371.8,61.51,5.2,141.04,3.81,48.42,87.12,3.04,31.65,19.15,2133.72,183.4,Fuel Injector Clogged,3
100.19,81.03,2.79,46.83,16684.7,379.45,8.65,7.07,133.61,3.87,49.74,85.88,3.52,26.19,18.04,2012.81,166.06,Normal,0
94.77,70.03,2.27,44.53,15318.2,375.83,17.25,7.33,134.29,4.15,51.02,85.85,3.67,37.39,17.39,1744.8,166.74,Normal,0
99.16,77.54,2.59,46.38,16157.6,377.62,8.54,7.57,136.68,4.14,48.95,84.94,3.33,18.62,20.41,1996.7,171.15,Normal,0
104.59,93.58,2.99,45.22,18142.5,400.86,7.0,7.64,132.96,3.79,50.19,84.5,3.62,25.65,20.14,2393.51,172.7,Normal,0
104.77,90.78,2.89,45.71,18236.0,394.61,26.93,7.14,136.65,3.65,52.7,86.69,3.54,24.14,20.53,2309.78,169.23,Normal,0
98.77,73.38,2.48,43.42,15777.3,362.8,8.94,7.78,133.7,3.79,49.06,83.74,3.52,36.72,18.93,1837.34,167.31,Normal,0
99.1,77.74,2.67,42.28,16091.1,377.31,12.92,7.08,131.14,3.96,47.96,82.68,3.37,19.99,17.72,1981.99,168.15,Normal,0
102.51,85.05,2.82,46.61,17070.3,387.36,6.78,7.65,130.64,3.84,49.77,86.08,3.29,30.56,19.51,2115.46,165.5,Normal,0
104.1,89.84,2.89,45.98,17962.3,398.38,18.39,7.62,134.19,3.6,51.72,84.69,3.46,32.33,19.65,2276.53,170.04,Normal,0
103.87,86.5,2.86,44.95,17150.9,379.58,11.92,7.17,136.04,3.78,50.95,85.06,3.52,21.68,20.26,2144.89,166.23,Normal,0
102.28,86.96,2.81,97.2,17043.9,372.38,54.44,7.13,131.6,4.05,48.93,86.31,3.17,21.0,20.44,2101.59,163.94,Scavenge Fire Warning,2
94.06,71.78,2.44,41.48,15162.6,371.13,13.85,7.63,135.45,3.96,49.65,83.75,3.34,18.96,17.32,1838.67,167.39,Normal,0
105.43,91.53,3.07,43.86,17561.3,397.25,8.99,7.3,135.45,3.84,49.94,83.74,3.37,21.18,21.76,2268.6,167.97,Normal,0
108.77,98.86,3.0,46.41,18572.2,402.14,9.9,7.43,134.58,3.75,51.26,87.42,3.35,34.16,20.49,2616.01,176.95,Normal,0
103.1,85.65,2.86,44.06,16946.8,387.29,8.31,7.74,132.68,3.79,49.24,85.36,3.28,36.88,19.52,2218.75,171.83,Normal,0
99.22,79.36,2.5,44.02,16724.1,386.22,15.1,7.67,135.6,3.96,50.07,86.68,3.16,36.03,16.95,1995.26,165.77,Normal,0
89.46,59.47,2.16,42.6,13923.7,350.67,13.68,7.18,134.64,3.98,50.59,96.96,1.95,25.31,17.25,1580.34,174.12,Cooling System Issue,4
101.52,81.62,2.63,43.51,16622.6,379.8,12.96,7.48,137.45,3.99,47.06,86.05,3.35,32.52,17.46,2039.75,166.73,Normal,0
89.4,56.41,1.88,41.06,13233.3,351.14,17.34,7.17,131.77,4.06,49.13,84.45,3.31,34.54,16.27,1530.72,180.03,Normal,0
100.57,81.11,2.73,42.07,16606.7,371.62,14.86,7.8,135.28,3.88,50.97,85.44,3.52,34.25,18.37,1995.21,164.38,Normal,0
93.51,60.46,2.12,42.62,13675.0,354.36,12.31,8.04,131.82,4.02,47.16,85.78,3.15,19.25,17.02,1560.58,174.66,Normal,0
103.88,91.94,2.89,46.28,17911.4,394.42,17.53,7.2,134.41,3.74,49.42,86.66,3.45,22.3,19.84,2365.99,172.69,Normal,0
94.34,62.24,2.04,40.51,14733.7,370.89,10.28,7.49,132.26,3.94,48.41,83.78,3.08,36.78,17.26,1576.6,171.64,Normal,0
100.83,81.28,2.66,44.47,16805.8,379.21,7.94,7.82,132.71,4.08,48.93,85.84,3.39,32.8,19.47,2053.82,168.07,Normal,0
100.11,85.02,2.22,45.22,19379.4,435.1,11.71,7.51,134.99,3.86,49.02,84.66,2.99,34.69,18.47,2280.81,179.79,Turbocharger Fouling,1
89.83,57.95,1.94,41.15,13897.5,359.79,10.17,7.7,133.59,3.94,48.23,83.94,3.24,28.28,16.38,1501.7,173.08,Normal,0
100.01,76.69,1.98,46.27,18512.5,407.54,20.38,7.52,138.67,3.92,50.3,85.75,3.4,25.86,17.78,2079.25,176.32,Turbocharger Fouling,1
106.86,98.06,3.07,45.27,18581.6,413.58,17.14,7.13,137.95,3.63,51.9,85.16,3.14,31.02,19.76,2501.29,169.8,Normal,0
90.47,62.3,2.18,42.83,14662.1,371.98,9.33,7.54,137.01,3.98,50.11,84.67,3.14,27.46,18.08,1593.94,169.51,Normal,0
96.02,70.72,2.5,43.42,15088.8,368.17,8.84,7.89,136.96,4.17,50.18,85.28,3.58,25.48,16.96,1841.08,170.99,Normal,0
99.54,80.74,2.65,41.8,16514.8,376.61,10.38,7.61,135.33,3.76,51.47,84.82,3.11,24.96,18.18,1999.46,166.07,Normal,0
99.21,76.15,2.54,45.61,16085.9,388.2,12.51,8.07,138.26,3.94,51.46,85.91,3.38,21.16,19.55,1897.48,168.58,Normal,0
107.28,95.48,3.23,44.21,18229.3,405.72,12.88,6.88,134.26,3.81,50.46,85.29,3.67,28.59,19.99,2415.2,169.24,Normal,0
102.67,89.12,2.8,44.78,17783.6,392.06,10.33,7.63,140.3,3.84,51.44,86.7,3.43,28.4,19.43,2267.02,169.81,Normal,0
101.01,83.89,2.84,45.61,16918.9,396.28,14.1,7.27,132.64,3.85,50.2,106.37,2.16,29.82,19.21,2081.68,164.91,Cooling System Issue,4
89.83,55.81,2.05,44.66,13622.6,360.33,9.88,7.19,132.18,4.08,48.3,84.44,3.27,20.32,15.58,1512.49,179.37,Normal,0
99.14,79.79,2.7,42.76,16602.4,377.05,23.75,7.97,131.51,3.72,49.54,84.11,3.27,36.3,18.03,2014.17,169.63,Normal,0
102.35,88.4,2.98,44.4,17496.0,392.48,11.95,7.41,131.95,3.95,50.99,85.25,3.37,32.84,19.03,2207.46,167.85,Normal,0
98.88,80.09,2.66,46.48,16887.5,384.73,17.67,7.38,130.93,3.89,51.07,102.57,1.81,20.62,19.23,1993.96,164.27,Cooling System Issue,4
96.3,69.97,2.31,44.29,15100.2,367.7,90.9,6.36,135.54,3.66,49.73,86.03,3.58,19.59,18.05,2025.85,189.24,Fuel Injector Clogged,3
100.53,79.77,2.72,45.39,16768.4,368.59,12.68,6.75,137.13,3.94,49.19,84.8,3.44,30.86,18.2,2007.02,167.28,Normal,0
99.63,80.47,2.74,42.86,16817.5,373.08,10.68,7.97,135.09,3.9,49.13,86.44,3.09,24.83,18.56,2018.76,166.91,Normal,0
94.54,67.06,2.37,42.8,15272.0,352.96,7.95,8.17,131.54,3.8,47.16,83.78,3.58,24.38,17.84,1738.52,172.61,Normal,0
105.79,89.19,2.9,44.88,17687.6,395.44,9.62,7.82,133.83,3.87,50.37,85.97,3.52,34.8,18.04,2293.78,171.7,Normal,0
94.23,68.93,2.27,42.23,14942.7,356.69,11.97,7.64,137.1,3.73,49.39,84.15,3.48,24.9,17.73,1754.23,170.69,Normal,0
97.84,79.81,2.65,41.87,16933.6,381.31,9.58,7.42,134.15,3.78,48.55,87.05,3.8,30.64,19.04,2038.9,170.98,Normal,0
96.05,69.15,1.89,42.77,17336.4,429.97,11.16,7.12,133.0,3.93,49.58,86.4,3.42,28.74,17.02,1837.72,173.78,Turbocharger Fouling,1
105.4,93.3,3.09,47.5,17983.8,408.05,25.51,7.92,131.22,3.57,50.65,86.07,3.68,23.26,20.25,2406.92,170.05,Normal,0
94.52,68.87,2.29,43.6,15066.6,351.38,11.63,7.82,133.94,3.75,47.62,84.11,3.4,24.63,17.55,1761.29,169.16,Normal,0
94.26,64.84,2.24,45.25,14389.6,350.83,15.19,7.66,133.24,3.79,48.6,82.77,3.48,36.86,18.25,1682.98,173.13,Normal,0
98.62,73.84,2.36,44.18,15845.8,366.09,18.49,7.62,134.78,3.92,50.73,85.41,3.3,24.63,17.7,1868.5,167.93,Normal,0
93.08,69.65,2.43,42.42,15072.9,357.71,24.27,7.61,136.19,3.99,48.5,85.04,3.06,33.68,17.97,1762.19,170.72,Normal,0
104.81,93.47,2.95,47.39,18120.8,383.61,15.69,7.32,134.29,3.69,50.22,86.77,3.07,35.23,19.0,2395.12,169.76,Normal,0
98.92,70.53,2.44,43.96,15529.1,368.08,5.83,8.38,135.46,3.78,49.33,83.06,3.38,19.42,17.75,1773.71,168.0,Normal,0
107.5,96.71,3.02,47.18,18726.1,406.53,14.18,7.4,136.18,3.83,50.33,86.04,3.36,31.26,20.68,2521.37,173.79,Normal,0
99.76,76.92,2.64,42.55,16118.0,383.78,8.89,7.35,131.93,3.91,50.15,85.59,3.19,32.99,17.99,1941.37,168.14,Normal,0
105.04,88.34,2.9,46.63,17580.3,386.63,10.3,7.89,139.72,3.74,50.91,84.45,3.35,26.68,20.06,2245.48,169.66,Normal,0
96.7,71.74,2.35,45.34,15470.6,367.5,12.8,7.49,133.15,4.19,50.49,85.01,3.48,29.39,18.37,1804.3,166.54,Normal,0
106.31,92.82,3.05,45.86,18007.1,398.86,18.3,7.49,136.29,3.86,49.86,84.84,3.63,21.24,19.9,2416.05,171.82,Normal,0
103.16,84.99,2.73,43.59,17123.6,385.37,59.09,6.22,132.16,3.83,50.35,84.41,3.28,24.37,18.91,2293.06,187.05,Fuel Injector Clogged,3
96.79,70.54,2.44,89.08,15425.2,374.66,38.61,7.74,135.28,3.86,50.01,84.18,3.47,32.15,15.85,1829.0,172.77,Scavenge Fire Warning,2
106.06,95.75,3.06,46.58,18440.5,403.13,18.55,7.76,135.37,3.97,50.19,85.51,3.71,30.05,19.71,2442.86,171.21,Normal,0
97.61,73.36,2.32,44.22,15762.4,368.69,9.38,7.0,139.15,3.99,48.58,86.42,3.54,20.73,18.63,1847.45,167.83,Normal,0
97.94,76.21,1.95,45.0,17944.3,391.23,5.88,7.64,134.42,3.63,49.57,84.66,3.26,37.76,18.08,2080.69,185.21,Turbocharger Fouling,1
102.63,85.78,2.77,46.38,17089.6,399.22,10.36,7.15,138.25,3.75,49.25,84.42,3.42,36.76,19.42,2179.12,168.4,Normal,0
95.78,72.85,2.55,82.69,15444.6,365.57,54.07,7.34,135.73,3.84,48.57,85.89,3.43,22.48,17.64,1850.2,170.2,Scavenge Fire Warning,2
88.4,56.63,1.51,40.8,15669.1,398.53,13.56,7.56,139.63,3.97,48.77,85.5,3.51,35.5,15.52,1551.0,190.01,Turbocharger Fouling,1
106.42,96.58,3.23,45.67,18856.2,385.4,18.14,7.49,130.55,3.91,50.16,86.85,3.41,23.34,20.62,2518.84,173.55,Normal,0
94.39,69.19,2.47,43.04,15308.6,366.4,9.36,7.73,136.21,3.76,49.29,86.41,3.49,29.27,16.84,1774.02,169.6,Normal,0
91.79,62.62,2.11,44.19,14090.5,359.08,13.29,7.77,128.32,3.94,47.27,84.74,3.58,33.64,16.79,1639.15,174.26,Normal,0
102.99,87.22,2.83,43.37,17499.3,390.22,21.59,7.8,134.85,4.11,49.75,85.68,3.21,24.88,19.5,2252.9,171.08,Normal,0
101.1,80.85,2.63,46.0,16520.6,405.18,9.05,7.03,137.55,3.88,47.38,84.39,3.16,29.1,18.27,1980.04,164.84,Normal,0
101.13,79.36,1.88,46.38,17701.3,421.2,13.97,8.33,138.61,3.78,48.53,86.85,3.51,27.01,19.48,2119.61,182.2,Turbocharger Fouling,1
101.14,83.49,2.59,44.68,16609.0,390.92,29.64,7.49,136.85,3.67,49.67,85.23,3.37,33.2,20.11,2132.75,171.84,Normal,0
106.79,92.4,2.99,45.48,18264.1,399.69,14.88,7.92,134.27,3.76,51.37,102.98,2.25,27.57,19.29,2417.65,171.54,Cooling System Issue,4
104.0,86.44,2.72,95.53,17004.7,382.62,39.29,6.62,136.36,3.69,50.43,84.99,3.6,29.34,18.75,2269.64,173.5,Scavenge Fire Warning,2
90.83,58.3,2.03,93.56,13775.6,359.32,54.6,7.41,141.29,3.91,48.71,85.1,3.07,34.91,16.28,1520.39,173.21,Scavenge Fire Warning,2
88.34,54.38,2.09,41.74,13089.5,346.66,18.15,6.99,135.19,4.06,48.07,84.28,3.25,31.97,16.86,1430.86,178.36,Normal,0
105.08,91.09,2.91,47.45,18057.0,400.87,13.73,7.2,137.4,3.84,49.85,85.87,3.38,28.55,19.95,2313.4,170.82,Normal,0
109.26,99.54,3.2,79.12,18868.3,420.11,78.25,7.52,133.93,3.73,51.78,85.59,3.22,27.23,20.91,2606.45,172.67,Scavenge Fire Warning,2
104.64,87.17,2.91,42.99,17366.4,390.17,11.32,7.38,137.68,3.58,48.82,85.25,3.31,20.54,20.07,2157.04,166.3,Normal,0
100.51,76.82,2.57,44.53,16080.1,373.77,77.14,6.07,137.27,4.02,48.73,84.9,3.17,19.13,17.75,2172.59,185.15,Fuel Injector Clogged,3
101.35,82.53,2.73,93.73,16883.0,391.58,58.95,8.12,133.47,3.82,50.78,87.01,3.32,37.06,19.14,2136.11,170.34,Scavenge Fire Warning,2
100.74,79.56,2.6,44.33,16448.2,390.63,12.2,7.16,136.94,3.9,49.24,83.02,3.23,21.73,18.59,2019.92,169.12,Normal,0
103.28,83.42,2.72,46.88,16918.5,377.21,20.7,7.33,137.06,3.73,51.69,85.87,3.46,23.54,19.18,2087.77,168.27,Normal,0
101.94,85.97,2.73,46.04,17132.1,383.84,19.12,7.14,136.85,3.79,50.56,86.74,3.56,30.22,19.86,2150.3,168.82,Normal,0
99.95,80.17,2.71,42.84,16174.5,385.61,82.25,6.42,134.9,3.79,50.76,83.0,3.47,34.56,18.52,2303.59,188.74,Fuel Injector Clogged,3
98.75,76.39,2.4,88.54,15802.6,374.43,43.06,7.56,138.07,3.69,47.81,84.97,3.87,34.66,17.84,1943.75,171.08,Scavenge Fire Warning,2
105.51,90.42,3.01,45.57,17960.8,385.39,11.21,7.51,132.66,3.7,51.13,86.8,3.57,34.59,18.96,2281.58,168.22,Normal,0
99.14,74.82,2.38,75.74,15784.7,377.84,58.08,7.61,135.02,3.9,48.52,84.09,3.56,37.56,19.16,1876.27,168.61,Scavenge Fire Warning,2
98.56,76.66,2.62,44.64,15936.0,381.19,6.63,7.39,135.28,3.94,50.17,85.39,3.39,19.11,18.26,1916.14,167.43,Normal,0
101.97,88.74,2.86,42.46,17283.1,388.25,21.67,7.2,137.93,3.74,49.63,84.43,3.34,26.0,18.61,2214.79,167.03,Normal,0
105.16,91.53,2.86,46.86,17563.1,394.91,15.17,7.52,132.58,3.65,50.34,85.7,3.63,36.27,20.53,2313.21,168.77,Normal,0
103.43,90.68,2.99,46.62,17680.7,388.74,15.95,7.41,135.6,3.78,48.97,87.16,3.35,27.35,18.59,2303.28,170.14,Normal,0
101.05,86.34,2.89,45.66,17487.4,379.16,12.8,7.62,133.77,3.97,48.16,87.49,3.41,35.43,18.27,2179.99,168.0,Normal,0
101.85,87.67,2.82,44.0,17336.5,385.61,66.83,4.81,135.27,3.71,50.1,85.81,3.37,18.35,19.14,2535.32,185.37,Fuel Injector Clogged,3
98.18,74.23,2.54,44.19,15866.5,373.38,12.13,7.57,135.98,3.91,49.05,83.43,3.5,28.09,17.72,1886.82,169.95,Normal,0
95.03,64.67,2.03,42.4,14451.1,349.04,54.84,5.78,131.8,3.84,48.02,84.21,3.56,36.45,17.33,1811.0,190.2,Fuel Injector Clogged,3
88.13,54.26,1.81,40.79,13422.6,344.43,12.64,7.55,138.16,4.15,46.76,81.99,3.59,23.23,15.0,1477.34,183.25,Normal,0
104.13,88.97,2.99,44.61,17544.2,391.92,12.55,7.82,136.07,3.77,47.33,85.21,3.35,36.59,19.65,2255.31,170.75,Normal,0
102.92,83.0,2.09,45.69,18467.4,442.79,6.15,7.31,132.85,3.97,50.26,86.48,3.43,18.17,19.65,2178.4,179.13,Turbocharger Fouling,1
95.14,72.43,2.28,43.86,15495.0,368.04,14.66,7.92,134.15,4.06,49.0,83.26,3.46,19.58,17.29,1871.8,171.06,Normal,0
103.13,85.5,2.74,47.02,17590.6,376.9,15.72,6.89,138.74,4.09,49.24,85.17,3.66,27.54,18.9,2123.48,167.82,Normal,0
94.98,68.05,2.23,44.59,15400.3,363.39,17.28,8.04,136.04,3.72,49.28,83.74,3.08,20.13,16.98,1721.12,168.74,Normal,0
105.8,92.22,2.32,46.37,20666.5,431.29,15.95,7.93,132.59,3.62,51.16,87.84,3.4,22.51,19.95,2546.02,186.22,Turbocharger Fouling,1
82.03,44.75,1.62,39.17,12064.1,340.36,6.73,7.19,133.04,4.2,48.28,84.27,3.28,23.95,14.61,1276.21,189.46,Normal,0
96.7,74.0,2.49,43.49,15816.6,369.79,13.57,7.19,136.56,4.05,48.89,106.14,2.22,27.63,17.31,1848.45,167.33,Cooling System Issue,4
107.28,97.56,2.55,44.21,22045.5,443.81,12.81,6.98,136.86,3.72,52.52,86.25,3.25,25.81,20.18,2663.82,187.63,Turbocharger Fouling,1
96.78,67.62,2.4,43.14,14944.2,394.06,10.81,7.82,135.91,3.44,48.41,105.28,2.52,36.44,17.63,1750.59,171.21,Cooling System Issue,4
108.11,97.44,3.16,44.76,18777.6,402.94,19.21,7.38,134.27,3.82,48.98,87.19,2.96,35.72,20.35,2481.7,170.67,Normal,0
91.45,61.93,2.17,42.39,14286.9,358.12,14.26,7.36,137.02,3.72,48.89,84.52,3.38,32.96,16.62,1602.84,170.04,Normal,0
94.88,71.32,2.49,45.3,15345.5,356.82,19.34,7.11,134.22,3.79,48.95,84.22,3.07,31.19,18.18,1758.52,166.32,Normal,0
95.81,74.32,1.78,44.66,16815.7,399.5,7.45,8.13,132.86,3.93,50.29,83.85,3.28,22.09,18.2,2056.46,178.92,Turbocharger Fouling,1
105.97,90.32,2.83,46.74,17688.3,392.16,11.05,7.16,138.97,3.89,49.54,87.72,3.36,30.04,18.88,2285.84,168.67,Normal,0
97.82,76.95,2.65,41.76,16294.8,378.88,6.42,7.51,136.22,4.13,49.3,86.06,3.33,20.94,16.7,1918.5,166.88,Normal,0
90.86,60.31,2.1,42.91,14032.3,361.01,22.44,7.58,133.04,3.9,47.85,81.74,3.52,27.05,17.04,1550.64,174.45,Normal,0
107.68,94.81,3.07,47.03,18417.2,400.41,19.52,7.36,135.34,3.67,51.07,85.5,3.62,27.23,19.85,2490.82,173.89,Normal,0
100.53,85.41,2.74,47.09,17114.3,377.28,24.21,7.29,135.07,4.0,49.99,103.8,2.74,31.79,18.45,2114.16,166.11,Cooling System Issue,4
103.99,84.73,2.72,42.46,16858.1,365.88,20.89,7.37,134.13,3.92,49.54,87.4,3.4,34.7,20.02,2091.02,164.56,Normal,0
100.92,82.33,2.77,44.06,16739.3,382.12,13.62,7.7,135.58,3.82,49.56,83.97,3.61,24.41,19.79,2119.35,171.03,Normal,0
103.45,91.46,3.04,46.87,17707.2,390.05,11.2,7.38,132.68,3.84,50.09,86.17,3.66,18.82,20.45,2381.52,171.0,Normal,0
84.8,48.91,1.83,41.62,12375.0,331.04,16.22,8.07,137.18,3.95,46.76,83.48,3.31,18.94,15.78,1317.87,180.35,Normal,0
101.18,84.37,2.83,43.38,17311.4,392.09,11.41,7.23,134.98,3.97,50.96,83.94,3.62,35.5,17.12,2119.41,167.41,Normal,0
105.96,93.04,3.05,43.12,18037.5,383.69,16.4,7.76,130.98,4.08,51.29,87.34,3.01,27.73,20.54,2358.41,168.55,Normal,0
98.11,76.77,2.56,96.85,15932.5,380.89,50.27,6.89,134.43,3.78,49.5,83.91,3.45,22.96,17.74,1952.78,169.44,Scavenge Fire Warning,2
94.28,71.49,2.39,41.19,15792.4,358.08,18.05,7.23,133.46,3.98,49.15,86.02,3.69,18.65,17.46,1823.74,171.13,Normal,0
99.98,79.96,2.74,44.48,16674.4,381.02,9.41,7.21,127.52,3.65,48.6,83.28,3.42,28.58,19.14,2053.34,169.34,Normal,0
89.58,60.22,2.06,44.16,13946.2,362.75,17.79,7.11,134.61,3.8,50.44,83.82,3.37,20.74,17.94,1566.71,174.2,Normal,0
96.13,69.98,2.39,41.71,15341.7,364.77,8.56,7.6,137.59,4.0,50.63,85.49,3.36,26.34,18.57,1794.28,170.26,Normal,0
105.25,96.38,3.03,46.1,18495.1,413.99,11.85,7.46,134.73,3.8,50.73,86.72,3.66,28.32,20.26,2462.12,170.54,Normal,0
100.77,82.66,1.92,45.88,18327.9,458.43,7.88,6.7,136.77,3.7,50.54,85.83,3.11,22.58,19.3,2198.01,174.13,Turbocharger Fouling,1
93.37,64.15,2.18,43.13,14623.8,362.09,12.16,8.2,135.02,3.94,50.12,85.75,3.33,21.98,16.43,1668.78,171.78,Normal,0
94.15,66.8,2.21,40.93,14778.7,367.83,7.92,7.56,133.86,4.06,50.03,84.33,3.55,18.4,16.37,1707.96,170.06,Normal,0
103.97,88.44,2.94,45.65,17571.4,399.03,10.73,7.5,133.17,3.63,49.12,87.21,3.46,29.71,20.05,2210.06,169.07,Normal,0
106.24,93.0,2.9,45.36,18350.2,400.61,15.37,7.96,131.79,4.09,49.87,86.15,3.61,22.01,20.03,2338.42,167.3,Normal,0
97.75,77.34,2.57,43.95,16368.0,380.17,11.2,7.85,137.31,3.98,49.95,85.98,3.52,35.56,17.48,1961.25,169.87,Normal,0
101.34,82.81,2.73,43.8,16730.7,379.32,10.47,7.4,136.83,3.96,49.93,85.75,3.32,30.08,18.84,2037.9,165.97,Normal,0
99.25,87.36,2.7,45.12,17527.1,375.7,9.85,6.82,134.3,3.85,50.68,86.08,3.5,29.13,19.67,2171.25,164.6,Normal,0
106.12,94.07,3.0,46.29,18011.1,386.47,8.98,7.7,129.94,4.09,50.88,84.56,3.16,28.09,20.48,2380.93,169.54,Normal,0
100.78,82.14,2.72,48.16,16866.3,401.73,8.81,7.16,136.18,4.02,49.94,84.16,3.04,22.31,19.18,2069.35,167.64,Normal,0
106.07,97.94,3.18,46.0,18775.4,405.01,17.37,7.93,132.74,3.75,47.8,85.27,3.29,37.39,20.09,2612.14,176.86,Normal,0
104.83,90.47,2.92,47.5,17892.6,391.13,20.69,7.23,135.36,3.95,51.24,86.24,3.41,37.34,19.09,2285.37,168.67,Normal,0
93.27,61.53,2.18,43.46,14126.0,367.02,13.0,7.34,131.15,3.84,49.61,83.75,3.25,24.43,16.92,1605.45,173.54,Normal,0
101.99,85.63,2.79,44.7,17662.6,381.05,19.45,7.03,135.23,3.82,51.92,85.07,3.43,33.52,19.62,2162.08,169.12,Normal,0
103.52,90.99,2.95,45.5,17675.8,398.41,24.89,7.06,134.67,4.06,49.62,85.55,3.41,20.38,20.19,2292.97,166.78,Normal,0
101.87,83.44,2.76,42.84,17143.6,384.92,12.22,7.46,128.98,3.92,47.91,87.04,3.07,33.61,19.87,2099.53,167.97,Normal,0
97.9,78.21,2.66,44.72,16048.7,381.44,10.71,7.43,139.04,3.99,49.34,85.85,3.3,23.73,18.45,1973.21,167.52,Normal,0
86.28,52.41,1.41,39.2,14580.6,391.85,10.79,7.33,134.19,4.17,48.82,82.34,3.57,23.78,15.31,1495.97,189.88,Turbocharger Fouling,1
100.34,76.73,2.51,42.84,16218.5,368.2,15.54,8.22,134.35,3.98,49.01,85.26,3.49,28.14,18.94,1917.51,169.01,Normal,0
98.71,76.17,2.48,44.26,16033.5,368.63,33.03,7.71,136.34,3.77,50.8,84.68,3.27,25.85,18.29,1931.2,169.92,Normal,0
99.21,82.92,2.7,46.42,16756.5,377.38,7.59,7.5,134.87,4.12,49.07,85.04,3.51,20.36,18.11,2067.38,166.42,Normal,0
97.3,78.1,2.7,46.39,16294.0,377.61,71.95,5.0,135.91,3.97,49.41,85.12,3.72,29.86,18.79,2226.53,184.67,Fuel Injector Clogged,3
103.77,88.21,2.92,85.95,17585.2,377.82,54.78,7.79,132.14,3.94,49.72,86.88,3.32,22.28,20.23,2226.27,167.55,Scavenge Fire Warning,2
90.19,56.25,1.88,42.73,13924.8,340.33,11.84,8.55,134.64,3.98,51.31,83.27,3.53,26.89,16.57,1491.8,174.64,Normal,0
105.22,97.69,3.09,97.45,18518.7,403.19,51.2,7.43,130.23,3.98,49.49,86.15,3.51,22.62,21.13,2570.59,176.2,Scavenge Fire Warning,2
104.56,89.35,2.93,43.15,17546.9,390.67,30.91,7.22,134.41,4.13,50.6,85.92,3.31,35.15,19.2,2217.67,165.69,Normal,0
108.08,95.85,3.01,46.28,18543.8,401.33,9.88,7.56,138.61,3.76,49.11,85.57,3.2,24.76,19.67,2471.54,170.73,Normal,0
100.69,75.69,1.95,42.81,17267.7,419.61,26.13,7.0,131.24,4.06,49.75,84.26,3.7,35.75,18.7,2059.35,176.43,Turbocharger Fouling,1
104.33,89.12,3.0,44.87,17618.2,411.55,6.52,7.66,134.12,3.85,49.06,84.66,3.6,24.52,19.25,2221.0,168.05,Normal,0
103.07,85.38,2.74,44.14,17408.1,387.74,8.6,8.03,129.69,3.56,50.94,84.91,3.35,21.59,19.83,2134.27,168.74,Normal,0
96.52,77.22,2.64,44.83,15531.6,373.49,13.06,7.27,135.02,3.68,50.38,85.97,3.62,29.53,18.44,1908.77,165.43,Normal,0
99.44,72.28,2.52,44.61,15403.6,371.16,9.6,7.28,136.17,3.97,49.52,84.46,3.5,29.1,18.6,1799.44,165.2,Normal,0
97.03,74.07,2.42,45.26,15376.0,380.75,13.24,7.47,135.96,4.06,47.94,104.78,2.04,30.38,18.42,1861.1,166.78,Cooling System Issue,4
99.72,81.4,2.61,45.03,16412.5,381.36,15.18,7.32,133.5,3.97,49.61,83.87,3.08,24.04,18.19,2042.08,168.33,Normal,0
97.08,73.31,2.43,44.12,16193.0,377.12,12.64,6.97,129.64,4.02,48.99,84.36,3.33,24.4,16.77,1861.03,168.33,Normal,0
109.25,98.44,3.07,48.66,18936.3,406.22,19.06,7.37,131.9,4.19,51.26,106.1,2.76,22.75,20.82,2578.49,174.37,Cooling System Issue,4
105.72,86.91,2.28,42.67,19126.7,429.29,21.81,7.29,138.14,3.93,49.01,83.48,3.88,36.57,19.6,2327.75,175.99,Turbocharger Fouling,1
85.22,48.87,1.75,44.45,12590.5,341.97,21.65,7.98,137.2,3.96,49.35,85.21,3.33,31.66,15.03,1320.54,181.39,Normal,0
99.58,75.59,2.55,43.61,16115.1,387.27,68.2,6.09,134.77,3.88,50.37,84.31,3.33,33.13,18.66,2018.71,190.74,Fuel Injector Clogged,3
100.58,80.65,2.77,45.31,16193.0,382.76,21.43,7.99,135.41,4.12,48.25,87.34,3.52,21.88,19.5,1991.23,166.07,Normal,0
97.87,77.29,2.63,43.69,16389.2,368.72,30.83,7.78,132.43,3.7,49.26,97.13,2.16,31.23,17.92,1923.84,168.39,Cooling System Issue,4
101.72,79.25,2.66,43.29,16226.4,376.51,15.47,7.57,138.23,4.07,49.52,82.97,3.5,33.25,17.37,1967.41,167.45,Normal,0
91.77,62.86,2.0,43.76,14240.9,341.66,13.03,7.19,133.2,3.95,49.83,84.85,3.01,24.85,17.55,1660.04,173.38,Normal,0
104.52,85.94,2.84,46.44,17353.7,388.52,13.43,7.96,136.09,3.73,49.18,85.06,3.36,21.15,19.93,2173.97,169.11,Normal,0
103.84,84.94,2.92,45.5,17186.8,396.67,8.09,7.62,131.68,3.64,50.03,85.75,3.54,31.94,18.63,2071.24,164.66,Normal,0
97.1,71.04,2.15,42.87,15398.7,358.07,62.97,5.02,134.55,4.14,50.3,86.78,2.98,30.22,18.21,2043.18,189.45,Fuel Injector Clogged,3
105.47,87.44,2.9,50.41,17130.7,390.5,10.76,7.18,138.12,3.72,50.19,100.22,1.87,29.51,19.51,2161.87,164.49,Cooling System Issue,4
102.31,78.5,2.02,46.08,18015.1,431.22,31.71,7.06,132.63,3.9,47.68,84.87,3.08,21.65,18.39,2056.96,173.45,Turbocharger Fouling,1
103.95,89.72,2.84,46.58,17925.7,400.87,20.53,6.78,136.87,3.69,49.54,83.91,3.52,23.25,19.87,2264.76,169.27,Normal,0
90.29,60.34,2.15,42.3,13925.9,365.67,17.14,7.64,132.3,4.25,49.62,85.46,3.23,30.5,16.43,1587.84,174.39,Normal,0
104.68,97.01,3.25,44.82,18915.7,386.32,15.24,7.07,132.75,3.83,51.14,86.49,3.18,30.27,19.56,2483.16,171.78,Normal,0
96.43,65.38,2.29,42.81,14481.1,365.77,6.49,7.24,134.98,3.74,46.69,99.09,2.52,29.09,17.46,1680.39,170.12,Cooling System Issue,4
96.93,73.48,2.43,45.5,15686.4,359.81,21.34,7.51,137.43,3.84,49.51,84.77,3.18,33.36,18.14,1870.17,168.47,Normal,0
96.7,68.78,2.25,42.02,15435.5,357.99,10.79,7.43,134.25,4.13,50.04,85.11,3.48,34.29,16.01,1762.69,170.94,Normal,0
95.23,70.5,2.39,42.04,15163.1,374.7,12.64,7.25,136.55,3.77,49.71,84.52,3.83,23.53,16.99,1744.8,167.06,Normal,0
103.15,82.52,2.78,45.41,17046.8,384.41,46.18,6.1,137.86,3.82,50.37,85.4,3.33,21.15,18.44,2266.74,176.92,Fuel Injector Clogged,3
83.23,47.16,1.69,42.25,12829.8,344.76,28.19,6.97,133.07,4.19,50.18,82.07,3.05,22.02,15.8,1281.94,182.44,Normal,0
103.31,91.21,2.93,97.04,17938.8,386.58,68.68,6.98,131.19,3.89,50.06,86.03,3.32,23.63,18.75,2364.5,172.52,Scavenge Fire Warning,2
102.5,86.12,3.04,43.25,17148.9,399.44,6.84,7.66,134.11,3.67,50.18,85.9,3.49,36.95,18.99,2197.44,169.31,Normal,0
93.91,67.09,2.36,45.52,14716.5,369.37,9.66,7.28,138.18,3.97,48.08,101.55,1.94,20.74,18.54,1715.24,171.64,Cooling System Issue,4
94.62,65.73,1.68,43.79,16674.7,427.18,24.57,7.27,132.97,3.91,48.32,85.36,3.55,35.58,17.28,1862.74,188.84,Turbocharger Fouling,1
101.53,83.24,2.61,42.61,17186.5,375.41,12.79,7.12,137.54,3.87,49.41,86.38,3.29,22.07,18.99,2118.75,169.73,Normal,0
104.46,88.54,2.82,43.14,17885.8,400.04,8.41,7.62,134.34,3.99,50.83,87.22,3.35,24.97,19.37,2239.7,169.41,Normal,0
97.91,75.3,2.51,43.48,15905.2,371.6,14.66,7.58,139.39,3.93,48.64,83.79,2.96,20.52,18.74,1951.49,171.45,Normal,0
96.33,72.73,2.36,44.92,15819.6,366.02,15.64,7.54,140.61,3.9,50.51,85.71,3.51,20.07,17.93,1843.5,166.85,Normal,0
88.19,55.76,2.09,43.35,13458.9,354.7,8.35,7.3,137.58,3.96,47.42,85.84,3.16,19.9,16.16,1443.37,176.29,Normal,0
107.7,92.55,3.1,47.1,17874.5,400.35,16.99,7.24,130.88,3.99,50.8,85.28,3.44,24.86,19.88,2376.44,172.68,Normal,0
101.17,81.53,2.14,42.29,19147.5,428.2,7.03,7.44,128.99,3.77,50.22,86.94,3.24,28.47,19.54,2159.81,171.28,Turbocharger Fouling,1
100.01,85.21,2.93,45.15,17510.1,402.96,23.99,7.84,135.15,3.53,50.09,84.54,3.38,22.02,19.34,2163.7,166.81,Normal,0
93.63,66.46,2.26,45.46,14583.4,377.59,18.64,8.05,137.27,3.9,49.98,84.74,3.57,36.65,17.35,1710.85,172.33,Normal,0
96.98,72.15,2.63,45.77,15289.7,375.02,19.54,7.89,136.25,3.97,48.5,82.81,3.32,29.73,18.56,1853.23,169.14,Normal,0
108.13,94.32,3.05,46.08,18298.5,401.34,13.25,7.68,133.19,3.76,49.78,83.53,3.27,35.7,19.65,2438.15,172.1,Normal,0
106.27,91.98,3.02,48.88,18208.0,397.61,22.32,7.84,131.29,3.75,49.18,83.82,3.4,20.98,17.82,2272.99,166.32,Normal,0
93.47,67.15,2.39,44.29,14644.0,351.53,15.46,7.09,137.32,3.88,49.03,86.39,3.28,20.87,17.65,1713.34,168.8,Normal,0
102.66,78.81,2.71,45.87,16401.5,379.42,22.4,7.25,139.65,3.88,49.43,84.22,3.23,34.94,18.75,2006.44,169.32,Normal,0
98.11,75.06,2.54,86.02,15752.6,374.62,61.15,7.68,133.32,3.71,50.23,84.07,3.74,29.36,17.76,1862.39,166.56,Scavenge Fire Warning,2
103.01,83.06,2.71,43.47,17036.3,379.21,23.03,7.46,137.06,3.97,50.12,85.81,3.07,36.77,18.73,2105.41,169.79,Normal,0
95.88,73.04,2.49,42.53,15454.7,368.83,10.3,7.62,141.51,3.51,49.98,84.03,3.52,20.94,18.69,1839.17,169.3,Normal,0
89.62,62.83,2.09,43.3,14523.4,339.49,9.54,7.84,134.53,4.03,48.63,85.96,3.38,18.52,17.24,1593.51,170.08,Normal,0
104.78,95.81,2.6,45.35,21307.7,443.97,14.99,7.79,134.58,3.86,50.72,88.07,3.25,36.33,20.99,2627.05,182.1,Turbocharger Fouling,1
95.78,78.63,2.51,41.64,16122.3,385.66,10.84,7.12,136.4,3.96,51.35,82.48,3.46,31.98,18.63,1985.86,169.53,Normal,0
108.05,93.25,2.36,43.92,19802.9,457.32,13.63,7.5,134.29,3.54,48.85,86.35,3.41,34.14,19.77,2542.55,182.33,Turbocharger Fouling,1
94.82,67.12,2.28,42.89,14463.5,356.35,6.82,7.18,138.35,3.98,47.18,82.21,3.64,23.92,17.8,1731.97,171.56,Normal,0
104.31,93.0,3.1,46.53,18001.4,397.71,17.15,7.23,133.99,3.75,50.82,84.09,3.2,18.06,20.06,2329.77,167.08,Normal,0
102.35,83.77,2.82,44.68,17045.3,393.5,21.91,6.9,134.92,4.11,48.92,85.92,3.31,27.66,19.22,2146.09,172.72,Normal,0
99.49,77.63,2.57,44.1,15814.2,372.88,10.72,7.55,131.39,3.94,48.11,83.97,3.58,37.8,18.24,2034.23,173.73,Normal,0
103.79,86.85,2.97,86.56,16791.1,393.98,68.83,6.88,134.41,3.68,50.44,85.79,3.36,36.15,18.91,2217.65,171.56,Scavenge Fire Warning,2
99.07,73.84,2.42,43.94,15214.9,372.03,67.86,5.73,132.48,3.65,48.32,84.99,3.5,19.44,17.69,2012.2,184.86,Fuel Injector Clogged,3
105.5,94.14,2.2,47.51,21280.7,438.01,11.24,7.98,135.87,3.73,51.78,83.79,3.62,21.76,20.26,2569.52,183.75,Turbocharger Fouling,1
101.98,86.85,2.66,91.27,17338.8,378.3,52.5,7.69,130.84,3.97,50.06,86.26,3.5,24.22,19.64,2187.18,167.94,Scavenge Fire Warning,2
98.92,74.55,2.39,41.7,15701.2,364.35,14.48,7.52,137.45,4.07,49.15,85.34,3.29,34.61,16.5,1902.54,170.01,Normal,0
101.48,80.61,2.72,42.57,16784.7,383.0,83.07,5.82,132.82,3.9,48.81,85.27,3.34,34.49,18.22,2355.72,180.83,Fuel Injector Clogged,3
101.56,82.87,2.67,45.51,16769.3,384.35,9.15,7.61,139.46,3.88,49.94,84.54,3.62,21.7,17.92,2068.93,166.82,Normal,0
102.62,79.4,2.66,44.02,16484.0,378.8,20.83,7.2,138.43,3.83,47.98,85.64,3.43,28.66,18.24,1982.18,167.96,Normal,0
106.08,96.19,2.41,45.58,20983.6,460.88,15.94,7.54,136.34,3.81,47.86,84.29,3.36,28.04,19.78,2639.84,183.54,Turbocharger Fouling,1
104.56,93.59,2.93,44.57,18094.6,389.54,10.43,8.19,131.16,4.01,48.66,105.48,2.54,26.29,19.98,2388.33,170.56,Cooling System Issue,4
106.95,95.75,3.12,46.41,18532.9,388.73,25.33,7.12,133.43,3.77,51.45,86.21,3.17,28.72,20.21,2466.64,171.94,Normal,0
101.65,85.38,2.29,44.38,19912.5,423.6,11.17,7.02,132.76,3.96,48.92,86.65,3.36,23.86,20.39,2315.29,179.1,Turbocharger Fouling,1
100.88,80.07,2.57,44.13,16467.5,376.98,6.79,7.72,133.07,3.8,48.17,84.63,3.39,28.63,18.83,2033.86,170.43,Normal,0
90.35,60.51,2.2,41.56,13962.6,353.37,19.23,7.42,138.94,4.11,48.63,84.97,3.38,31.71,17.13,1612.84,175.31,Normal,0
95.8,70.86,2.36,85.07,15282.2,378.73,47.03,7.31,134.62,4.0,51.41,85.08,3.33,19.25,16.88,1755.65,167.11,Scavenge Fire Warning,2
103.77,83.0,2.69,44.31,16370.0,389.92,11.74,7.06,133.36,4.01,50.83,85.82,3.34,37.35,18.68,2048.67,166.02,Normal,0
102.93,87.79,3.03,45.93,17536.0,394.0,10.96,6.82,133.13,4.13,49.15,84.68,3.38,21.31,18.69,2197.97,167.44,Normal,0
97.7,76.22,2.58,42.31,15761.9,377.05,19.07,6.99,133.67,3.51,48.61,103.01,2.48,25.21,18.6,1916.1,167.17,Cooling System Issue,4
104.85,87.89,2.12,47.63,20709.4,446.73,14.92,8.07,136.33,3.96,49.16,85.47,3.0,27.41,19.38,2315.74,182.44,Turbocharger Fouling,1
98.34,78.43,2.7,98.99,16283.5,371.2,61.43,7.5,130.93,3.96,48.62,86.94,3.53,18.82,18.25,1950.93,167.85,Scavenge Fire Warning,2
98.63,78.1,2.53,41.38,16285.6,368.05,8.66,6.81,135.25,3.95,50.06,83.8,3.38,28.97,18.99,1946.66,167.73,Normal,0
95.54,67.73,2.4,42.22,15120.6,359.11,8.3,7.91,136.06,3.97,48.71,83.02,3.39,35.4,17.27,1718.31,169.74,Normal,0
106.7,93.4,2.98,46.19,17971.4,396.41,11.34,7.93,130.66,3.86,49.09,89.34,3.33,36.02,20.67,2351.89,168.94,Normal,0
100.7,77.57,2.53,86.84,16277.4,367.72,59.45,7.93,131.46,3.94,48.15,85.47,3.49,24.52,19.16,1978.4,167.17,Scavenge Fire Warning,2
100.67,83.18,2.71,91.25,16956.7,385.33,54.83,7.35,134.88,4.0,52.04,85.99,3.57,29.18,18.52,2188.56,173.02,Scavenge Fire Warning,2
95.09,66.73,2.22,43.98,14800.1,361.85,24.09,7.41,138.6,4.06,49.74,85.44,3.06,33.54,18.01,1739.42,172.04,Normal,0
99.76,80.16,2.71,44.14,16315.3,377.02,13.17,7.55,138.01,3.88,48.75,86.13,3.78,23.06,18.68,2026.06,168.04,Normal,0
92.71,64.76,2.23,43.99,14725.9,370.24,49.91,6.09,133.48,3.91,50.13,85.67,3.43,28.57,16.92,1850.18,188.35,Fuel Injector Clogged,3
105.99,90.71,2.9,44.22,17993.3,373.7,7.39,7.31,138.52,3.84,48.93,86.56,3.42,25.33,19.85,2302.12,167.74,Normal,0
103.18,88.89,2.94,41.75,17636.6,388.05,20.42,7.24,134.2,3.78,49.86,86.91,3.15,25.56,18.49,2256.75,169.1,Normal,0
96.88,71.44,2.38,45.19,15194.3,350.48,16.65,7.74,134.18,4.18,48.97,85.06,3.3,19.88,17.46,1828.82,171.82,Normal,0
95.99,69.81,2.33,45.05,15109.9,369.17,9.79,7.92,135.24,3.73,49.32,86.08,3.64,26.14,17.88,1812.1,170.02,Normal,0
106.64,99.79,3.2,49.74,18960.2,410.83,7.8,7.48,137.1,3.91,49.55,88.26,3.41,21.22,20.3,2617.64,174.3,Normal,0
99.53,75.57,2.55,40.73,16098.0,363.66,9.46,7.73,133.48,4.01,49.53,85.26,3.47,24.03,18.83,1954.71,170.51,Normal,0
103.62,86.61,2.86,46.06,16978.2,378.48,17.39,7.54,134.0,3.77,48.15,86.04,3.32,24.61,18.99,2193.09,166.71,Normal,0
102.19,90.77,2.91,42.31,17722.4,379.88,19.97,7.41,131.88,3.88,49.71,84.94,3.75,26.61,19.7,2322.85,172.55,Normal,0
97.69,73.25,2.52,46.49,15567.2,372.07,7.54,7.21,135.88,4.1,50.63,105.81,1.78,36.34,17.89,1831.94,167.92,Cooling System Issue,4
105.27,95.07,3.04,46.34,18364.8,396.11,8.83,7.1,137.33,3.77,51.3,86.23,3.6,30.62,19.11,2474.17,173.72,Normal,0
97.87,71.46,2.35,42.29,15146.0,367.09,26.75,7.28,137.49,4.11,48.52,84.39,3.37,37.49,18.02,1855.8,172.43,Normal,0
97.68,78.0,2.47,45.41,16202.0,374.55,17.57,7.16,131.58,4.06,47.98,85.23,3.46,29.81,18.6,1958.78,166.25,Normal,0
100.87,82.52,2.79,43.77,16747.3,375.37,8.65,7.6,134.04,3.76,47.53,85.71,3.46,34.11,17.68,2079.86,168.1,Normal,0
98.84,75.64,2.52,44.5,15726.7,383.6,10.06,7.93,138.11,3.73,50.02,86.85,3.57,34.68,16.7,1946.66,169.86,Normal,0
106.39,95.41,3.09,87.81,18400.3,401.44,62.48,7.57,135.58,3.84,50.57,84.78,3.53,32.78,19.79,2456.26,170.99,Scavenge Fire Warning,2
93.44,62.88,1.72,45.65,15483.4,399.79,10.92,7.18,135.09,3.76,49.22,85.02,3.31,31.4,17.71,1769.33,184.35,Turbocharger Fouling,1
98.43,79.98,2.6,90.57,16606.2,374.37,45.39,7.8,135.03,3.44,51.29,84.47,3.61,26.36,20.23,2001.71,167.2,Scavenge Fire Warning,2
108.52,95.98,2.98,44.78,18303.2,393.0,11.3,7.6,136.35,3.74,50.47,86.76,3.22,29.35,19.03,2425.13,168.11,Normal,0
97.65,72.5,2.44,45.39,15581.8,381.87,11.37,7.67,135.71,4.24,49.49,85.91,3.19,21.87,18.86,1863.73,170.96,Normal,0
105.69,89.44,2.93,45.69,17502.1,397.49,59.36,5.93,133.56,3.78,48.63,87.59,3.35,30.36,20.19,2405.55,186.39,Fuel Injector Clogged,3
91.55,58.84,2.03,40.59,13722.6,352.53,14.72,7.9,137.2,4.02,50.27,83.84,3.47,28.29,16.24,1481.8,170.14,Normal,0
93.46,64.83,2.33,42.14,14668.8,374.69,18.06,7.89,131.99,4.05,48.75,84.77,3.22,34.09,18.29,1698.12,173.55,Normal,0
101.01,85.62,2.6,48.35,17254.0,398.64,10.21,7.44,138.31,3.85,49.04,86.39,3.39,36.05,19.41,2151.44,169.44,Normal,0
94.37,68.16,2.4,43.99,14928.3,363.36,6.24,7.75,132.76,3.88,49.28,85.52,3.15,20.66,17.34,1699.39,167.47,Normal,0
102.28,80.27,2.19,45.92,18984.1,416.93,10.71,7.89,136.37,4.06,51.61,82.23,3.35,31.82,17.56,2203.54,179.68,Turbocharger Fouling,1
101.11,78.08,1.98,43.93,17583.1,410.71,11.93,7.34,134.59,3.89,51.65,84.3,3.57,37.0,18.48,2115.39,180.27,Turbocharger Fouling,1
105.9,96.28,2.83,44.89,18843.2,392.72,15.53,7.47,133.81,3.8,49.36,86.54,3.25,36.36,20.17,2483.98,171.97,Normal,0
96.15,78.28,2.69,44.3,16436.6,391.73,11.62,7.53,138.39,4.01,50.7,84.88,3.18,34.69,19.78,1951.2,167.34,Normal,0
100.44,81.05,2.19,44.08,18503.7,430.35,8.93,7.12,136.86,3.72,49.98,86.22,3.47,18.97,18.13,2220.11,181.14,Turbocharger Fouling,1
103.13,87.96,2.82,42.8,17144.1,396.9,7.26,7.65,134.85,3.66,50.95,86.77,3.26,23.05,18.82,2235.28,169.36,Normal,0
98.22,75.92,2.51,42.57,15859.0,380.42,32.96,7.86,139.36,3.65,49.69,84.78,3.84,20.97,17.91,1897.69,166.67,Normal,0
103.87,87.35,2.88,46.05,17345.3,386.75,18.51,7.45,137.45,3.94,50.55,86.22,3.43,36.54,20.89,2257.66,171.05,Normal,0
107.82,96.61,3.16,45.16,18151.1,415.24,14.57,7.62,132.99,3.79,51.67,87.61,3.58,32.98,19.49,2516.82,173.25,Normal,0
97.14,70.13,2.43,43.65,15461.7,355.19,13.56,7.99,129.35,4.04,47.41,103.49,1.8,28.64,18.45,1787.15,169.19,Cooling System Issue,4
101.96,82.84,2.78,44.98,17174.4,382.91,10.71,7.36,135.27,3.88,50.09,84.39,3.48,37.59,17.93,2148.93,171.61,Normal,0
94.23,71.11,2.41,44.16,15841.8,364.97,12.3,7.63,138.46,3.71,48.03,84.62,3.22,21.89,18.01,1816.26,168.58,Normal,0
86.33,51.81,1.88,43.86,12746.1,352.45,9.16,7.3,136.53,3.94,47.87,84.11,3.37,30.83,15.98,1408.06,183.02,Normal,0
101.17,75.64,2.43,42.4,15980.8,377.38,13.17,7.29,138.93,4.03,49.4,100.74,1.74,30.19,17.77,1927.05,168.87,Cooling System Issue,4
105.82,92.87,2.94,46.28,18399.6,382.27,17.41,7.62,133.5,3.79,49.17,87.0,3.59,24.81,20.25,2402.5,172.0,Normal,0
102.36,84.03,2.82,77.52,16947.9,394.95,41.41,7.58,134.71,4.04,49.2,84.59,3.46,27.71,18.5,2131.05,167.51,Scavenge Fire Warning,2
91.81,60.57,2.16,44.32,13946.6,359.6,6.71,7.69,134.77,3.89,47.32,84.3,3.42,22.71,15.79,1524.55,169.92,Normal,0
105.28,91.32,3.01,43.19,17504.0,385.86,15.89,7.53,135.6,3.94,49.52,104.67,2.78,31.54,19.49,2330.24,170.88,Cooling System Issue,4
103.05,94.29,3.0,45.93,18535.7,395.07,14.55,7.66,136.92,3.56,50.76,85.23,3.4,26.36,19.41,2382.94,168.69,Normal,0
97.88,75.1,2.58,46.58,15882.8,363.47,19.06,8.08,139.08,3.87,50.24,84.6,3.59,18.47,18.29,1903.72,167.14,Normal,0
91.62,61.14,2.02,76.23,13982.6,355.06,42.39,7.87,139.61,3.9,47.98,84.85,3.72,37.02,16.64,1586.84,173.48,Scavenge Fire Warning,2
99.15,73.83,2.55,44.63,15791.4,373.49,18.18,7.62,139.17,3.69,50.65,84.46,3.43,28.03,18.95,1852.04,167.29,Normal,0
104.26,89.81,2.89,46.36,17759.5,389.58,7.3,7.68,136.67,4.01,50.62,87.43,3.45,32.11,19.34,2271.46,169.38,Normal,0
95.25,72.95,2.58,42.3,15655.9,367.59,8.95,7.4,134.14,3.81,50.72,83.82,3.57,21.94,18.1,1862.66,169.14,Normal,0
103.48,86.64,2.7,47.68,17282.7,375.4,11.54,7.44,135.56,3.74,48.13,96.95,2.85,20.54,18.53,2163.85,165.71,Cooling System Issue,4
103.98,91.75,3.11,46.09,18325.7,397.39,51.42,5.81,136.64,4.03,50.44,86.68,3.42,36.05,19.46,2651.42,191.11,Fuel Injector Clogged,3
101.67,87.07,2.12,45.74,19504.6,409.91,18.7,7.53,135.34,3.88,50.53,85.05,3.29,29.82,18.72,2298.21,177.64,Turbocharger Fouling,1
100.69,83.48,2.71,42.19,17291.8,384.6,14.57,7.78,132.72,3.98,48.04,84.37,3.56,27.87,19.64,2090.92,166.05,Normal,0
104.56,89.06,2.91,46.32,17756.6,376.93,9.25,7.94,133.84,3.59,52.42,86.02,3.5,28.42,19.01,2214.92,165.23,Normal,0
94.02,62.85,2.1,43.79,14433.9,358.97,16.26,7.46,137.17,3.83,48.19,85.02,3.55,22.72,16.58,1586.21,169.3,Normal,0
90.74,58.19,2.02,45.09,13748.6,352.69,10.06,6.8,134.38,4.28,49.16,94.65,2.12,36.25,16.71,1539.46,175.18,Cooling System Issue,4
99.67,76.82,2.49,43.68,16316.3,379.25,51.09,6.53,135.06,4.02,50.38,86.5,3.44,22.28,17.87,2192.06,189.89,Fuel Injector Clogged,3
101.38,81.33,2.62,43.02,16690.7,388.56,16.67,7.27,134.8,3.71,49.76,86.29,3.45,21.16,19.57,2080.86,169.06,Normal,0
102.01,83.96,2.79,43.69,16789.8,393.33,9.78,7.57,132.77,3.9,51.16,87.73,3.53,36.6,20.15,2174.64,171.67,Normal,0
104.32,87.98,2.79,44.28,17285.3,377.1,16.41,7.75,134.57,3.7,51.95,84.97,3.14,23.15,18.82,2260.47,171.67,Normal,0
97.31,79.9,2.58,42.71,16580.2,379.41,7.45,7.99,133.86,4.09,48.49,85.38,3.64,35.25,19.1,2025.87,169.99,Normal,0
92.33,62.2,2.03,44.91,14075.6,373.84,59.42,6.11,133.27,3.61,48.92,84.77,3.48,33.45,16.4,1778.02,188.68,Fuel Injector Clogged,3
102.53,88.75,2.84,47.09,17579.9,391.89,9.06,7.37,132.35,3.89,50.91,85.16,3.25,25.64,19.22,2248.87,169.51,Normal,0
98.53,72.75,2.54,43.53,15826.6,364.29,68.66,5.95,134.75,3.95,47.64,85.39,3.43,23.08,18.33,2038.03,187.37,Fuel Injector Clogged,3
98.21,75.6,2.45,80.81,16017.3,373.87,55.23,7.57,136.55,3.73,50.47,85.6,3.64,33.18,18.27,1925.25,171.36,Scavenge Fire Warning,2
90.76,59.28,2.0,40.02,13751.5,351.03,9.15,8.46,137.8,3.92,50.37,84.95,3.45,29.95,16.73,1524.62,174.87,Normal,0
93.65,69.06,2.35,44.57,15442.2,356.91,11.84,7.89,131.51,3.98,50.39,84.37,3.27,23.08,18.22,1782.07,170.27,Normal,0
96.78,69.26,2.31,46.02,15278.5,373.53,7.1,7.44,139.02,3.66,49.56,84.52,3.17,35.82,18.23,1814.96,172.06,Normal,0
93.8,63.96,2.37,42.16,14718.6,364.62,7.08,7.22,135.73,3.75,50.42,83.88,3.84,32.42,17.11,1647.2,171.31,Normal,0
94.15,64.85,2.2,43.01,14107.2,350.38,15.33,6.58,132.18,3.92,49.28,83.69,3.09,36.19,16.78,1641.01,171.17,Normal,0
103.13,89.57,2.93,45.82,17769.5,391.22,8.34,7.74,133.99,3.72,48.71,85.51,3.46,26.75,19.51,2257.17,166.65,Normal,0
100.46,82.75,2.79,47.21,17028.5,378.9,10.79,7.85,130.31,3.8,49.2,87.13,3.29,20.56,18.26,2082.11,167.19,Normal,0
97.35,72.63,2.51,44.11,15953.4,357.98,13.31,7.76,130.95,3.91,49.01,87.35,3.59,36.48,18.37,1850.55,168.15,Normal,0
96.31,72.76,2.46,44.11,15273.2,359.63,25.26,6.68,139.3,3.77,49.21,86.49,3.18,30.03,17.8,1845.06,168.24,Normal,0
104.06,88.12,2.85,45.32,17780.5,380.02,13.0,7.06,133.25,3.84,49.87,103.4,2.39,30.12,18.71,2234.39,170.61,Cooling System Issue,4
93.27,69.93,2.52,41.46,15602.6,366.94,20.37,7.67,136.34,3.96,48.81,85.29,3.38,29.69,18.45,1766.87,167.5,Normal,0
101.28,83.9,2.74,42.54,16544.1,381.22,14.44,8.12,134.72,3.98,49.99,82.9,3.36,27.45,18.96,2131.39,171.21,Normal,0
106.81,90.98,2.91,44.07,17977.5,386.05,28.64,7.48,135.04,3.65,51.6,99.85,2.04,23.1,19.19,2249.49,165.69,Cooling System Issue,4
106.47,94.39,2.99,47.07,18434.6,394.85,19.39,7.88,135.92,3.73,50.46,85.31,3.29,30.26,20.65,2455.03,172.3,Normal,0
95.29,68.26,2.17,42.96,14960.6,371.31,78.95,5.32,129.79,4.02,49.7,86.98,3.33,32.37,18.24,1934.83,193.87,Fuel Injector Clogged,3
99.1,71.82,2.48,42.95,15370.1,372.63,16.49,7.57,138.3,3.69,47.04,85.19,3.53,36.33,16.69,1821.5,170.39,Normal,0
99.91,86.02,2.62,44.06,17399.3,395.54,11.79,7.4,134.75,3.87,50.0,85.5,3.09,19.44,19.84,2185.87,170.73,Normal,0
102.89,88.95,2.89,44.91,17483.8,389.36,11.74,7.92,133.74,3.85,51.09,85.48,3.27,23.09,19.55,2252.39,168.78,Normal,0
98.87,77.85,2.56,46.78,16183.4,390.13,27.94,7.31,136.17,3.5,50.75,84.76,3.67,33.53,18.98,2021.94,170.58,Normal,0
90.09,56.08,2.15,42.26,13689.2,352.89,8.43,8.09,133.2,3.9,49.67,84.88,3.38,33.5,16.29,1482.28,175.2,Normal,0
100.91,79.04,2.47,43.14,16765.6,374.89,12.71,7.39,135.52,3.93,49.86,84.37,3.3,22.24,18.74,2012.81,166.8,Normal,0
95.18,70.72,2.31,43.7,15458.7,369.15,15.03,7.13,134.59,3.89,49.6,85.49,3.17,21.69,17.54,1837.33,173.43,Normal,0
105.36,89.71,2.9,47.81,17743.0,382.15,10.91,7.14,136.78,3.77,49.36,87.31,3.19,25.34,20.12,2297.69,169.77,Normal,0
105.65,94.91,3.04,44.84,18249.9,396.19,15.39,7.28,134.47,3.84,51.12,85.93,3.58,19.26,19.61,2461.51,173.24,Normal,0
99.66,75.19,2.46,42.24,15676.1,377.42,11.76,7.63,132.42,4.05,48.72,84.63,3.25,32.61,18.76,1897.83,169.34,Normal,0
96.66,74.49,2.48,43.21,16055.6,378.01,16.38,7.29,135.91,3.98,50.03,84.89,3.54,31.4,18.18,1884.17,169.9,Normal,0
100.46,80.85,2.56,44.66,16572.0,377.78,8.6,7.21,134.32,3.76,49.68,100.72,2.02,35.17,19.13,1994.12,164.0,Cooling System Issue,4
103.4,89.27,2.19,46.17,20644.5,470.7,9.96,7.81,130.45,3.62,50.03,85.74,3.38,26.6,18.87,2447.95,178.16,Turbocharger Fouling,1
100.29,77.07,1.74,45.68,18663.7,439.79,9.49,6.38,135.49,3.97,50.47,84.35,3.39,30.73,18.58,2042.76,175.92,Turbocharger Fouling,1
105.13,93.9,3.03,43.94,18094.4,383.95,7.62,7.35,133.66,3.65,50.79,86.73,3.26,37.08,20.24,2455.78,172.84,Normal,0
95.1,68.4,2.27,42.05,15142.1,375.2,21.42,7.03,135.86,3.85,49.36,83.88,3.41,37.18,18.61,1755.45,168.43,Normal,0
102.13,83.06,2.81,44.16,16865.9,388.68,10.57,7.2,132.86,3.9,49.24,85.04,3.02,19.42,19.31,2137.65,170.53,Normal,0
106.16,93.24,3.15,46.49,17889.8,398.4,18.86,7.59,131.98,4.0,51.8,86.0,3.38,18.04,19.5,2357.58,168.22,Normal,0
101.49,80.41,2.62,42.54,16950.6,376.79,10.82,7.43,137.95,4.07,49.95,84.25,3.48,37.2,18.26,2005.32,167.1,Normal,0
99.58,77.8,2.69,43.31,16087.2,380.4,13.44,7.4,137.11,3.9,50.25,82.97,3.25,28.71,18.85,1944.13,164.92,Normal,0
91.42,61.65,2.1,42.04,14410.1,370.01,26.26,7.92,134.98,3.88,48.86,85.01,3.44,32.01,16.53,1563.16,170.89,Normal,0
104.2,90.89,2.87,46.68,18046.7,395.23,19.0,7.5,136.09,3.66,49.4,83.01,3.43,36.25,19.32,2324.03,169.79,Normal,0
103.17,87.09,2.98,45.76,17109.2,377.1,19.05,8.13,137.03,4.15,50.27,84.37,3.43,26.66,18.76,2220.95,171.49,Normal,0
98.84,75.95,2.57,45.43,15773.8,347.32,11.7,7.75,134.97,3.85,48.82,85.97,3.16,26.81,18.3,1901.78,168.32,Normal,0
107.4,98.82,3.17,47.91,18786.3,406.6,8.25,7.16,131.98,3.91,50.88,86.46,3.42,21.34,20.52,2530.07,170.75,Normal,0
103.21,87.21,2.9,44.52,17210.4,381.12,9.03,8.18,135.75,3.88,46.66,85.3,3.09,36.12,19.09,2163.13,164.56,Normal,0
98.68,80.58,2.68,42.66,16951.7,379.92,53.77,5.2,137.51,3.8,49.23,84.15,3.29,30.95,19.67,2300.01,186.2,Fuel Injector Clogged,3
101.88,81.99,2.69,42.79,16704.3,376.01,23.39,8.16,136.48,3.79,49.68,84.76,3.4,21.61,19.13,2050.68,166.74,Normal,0
103.04,86.31,2.71,42.15,17484.2,380.84,15.32,7.41,135.15,3.65,48.93,86.14,3.44,29.2,20.25,2162.86,167.55,Normal,0
99.0,74.26,2.46,43.25,15895.3,366.7,19.57,7.6,136.41,4.07,49.71,84.81,3.18,24.56,18.13,1888.96,170.65,Normal,0
93.1,64.05,2.24,42.55,14564.7,354.67,15.05,7.65,134.44,3.93,48.46,83.08,3.35,20.94,16.65,1658.7,171.54,Normal,0
102.33,90.37,2.92,46.41,17804.7,399.17,10.53,7.44,137.61,4.05,50.06,84.56,3.54,21.64,18.99,2300.92,169.01,Normal,0
100.14,80.75,2.73,44.49,16865.9,385.53,10.57,7.95,138.37,3.81,49.08,84.71,3.22,29.19,18.6,2041.57,168.33,Normal,0
95.71,70.13,2.39,42.87,15084.8,358.0,14.84,8.18,131.76,3.87,50.13,85.25,3.01,29.29,18.11,1818.37,172.42,Normal,0
101.23,80.18,2.57,44.24,16902.4,371.65,26.78,6.7,137.79,3.71,50.15,85.33,3.5,33.8,18.44,2050.7,168.51,Normal,0
90.8,64.44,2.1,41.6,14271.8,363.58,11.78,7.79,140.59,3.9,49.2,83.08,3.23,22.96,17.64,1632.5,167.31,Normal,0
104.84,91.34,2.94,46.85,18089.1,402.59,13.25,7.19,136.31,3.65,50.17,87.27,3.28,36.32,20.52,2284.47,168.29,Normal,0
105.83,92.46,2.95,44.22,17748.9,403.88,8.53,6.59,137.46,3.89,52.69,84.81,3.42,28.37,19.3,2367.85,169.76,Normal,0
102.44,87.35,2.87,43.28,17348.7,381.16,16.49,7.68,133.38,3.87,49.77,86.02,3.41,22.08,18.64,2255.05,170.54,Normal,0
96.43,70.99,2.33,44.91,15394.6,376.66,11.58,7.68,133.74,4.14,48.5,83.7,3.58,26.27,18.31,1763.21,166.73,Normal,0
97.01,74.17,2.43,44.8,15664.5,358.51,14.05,7.74,134.48,3.68,48.16,87.95,3.36,36.47,18.21,1892.36,168.81,Normal,0
103.4,90.0,3.0,87.79,17709.7,390.87,49.71,7.63,133.99,4.02,50.96,87.19,3.41,27.56,19.75,2331.04,169.34,Scavenge Fire Warning,2
103.35,88.88,2.9,46.39,17305.3,395.0,19.21,7.81,131.72,3.7,51.63,84.63,3.1,35.49,19.86,2289.99,171.22,Normal,0
106.04,96.95,3.06,44.64,18401.7,384.56,17.57,7.29,134.57,3.86,49.51,85.98,3.51,21.2,19.29,2473.34,170.32,Normal,0
101.96,82.14,2.7,44.01,16876.6,399.41,67.92,6.32,137.09,3.7,49.41,84.05,3.28,36.28,19.07,2310.99,180.9,Fuel Injector Clogged,3
98.88,78.82,2.72,44.59,16359.0,389.14,8.26,7.74,131.75,3.92,49.19,84.73,3.98,26.61,18.6,2024.72,171.09,Normal,0
98.18,77.64,2.6,45.09,16053.3,382.23,12.32,7.97,135.45,3.51,49.37,85.61,3.36,36.72,18.65,1954.83,169.88,Normal,0
100.87,76.45,2.59,44.78,16347.2,367.84,10.15,7.52,135.37,3.79,47.67,86.07,3.48,35.32,17.69,1918.02,169.39,Normal,0
95.63,66.94,2.21,43.28,14599.6,363.14,14.95,7.43,134.25,3.95,49.82,83.19,3.51,31.2,17.41,1710.49,169.94,Normal,0
98.76,81.77,2.77,43.9,16641.4,388.53,16.8,7.48,136.24,4.14,50.87,101.95,2.52,31.46,18.48,2064.1,168.35,Cooling System Issue,4
102.37,87.48,3.03,45.62,17324.0,380.37,29.04,7.08,136.01,3.53,48.03,86.63,3.48,22.23,19.94,2222.54,168.61,Normal,0
101.43,82.13,2.64,44.39,16901.0,381.21,12.15,7.77,134.07,3.87,51.45,86.87,3.81,30.06,18.75,2087.27,169.78,Normal,0
96.99,71.55,2.31,46.43,15454.4,376.72,7.8,6.99,137.65,3.84,50.84,105.81,2.46,28.99,17.44,1827.11,170.12,Cooling System Issue,4
95.86,73.92,2.48,44.79,15716.2,360.44,10.78,7.64,136.4,3.62,46.26,108.07,1.69,24.68,17.43,1869.28,167.3,Cooling System Issue,4
105.56,89.72,2.98,43.79,17309.9,394.82,7.71,7.53,138.93,3.67,47.86,84.11,3.17,28.11,20.05,2293.0,172.91,Normal,0
98.6,73.82,2.46,43.19,15917.4,358.23,42.2,5.36,134.83,3.83,49.19,84.6,3.58,36.58,18.6,2038.75,182.55,Fuel Injector Clogged,3
100.32,78.77,2.52,44.37,16298.1,370.91,14.11,6.98,134.2,3.95,50.86,83.78,3.31,18.11,19.64,1956.89,166.29,Normal,0
104.03,85.24,2.78,46.77,17180.8,382.52,12.62,7.2,134.48,3.87,50.13,106.65,2.71,26.34,18.9,2142.22,167.72,Cooling System Issue,4
101.85,82.55,2.76,46.72,16653.8,387.29,16.06,7.38,137.95,3.67,49.74,87.59,3.53,24.67,18.23,2056.23,167.78,Normal,0
106.26,93.79,2.99,44.91,18024.7,391.63,43.06,6.64,134.63,3.55,50.79,85.69,3.28,37.22,19.83,2584.05,195.05,Fuel Injector Clogged,3
107.02,92.28,2.57,43.98,21553.3,438.6,7.4,7.46,134.78,3.89,49.34,85.35,3.26,37.48,19.35,2486.89,176.99,Turbocharger Fouling,1
100.66,77.82,2.67,42.63,15837.0,371.77,25.35,7.69,139.9,3.86,50.78,84.43,3.32,29.71,18.02,1953.17,166.73,Normal,0
98.03,77.11,2.58,44.55,15907.2,372.15,11.29,7.94,131.64,4.13,49.37,84.72,3.03,29.0,18.61,1923.13,169.88,Normal,0
100.32,78.34,2.59,47.72,16618.1,387.93,6.0,7.88,135.89,3.83,47.89,84.16,3.45,36.06,19.1,1984.38,169.16,Normal,0
101.61,85.25,2.85,45.63,17296.7,377.36,13.54,7.5,134.85,4.03,49.04,85.57,3.52,18.13,19.35,2101.5,164.52,Normal,0
100.5,79.13,2.55,41.94,16320.0,384.99,14.67,7.25,134.37,3.97,49.93,85.13,3.23,29.25,18.59,1996.19,169.33,Normal,0
103.63,86.9,2.76,43.86,17636.2,388.61,7.23,7.67,132.62,3.98,49.62,100.62,1.72,18.49,19.75,2158.51,165.76,Cooling System Issue,4
101.72,87.7,2.83,93.92,17560.8,385.02,50.4,7.26,133.34,3.91,49.55,84.85,3.24,37.36,19.2,2210.93,167.62,Scavenge Fire Warning,2
101.69,83.85,2.71,43.47,17032.2,375.07,14.83,8.14,133.98,3.93,49.98,85.57,3.58,24.4,19.84,2117.32,167.49,Normal,0
101.51,82.25,2.64,44.0,16830.5,373.64,18.82,7.8,136.24,3.53,50.06,84.41,3.54,28.42,20.61,2063.49,167.14,Normal,0
99.61,79.71,2.78,44.93,16565.6,373.72,20.11,7.57,137.13,3.85,48.36,84.9,3.44,26.35,18.19,2002.78,166.7,Normal,0
97.14,71.93,2.1,44.78,17809.0,418.63,15.79,7.68,130.55,3.81,50.46,84.34,3.7,35.87,18.56,1892.61,173.7,Turbocharger Fouling,1
101.95,81.75,2.66,46.18,17202.3,387.02,18.43,7.56,132.0,4.06,49.55,82.62,3.1,38.0,19.49,2039.04,169.07,Normal,0
91.65,61.19,2.12,97.06,14105.5,354.08,58.67,7.37,136.37,3.81,49.17,85.48,3.36,19.37,17.13,1559.02,170.08,Scavenge Fire Warning,2
105.68,92.97,2.99,42.51,18085.5,394.35,14.52,7.67,136.58,3.79,50.28,83.52,3.5,32.64,20.6,2344.85,169.46,Normal,0
99.92,75.32,2.6,42.44,15642.7,373.48,81.69,4.96,131.34,4.02,48.98,82.89,3.54,25.36,18.37,2050.3,188.13,Fuel Injector Clogged,3
105.91,92.81,3.1,45.19,18089.5,399.82,21.38,8.18,137.19,3.87,51.09,86.79,3.54,20.78,20.21,2380.75,171.26,Normal,0
95.52,68.67,2.18,43.71,15493.5,370.99,5.73,7.26,134.97,3.95,49.17,83.42,3.53,26.11,17.57,1718.33,167.16,Normal,0
98.61,78.81,2.64,45.6,16567.6,367.41,7.21,7.68,136.87,4.05,49.62,82.66,3.64,37.96,18.57,1928.04,164.16,Normal,0
100.56,78.8,2.5,44.37,16230.2,376.24,14.46,7.23,132.87,3.92,47.06,86.76,3.54,25.15,18.87,1954.24,165.84,Normal,0
97.64,73.0,2.58,43.92,15631.8,381.07,74.39,4.89,131.52,3.83,50.11,84.15,3.19,23.55,18.19,2019.24,182.83,Fuel Injector Clogged,3
107.41,94.19,3.07,91.17,17988.7,387.21,46.43,6.87,134.23,3.63,50.07,87.23,3.32,34.92,19.32,2405.19,171.2,Scavenge Fire Warning,2
97.21,72.8,2.37,43.44,15386.4,371.59,14.4,7.64,134.34,3.98,50.03,83.81,3.09,35.36,18.22,1823.62,167.86,Normal,0
95.59,74.18,2.46,44.06,15805.5,371.36,21.32,7.31,134.2,3.79,50.98,83.0,3.58,24.78,17.9,1840.21,167.74,Normal,0
97.16,77.5,2.55,45.89,16078.7,372.34,10.81,7.88,134.02,3.85,50.31,84.71,3.62,23.97,18.03,1970.15,169.11,Normal,0
104.09,87.27,2.89,44.86,17179.1,401.82,11.74,7.64,139.23,4.01,49.98,84.04,3.18,30.95,19.87,2213.35,170.54,Normal,0
101.75,85.33,2.87,44.78,17274.5,386.96,14.64,7.55,130.75,3.83,49.55,85.9,3.33,22.1,18.55,2162.4,168.9,Normal,0
97.46,72.31,2.33,43.73,15521.0,382.48,15.85,7.01,132.89,3.84,51.78,85.7,3.08,27.67,17.71,1837.66,168.44,Normal,0
99.27,77.34,1.99,46.13,18053.3,420.61,15.3,7.7,133.95,3.85,49.96,86.21,3.38,20.83,17.71,2102.93,179.21,Turbocharger Fouling,1
105.43,93.55,3.15,43.82,17737.2,400.62,6.97,7.27,135.06,3.79,50.42,85.37,3.25,24.1,19.65,2381.43,170.05,Normal,0
102.16,84.92,2.71,89.04,16990.0,381.54,78.81,7.0,136.78,3.71,49.64,87.05,3.19,23.95,20.5,2159.34,168.78,Scavenge Fire Warning,2
98.33,77.88,2.59,42.47,15886.0,372.83,16.43,7.65,137.16,4.14,48.61,84.0,3.4,31.9,17.94,1984.97,169.92,Normal,0
99.94,79.29,2.76,43.36,16000.4,382.39,33.75,7.06,137.69,3.8,47.62,85.33,3.74,23.65,18.44,1937.11,165.23,Normal,0
101.5,84.73,2.87,45.9,17339.7,389.33,53.67,4.34,136.2,3.98,51.33,85.22,3.54,35.97,19.88,2309.59,188.63,Fuel Injector Clogged,3
95.93,71.07,2.36,45.23,15362.1,373.62,10.2,7.95,130.67,3.76,48.42,87.21,3.35,37.66,18.01,1816.27,169.18,Normal,0
99.09,78.14,2.65,42.15,16209.3,380.69,13.25,7.3,130.84,3.97,49.33,86.58,3.39,19.62,18.34,1937.66,163.83,Normal,0
89.16,56.77,2.23,40.9,13555.3,340.28,10.24,6.89,137.87,4.0,48.45,84.31,3.74,25.95,15.98,1472.69,176.66,Normal,0
98.38,73.07,2.45,44.26,15383.7,364.89,19.0,7.16,137.71,3.91,50.72,85.16,3.63,24.04,18.35,1877.48,170.83,Normal,0
106.11,95.26,3.02,98.29,18497.5,405.87,67.51,7.25,136.59,3.85,49.52,87.65,3.34,25.04,19.86,2521.8,176.21,Scavenge Fire Warning,2
95.16,65.78,2.26,45.13,14694.0,346.56,16.5,7.9,132.95,4.0,49.22,83.73,3.49,23.31,18.55,1677.21,171.2,Normal,0
82.06,40.97,1.57,40.91,11454.3,333.55,7.76,6.92,134.19,4.0,48.36,81.2,3.22,25.65,14.72,1171.49,192.57,Normal,0
92.23,60.23,2.04,39.19,13895.5,354.4,24.84,7.03,134.0,3.93,47.33,83.25,3.4,20.83,17.74,1555.38,173.9,Normal,0
93.75,64.08,2.23,43.25,14239.6,366.89,17.09,7.84,132.44,4.03,47.41,84.07,3.54,23.6,17.61,1653.61,175.04,Normal,0
100.8,80.36,2.55,44.97,16455.1,383.78,5.95,7.34,135.65,3.71,48.9,86.85,3.58,32.96,19.16,1998.98,167.16,Normal,0
91.28,58.34,1.98,42.09,13740.2,347.62,13.31,7.58,140.39,3.77,48.87,85.58,3.28,24.88,16.45,1548.02,175.69,Normal,0
93.69,65.06,2.28,41.93,14537.5,355.65,16.87,7.33,133.76,3.97,49.04,84.55,3.58,22.16,16.91,1678.73,172.56,Normal,0
105.49,90.08,2.78,45.45,17772.6,388.42,13.57,8.21,138.24,3.54,49.93,86.16,3.43,20.17,19.4,2312.23,170.3,Normal,0
104.02,87.47,2.92,43.58,17416.2,393.98,22.2,7.05,132.79,3.6,50.59,84.65,3.35,24.96,19.94,2164.9,167.29,Normal,0
98.08,75.9,2.36,89.55,16038.6,356.46,52.58,7.6,131.16,4.17,48.56,87.54,3.74,30.87,18.53,1890.92,165.5,Scavenge Fire Warning,2
93.03,61.73,1.45,45.21,16807.7,392.6,15.06,8.03,137.47,4.19,48.61,85.92,3.34,23.07,15.74,1703.8,182.92,Turbocharger Fouling,1
102.19,84.45,2.72,45.74,17186.2,378.49,10.02,7.37,134.45,3.78,49.69,99.84,1.65,26.45,18.25,2098.95,168.8,Cooling System Issue,4
104.94,92.07,3.0,45.5,18219.1,396.62,10.95,7.24,138.18,3.98,49.31,105.64,1.73,37.05,19.67,2344.6,170.34,Cooling System Issue,4
104.78,92.82,3.11,44.44,17916.5,398.79,6.19,7.77,138.68,3.98,52.48,86.55,3.53,29.05,20.14,2403.52,172.25,Normal,0
100.02,78.95,2.62,44.28,16256.4,365.38,87.39,5.85,134.3,3.95,47.39,85.09,3.22,28.64,18.36,2268.19,192.89,Fuel Injector Clogged,3
104.85,88.42,2.86,47.53,17695.9,388.71,11.29,7.22,138.36,3.83,51.22,83.35,3.55,26.2,19.1,2231.01,169.78,Normal,0
97.61,71.42,2.45,45.02,15575.5,370.52,15.96,8.01,132.81,4.01,50.01,105.04,2.25,29.14,17.19,1846.09,170.37,Cooling System Issue,4
97.72,73.11,2.38,44.15,15489.1,372.09,17.92,7.52,132.77,4.03,50.1,86.33,3.39,37.69,18.49,1845.18,167.66,Normal,0
104.4,88.47,2.14,46.46,19636.4,449.13,7.64,7.68,137.68,3.94,50.08,85.99,3.8,23.08,19.46,2391.83,178.74,Turbocharger Fouling,1
105.36,88.88,2.79,76.62,17402.3,381.33,48.3,8.02,131.13,3.61,51.33,85.05,3.24,36.84,20.45,2228.57,166.04,Scavenge Fire Warning,2
98.32,75.86,2.53,44.66,16087.8,366.27,12.74,7.77,135.0,4.2,48.97,85.05,3.04,20.98,17.43,1949.48,168.3,Normal,0
91.64,63.8,2.18,81.78,14469.5,348.73,54.66,7.5,138.12,4.31,49.26,81.38,3.65,20.22,17.48,1654.74,173.43,Scavenge Fire Warning,2
104.9,87.6,2.79,45.78,17144.9,393.93,10.63,7.26,138.29,3.56,50.02,84.17,3.15,31.09,19.65,2193.62,167.43,Normal,0
102.8,87.86,2.87,46.32,17387.3,388.9,5.55,8.45,133.92,3.93,49.72,87.64,3.25,23.02,19.86,2215.83,169.21,Normal,0
102.89,88.56,2.89,45.33,18050.2,390.29,20.65,7.22,137.52,4.15,50.11,86.16,3.53,26.89,19.91,2281.91,169.7,Normal,0
85.84,54.1,2.01,41.95,13306.8,333.98,15.35,7.61,132.19,4.13,47.49,81.83,3.52,32.59,15.84,1419.52,176.28,Normal,0
107.82,97.61,3.0,44.99,19207.7,401.75,81.57,5.97,133.33,3.96,49.73,84.91,2.97,28.7,20.16,2864.91,194.5,Fuel Injector Clogged,3
101.65,88.26,2.87,44.06,17214.6,395.39,20.06,7.7,135.58,3.63,51.55,83.22,3.34,18.27,19.48,2236.77,169.66,Normal,0
101.85,86.12,2.75,42.48,17430.3,372.92,14.25,8.24,135.94,3.97,52.76,84.51,3.55,24.12,18.58,2125.03,165.21,Normal,0
105.38,91.04,3.02,43.92,17322.9,389.52,22.9,7.52,132.38,3.87,50.62,107.09,2.92,19.29,20.27,2313.09,170.01,Cooling System Issue,4
105.47,90.87,3.0,43.86,17858.5,381.02,17.09,7.47,139.66,3.95,50.92,87.56,3.18,36.52,18.15,2341.82,172.68,Normal,0
104.36,92.27,3.02,88.8,18172.3,391.97,65.85,8.04,130.31,3.68,50.4,86.63,3.59,33.89,19.07,2345.54,170.25,Scavenge Fire Warning,2
95.7,69.93,2.3,77.1,15425.4,360.2,59.23,7.45,135.14,3.76,49.6,84.43,3.28,37.68,16.64,1766.65,168.22,Scavenge Fire Warning,2
105.17,95.13,3.13,45.37,18215.3,401.96,8.49,7.81,135.49,3.8,50.82,85.5,3.59,35.7,20.7,2450.96,170.34,Normal,0
102.18,86.33,2.69,45.27,17519.5,389.26,21.33,7.57,130.63,3.8,50.92,84.49,3.21,27.51,19.33,2164.19,168.28,Normal,0
99.43,77.29,2.43,44.59,16044.0,386.95,8.34,7.82,138.31,3.87,51.02,86.4,3.36,35.65,18.02,1901.36,165.69,Normal,0
98.65,77.61,2.47,46.59,16165.6,376.58,25.36,7.75,133.15,3.82,48.61,86.56,3.47,31.45,18.43,1994.4,170.89,Normal,0
104.63,91.69,2.96,44.47,17866.2,397.32,19.17,7.36,135.25,3.8,52.95,84.06,3.57,28.49,19.87,2372.26,171.9,Normal,0
96.93,76.3,2.59,43.77,15787.7,370.92,11.6,6.85,135.82,3.79,49.57,100.16,2.6,25.41,17.5,1972.93,170.36,Cooling System Issue,4
104.14,86.19,2.58,44.74,17619.5,378.92,10.88,6.91,131.36,3.85,50.02,85.07,3.32,31.62,19.28,2161.77,165.57,Normal,0
103.28,85.92,2.91,46.58,17250.0,394.07,61.12,5.06,132.32,3.64,49.45,85.2,3.31,29.8,20.0,2285.57,181.86,Fuel Injector Clogged,3
99.86,76.8,2.56,46.16,16339.4,385.95,44.78,5.48,138.91,3.97,49.05,85.38,3.72,30.28,19.24,2096.95,183.25,Fuel Injector Clogged,3
106.75,92.43,2.86,46.11,18283.5,401.18,17.5,6.68,134.84,3.87,50.78,83.69,3.45,26.0,20.29,2343.58,168.42,Normal,0
105.72,96.46,3.11,47.57,18344.8,401.63,16.79,7.44,128.26,3.62,50.98,85.0,3.31,32.79,20.32,2495.63,171.92,Normal,0
99.2,78.5,2.69,44.55,16580.0,370.33,12.77,7.55,134.25,4.08,50.1,85.04,3.5,19.63,19.01,1974.92,165.83,Normal,0
101.78,89.44,2.95,44.9,17790.2,400.93,8.53,7.8,134.92,3.72,49.57,84.64,3.51,32.52,19.92,2299.95,171.0,Normal,0
106.38,85.77,2.89,46.63,16991.7,391.84,24.71,7.68,135.55,4.04,47.16,86.46,3.16,32.62,18.47,2153.74,168.07,Normal,0
101.99,84.67,2.66,45.51,17182.6,402.04,8.77,7.82,130.0,3.91,48.01,87.63,3.49,28.32,18.5,2151.11,168.14,Normal,0
108.95,99.17,3.14,44.83,18670.6,394.72,11.83,7.64,134.93,3.95,50.48,85.32,3.13,23.27,20.8,2531.67,171.25,Normal,0
102.69,89.75,2.84,46.68,18071.9,399.09,10.69,7.39,132.92,3.87,50.37,86.66,3.28,28.39,19.12,2352.62,172.52,Normal,0
94.46,64.39,2.34,42.84,14727.7,364.88,9.26,7.46,135.55,4.03,48.48,84.15,3.22,20.46,16.5,1662.99,171.76,Normal,0
107.76,93.29,3.06,44.97,18145.9,393.88,60.85,5.83,136.27,3.98,49.51,84.62,3.38,23.7,20.64,2683.86,185.61,Fuel Injector Clogged,3
99.15,77.54,2.8,45.54,16470.7,387.83,7.82,7.58,136.0,4.18,49.79,84.25,3.32,26.43,18.4,1950.68,168.86,Normal,0
100.3,83.04,2.69,44.51,16532.1,387.02,10.18,6.95,138.51,4.03,49.63,86.24,3.36,31.46,18.85,2074.65,166.32,Normal,0
98.9,77.18,2.02,44.76,18523.4,424.83,13.32,7.87,140.48,3.96,49.0,84.32,3.06,21.74,17.61,2044.82,177.79,Turbocharger Fouling,1
94.16,72.07,2.41,86.02,15453.0,369.14,56.63,7.17,132.17,3.71,47.63,84.35,3.39,21.16,17.58,1820.13,168.56,Scavenge Fire Warning,2
99.34,77.93,2.69,76.36,16732.6,369.82,61.8,7.55,134.05,3.53,48.66,83.74,3.2,30.16,18.2,1970.71,170.28,Scavenge Fire Warning,2
102.17,82.24,2.67,45.16,16544.0,379.05,10.27,7.61,136.86,3.85,50.63,86.05,3.81,31.59,18.27,2022.27,164.14,Normal,0
106.15,95.06,3.07,47.63,18007.3,404.46,8.14,7.91,134.68,3.71,49.32,86.35,3.33,19.67,19.3,2512.09,175.3,Normal,0
104.06,90.32,2.94,43.79,17472.3,400.81,10.4,6.91,128.19,3.74,50.73,87.36,3.35,18.66,20.63,2308.98,171.27,Normal,0
93.58,63.75,2.19,43.77,14667.6,361.45,12.82,7.39,134.52,3.93,50.25,103.22,2.53,20.94,17.9,1651.78,172.34,Cooling System Issue,4
100.4,78.6,2.55,43.04,16194.4,372.25,11.34,7.69,138.09,3.99,48.75,85.64,3.64,36.02,18.4,1995.14,167.8,Normal,0
99.71,83.52,2.73,46.21,16904.7,387.45,10.8,8.11,131.51,3.77,49.31,86.04,3.19,31.45,18.14,2137.94,169.9,Normal,0
94.41,66.57,2.25,44.84,14989.6,369.0,14.86,7.49,135.55,4.07,49.98,84.36,3.5,36.42,16.29,1662.14,168.26,Normal,0
101.26,75.5,2.51,43.51,15902.5,358.6,17.25,7.29,130.23,3.9,50.63,85.15,3.57,31.29,17.9,1920.83,169.19,Normal,0
105.44,97.36,3.2,49.1,18715.2,402.63,16.44,8.21,137.18,3.82,49.74,87.01,3.43,37.3,18.9,2550.53,173.14,Normal,0
106.46,96.05,3.23,47.34,18624.3,398.54,12.07,7.78,135.6,4.1,48.7,84.86,3.43,26.78,19.85,2535.41,175.46,Normal,0
101.74,78.0,2.52,45.3,16154.6,385.12,18.37,7.98,133.58,3.91,50.76,87.16,3.31,29.98,17.2,1975.34,167.33,Normal,0
102.25,81.6,2.65,83.02,16664.0,385.09,55.37,7.08,133.96,3.87,50.26,86.03,3.34,30.02,18.7,2072.7,168.13,Scavenge Fire Warning,2
99.97,80.8,2.6,45.94,16652.8,384.87,19.23,7.68,131.25,3.96,50.04,87.66,3.38,18.06,18.79,2017.49,167.88,Normal,0
100.48,79.94,2.65,94.78,16682.9,376.06,72.26,7.12,137.52,4.15,50.51,83.79,3.32,18.55,18.48,2028.67,166.97,Scavenge Fire Warning,2
98.82,76.62,2.5,44.42,15903.6,375.79,6.02,7.04,133.0,3.89,48.26,83.65,3.56,20.91,19.58,1985.65,171.13,Normal,0
99.11,79.39,2.64,44.93,15759.4,386.79,14.31,7.7,136.25,3.95,49.96,85.62,3.24,28.22,18.42,1973.27,166.06,Normal,0
99.14,77.56,2.66,43.6,16344.7,376.43,90.97,5.74,132.6,3.87,49.21,85.25,3.55,26.61,19.41,2190.3,183.36,Fuel Injector Clogged,3
94.1,66.87,2.07,44.05,15062.3,364.98,14.52,7.33,140.5,3.92,49.61,84.13,3.64,28.79,17.53,1713.95,171.08,Normal,0
103.4,87.41,2.89,46.84,17469.9,376.97,22.29,8.0,138.9,3.78,50.73,83.97,3.47,34.01,20.51,2193.12,167.37,Normal,0
94.25,68.37,2.28,89.38,15105.5,364.92,54.18,7.37,140.18,3.84,50.05,84.41,3.08,34.44,16.44,1735.57,170.54,Scavenge Fire Warning,2
89.94,60.76,2.14,42.78,13970.6,339.85,11.03,7.41,140.48,4.21,49.33,84.69,3.51,37.54,16.12,1577.74,174.82,Normal,0
104.03,89.49,2.83,43.93,17796.2,387.73,18.05,7.49,133.41,3.76,50.28,84.01,3.28,29.15,19.33,2279.42,169.64,Normal,0
104.44,85.18,2.2,42.13,19953.2,442.48,7.49,7.41,132.79,3.63,50.12,84.91,3.31,24.94,20.05,2313.97,175.27,Turbocharger Fouling,1
93.18,64.02,2.27,44.29,14515.5,366.17,11.86,7.95,140.07,3.96,49.25,85.02,3.47,24.16,16.94,1588.28,167.7,Normal,0
103.14,88.1,2.91,45.01,18061.2,382.14,13.4,7.14,134.65,4.0,49.34,86.47,3.6,24.81,18.96,2253.31,170.1,Normal,0
105.51,90.87,3.01,45.34,17514.1,396.57,12.09,7.24,137.08,4.02,49.72,85.29,3.1,24.48,20.0,2326.94,170.16,Normal,0
87.33,53.21,1.83,40.78,13187.3,358.26,8.5,7.08,133.45,3.81,48.8,83.17,3.41,25.86,16.6,1461.25,182.51,Normal,0
101.39,77.36,2.52,43.91,15912.1,371.58,13.58,8.16,133.49,4.06,50.13,85.23,3.76,19.5,17.89,1981.53,170.38,Normal,0
96.55,71.46,2.46,45.36,15626.1,356.95,12.09,7.39,137.07,4.22,48.56,84.61,3.2,30.67,17.38,1786.87,166.13,Normal,0
102.47,83.33,2.67,44.67,16567.9,386.48,9.3,7.23,130.08,3.76,48.67,83.58,3.36,29.36,19.93,2130.92,170.29,Normal,0
102.6,88.02,2.98,45.09,17208.9,380.49,64.79,5.1,136.96,3.82,48.29,84.98,3.29,27.24,20.11,2443.14,184.78,Fuel Injector Clogged,3
102.29,83.47,2.71,44.99,16794.1,377.78,10.26,7.8,136.31,3.68,48.49,84.63,3.53,19.62,19.84,2134.08,169.85,Normal,0
97.15,72.05,2.46,96.25,15564.3,377.44,50.68,7.73,133.67,4.19,48.7,84.91,3.17,19.86,18.41,1848.46,171.86,Scavenge Fire Warning,2
104.51,90.8,3.11,46.2,17718.8,408.51,14.7,7.3,135.06,3.61,49.64,104.63,1.71,28.9,19.11,2343.8,173.48,Cooling System Issue,4
101.71,85.03,2.72,42.92,16999.9,378.28,11.48,7.36,135.45,3.8,49.54,84.74,3.55,18.73,19.06,2142.27,167.59,Normal,0
96.01,71.95,2.42,42.35,15454.5,364.04,13.02,6.99,135.59,4.03,48.03,84.66,3.44,32.5,17.2,1841.24,170.38,Normal,0
105.04,91.13,3.04,43.72,17837.4,390.39,17.64,7.55,136.73,3.73,48.29,86.41,3.19,37.88,20.24,2356.15,171.88,Normal,0
105.45,91.1,3.03,45.03,18214.9,389.49,7.61,7.95,132.96,3.69,50.23,104.08,2.37,29.95,19.33,2350.95,170.79,Cooling System Issue,4
87.96,54.31,1.89,41.82,13439.5,363.35,22.32,7.3,141.74,3.97,48.57,99.8,2.22,32.47,15.13,1421.49,174.56,Cooling System Issue,4
105.6,92.56,2.95,45.4,17998.2,391.45,11.05,7.72,134.49,4.19,50.79,84.18,3.57,26.78,19.86,2367.55,170.67,Normal,0
100.39,80.43,2.63,43.08,17014.8,377.43,8.09,7.3,134.67,3.84,50.43,99.45,1.98,31.35,19.32,2047.56,169.14,Cooling System Issue,4
85.96,50.21,1.92,43.52,12884.2,355.69,11.7,7.12,139.86,3.97,48.65,83.91,3.27,31.04,14.94,1350.18,181.31,Normal,0
97.85,74.92,2.48,82.12,15652.3,378.27,54.42,7.74,130.43,3.73,49.49,83.32,3.3,34.48,18.04,1873.75,166.67,Scavenge Fire Warning,2
102.3,84.94,2.78,44.53,17174.2,394.06,7.16,8.32,139.84,3.92,50.7,84.94,3.32,32.23,18.74,2138.55,167.96,Normal,0
106.9,88.43,2.84,44.36,17672.0,383.29,16.67,7.69,135.23,3.98,51.4,83.72,3.21,32.98,20.0,2279.73,170.87,Normal,0
105.53,92.31,3.04,44.52,17887.0,391.14,8.43,7.36,133.67,3.74,49.48,85.79,3.64,29.13,18.54,2361.6,171.06,Normal,0
98.34,73.73,2.48,43.43,15485.0,363.85,14.61,7.38,132.2,3.99,50.09,84.58,3.61,27.69,18.69,1876.23,169.52,Normal,0
106.99,95.81,3.0,43.56,18494.9,406.17,14.76,8.17,131.83,3.73,49.69,85.01,3.33,27.17,19.68,2458.72,171.25,Normal,0
105.92,95.17,2.99,44.17,18316.4,408.76,11.92,7.61,134.15,3.54,50.5,84.53,3.34,25.84,19.94,2422.28,172.3,Normal,0
104.62,86.91,2.67,46.24,17689.4,383.84,10.35,7.23,135.69,3.92,50.98,86.7,3.2,23.32,19.77,2136.68,164.5,Normal,0
104.79,92.26,2.92,45.83,18195.6,392.41,18.83,7.48,136.56,4.14,49.88,85.5,3.37,18.67,20.65,2354.82,170.17,Normal,0
91.76,58.82,2.11,45.16,13711.7,350.96,62.21,6.37,135.67,3.79,47.69,84.6,3.49,31.42,16.62,1722.67,191.24,Fuel Injector Clogged,3
104.01,90.35,3.04,44.78,17887.8,380.56,12.58,7.66,133.72,3.87,49.61,85.83,3.61,36.02,19.15,2297.58,169.66,Normal,0
100.07,82.34,2.76,44.04,17071.0,377.53,10.37,8.03,138.35,4.07,48.75,85.42,3.24,36.61,18.5,2067.03,165.74,Normal,0
100.04,78.43,2.64,43.66,15997.0,384.22,10.88,7.95,141.68,3.87,48.46,100.1,2.05,29.61,19.15,2000.02,168.78,Cooling System Issue,4
99.93,82.4,2.7,44.11,16575.1,376.0,9.55,7.57,138.74,3.66,50.91,87.12,3.22,19.88,18.3,2097.09,171.93,Normal,0
89.16,55.06,2.0,79.38,13380.3,349.57,44.49,7.49,134.1,3.99,49.01,86.89,3.5,35.57,16.43,1477.34,177.49,Scavenge Fire Warning,2
97.1,75.95,2.55,44.48,16001.0,364.47,12.81,7.64,136.26,4.12,48.7,86.78,3.39,32.95,18.22,1926.12,168.34,Normal,0
105.93,95.39,2.51,45.67,21679.8,431.6,10.92,7.29,136.42,3.74,49.31,85.84,3.58,23.03,20.52,2660.72,188.43,Turbocharger Fouling,1
86.78,55.03,1.93,41.64,13310.1,344.28,10.28,7.84,139.01,4.01,47.56,84.14,3.41,34.07,16.25,1413.09,175.46,Normal,0
108.05,91.01,3.06,47.16,17804.3,383.99,21.26,7.43,134.15,3.68,49.38,86.95,3.69,27.44,19.39,2343.48,170.81,Normal,0
102.91,91.63,3.04,48.18,18038.3,400.86,13.69,7.67,132.59,3.82,51.28,84.76,3.11,35.75,19.4,2373.96,173.19,Normal,0
96.84,72.07,2.48,45.52,15758.4,376.86,58.91,6.57,137.83,3.97,49.13,86.94,2.95,22.95,17.53,1985.96,179.33,Fuel Injector Clogged,3
104.63,87.4,2.69,45.83,17319.8,381.5,13.95,7.69,136.02,3.87,52.06,86.45,3.64,34.02,18.48,2221.23,170.53,Normal,0
100.26,77.06,2.63,45.31,16669.6,374.6,9.57,7.58,132.23,3.83,49.43,84.75,3.26,32.24,18.62,1936.25,168.46,Normal,0
97.5,71.29,2.39,46.49,15842.4,369.46,13.13,7.32,136.76,3.98,48.63,85.19,3.42,18.29,17.9,1799.7,166.99,Normal,0
100.72,82.04,2.66,87.19,17047.1,368.03,61.28,7.47,139.6,3.97,50.62,86.03,3.42,29.27,17.91,2088.4,167.73,Scavenge Fire Warning,2
99.13,73.61,2.34,43.01,15837.8,360.83,8.95,7.1,133.27,4.02,47.64,84.43,3.46,32.31,17.75,1854.55,168.55,Normal,0
101.28,79.83,2.63,44.97,16920.4,390.08,8.3,7.69,132.77,3.84,49.78,86.43,3.31,21.13,18.42,2019.16,166.73,Normal,0
104.23,89.24,2.9,46.08,17591.1,383.03,12.21,6.75,135.08,3.75,48.8,87.1,3.23,28.64,19.13,2216.54,166.07,Normal,0
100.66,80.27,1.84,42.93,18978.1,432.1,8.23,7.84,136.7,4.17,47.43,84.9,3.21,24.08,18.55,2137.13,175.73,Turbocharger Fouling,1
99.41,78.84,2.49,43.88,16238.9,367.78,5.32,7.76,134.81,3.91,49.43,84.58,3.51,31.93,18.43,1930.3,165.03,Normal,0
97.31,75.63,2.56,45.7,15732.8,379.81,14.02,7.53,137.84,3.86,50.24,84.9,3.54,28.8,18.72,1928.82,169.37,Normal,0
96.66,68.45,2.39,40.74,15082.6,363.07,8.03,7.31,135.65,3.7,49.29,83.35,3.35,30.43,17.5,1753.75,171.1,Normal,0
106.39,91.42,2.97,43.44,17992.8,392.9,12.5,7.49,137.53,3.69,50.21,83.66,3.29,19.45,20.04,2293.42,167.41,Normal,0
102.65,88.56,2.97,44.82,17614.3,405.55,10.86,6.88,133.2,3.75,47.39,85.02,3.5,20.76,18.58,2242.82,169.26,Normal,0
103.49,88.46,2.87,45.61,17554.9,380.54,9.11,7.79,131.93,3.91,49.83,84.39,3.13,29.04,18.77,2192.93,166.39,Normal,0
97.82,74.7,2.49,41.94,15866.5,378.13,56.55,6.22,134.15,3.85,49.22,87.11,3.75,21.62,17.27,2027.6,184.79,Fuel Injector Clogged,3
100.69,81.12,2.6,44.3,17022.5,385.83,15.48,8.03,131.63,3.88,50.27,84.7,3.48,27.97,18.47,2027.35,166.68,Normal,0
106.69,96.21,2.97,47.43,18662.5,427.1,17.41,7.64,136.02,3.6,49.27,86.4,3.37,31.8,20.17,2507.3,172.9,Normal,0
103.5,85.14,2.93,44.91,17345.3,377.81,21.95,7.58,129.96,4.07,50.66,84.65,3.55,34.2,20.09,2095.03,165.16,Normal,0
101.1,84.23,2.2,46.15,19835.4,422.57,16.11,7.64,133.87,3.75,49.28,87.51,3.51,20.86,18.5,2301.98,184.52,Turbocharger Fouling,1
103.31,90.14,2.81,44.32,17412.3,399.2,10.68,7.16,134.29,3.87,49.76,85.37,3.44,32.84,20.07,2357.7,172.0,Normal,0
104.57,86.96,2.85,43.74,16970.4,387.09,9.53,7.34,132.38,3.77,50.44,83.99,3.06,25.26,18.76,2186.31,168.44,Normal,0
101.7,84.87,2.35,46.06,20695.3,440.83,9.82,7.55,134.23,3.81,48.63,86.2,3.47,31.58,19.08,2256.01,175.8,Turbocharger Fouling,1
103.27,91.35,2.94,45.86,17801.4,401.84,20.81,7.39,135.01,3.72,50.93,85.97,3.66,20.91,19.59,2263.6,165.74,Normal,0
103.48,89.45,2.87,43.38,17545.7,389.68,9.04,7.3,138.17,3.89,48.67,101.28,1.92,28.3,18.94,2285.91,171.53,Cooling System Issue,4
104.8,92.42,3.02,44.19,18106.6,388.39,8.53,7.4,132.4,3.68,50.81,85.51,3.57,34.75,19.27,2440.94,174.28,Normal,0
104.42,85.61,2.86,101.34,17322.7,392.83,45.02,7.52,135.89,3.9,49.62,85.55,3.55,20.13,20.09,2130.08,168.56,Scavenge Fire Warning,2
94.95,65.6,2.27,41.86,14849.0,365.0,10.72,8.31,136.39,3.92,48.8,82.82,3.45,34.55,16.91,1642.53,168.78,Normal,0
105.25,88.97,2.88,46.52,18011.3,388.71,9.63,7.39,134.95,3.94,46.94,86.56,3.43,27.06,20.05,2235.87,167.02,Normal,0
103.38,85.23,2.77,44.1,17484.1,383.66,11.61,7.26,133.75,3.97,49.24,85.48,3.5,34.47,19.5,2172.35,170.77,Normal,0
89.46,54.7,2.01,42.37,13158.5,341.05,9.41,7.45,132.15,3.93,48.25,84.04,3.47,37.17,15.83,1459.44,177.94,Normal,0
97.32,75.04,2.54,82.55,16093.4,379.6,67.8,8.03,139.75,3.95,50.93,84.73,3.74,21.19,18.13,1872.95,166.43,Scavenge Fire Warning,2
91.39,61.06,2.12,39.73,14047.9,353.44,18.19,8.05,135.18,3.89,48.71,102.81,2.49,31.49,16.87,1637.56,177.98,Cooling System Issue,4
99.26,80.46,2.65,42.24,16526.8,374.41,20.37,8.18,134.21,4.08,48.97,86.24,3.53,22.7,18.94,2053.99,170.09,Normal,0
99.06,77.75,2.6,44.35,15977.7,366.9,17.7,7.52,140.3,3.84,50.33,84.0,3.59,20.71,18.14,1967.1,169.18,Normal,0
97.37,71.44,2.36,42.63,15057.9,372.44,12.9,7.72,135.56,3.88,48.71,85.75,3.53,30.56,16.88,1802.11,167.98,Normal,0
94.1,65.81,2.31,44.76,14718.9,358.19,69.67,5.7,141.36,3.87,49.99,82.71,3.03,20.16,16.83,1921.5,185.36,Fuel Injector Clogged,3
106.82,92.53,2.9,42.99,17856.5,379.57,11.93,7.38,131.46,3.72,50.43,83.4,3.38,27.3,20.49,2414.48,172.12,Normal,0
93.56,67.9,2.27,44.28,15191.7,355.25,12.24,7.11,134.41,4.23,48.16,86.41,3.29,30.72,17.43,1722.65,169.98,Normal,0
98.89,75.38,2.56,41.97,15861.2,372.36,22.35,7.67,131.57,3.97,50.33,83.79,3.46,27.99,17.91,1936.23,170.5,Normal,0
102.26,88.66,2.79,44.56,17650.8,389.19,21.44,7.51,134.69,3.86,50.59,85.67,3.3,31.94,18.54,2290.81,171.22,Normal,0
104.9,91.33,2.83,43.71,18216.9,392.21,9.84,7.58,134.68,3.76,51.01,85.33,3.51,34.03,20.42,2315.52,170.47,Normal,0
105.06,89.73,2.24,48.03,19623.4,440.41,21.02,7.2,133.85,4.01,49.86,86.0,3.32,35.44,19.4,2363.24,176.91,Turbocharger Fouling,1
106.43,96.41,2.96,43.7,18391.9,388.71,15.31,7.8,135.13,3.73,50.94,85.92,3.71,29.2,20.81,2487.39,170.0,Normal,0
92.52,61.53,1.47,42.74,16791.2,406.61,9.25,6.66,133.98,3.97,50.69,85.71,3.7,23.53,17.25,1659.16,183.03,Turbocharger Fouling,1
102.4,88.15,2.93,42.46,17588.0,399.66,8.42,7.41,134.72,4.18,50.14,83.81,3.14,28.19,19.85,2269.87,171.65,Normal,0
86.6,55.21,1.93,44.82,13644.5,357.31,8.91,7.46,133.11,3.84,48.09,85.01,3.46,25.75,17.24,1440.9,174.29,Normal,0
100.73,79.53,2.73,44.96,16632.1,384.04,17.75,6.79,138.61,3.96,51.12,85.12,3.32,22.52,18.63,2004.44,168.07,Normal,0
106.96,91.56,2.41,45.53,20984.3,460.24,9.84,7.63,132.23,3.88,50.79,83.82,3.45,28.58,19.62,2444.76,177.58,Turbocharger Fouling,1
94.6,69.78,2.35,45.79,15289.8,374.47,14.26,7.44,135.53,4.0,48.69,84.16,3.51,18.45,18.57,1812.01,172.93,Normal,0
105.59,89.62,2.94,98.1,17775.2,383.06,69.03,7.7,132.02,3.8,51.77,83.66,3.17,30.11,20.01,2233.61,167.06,Scavenge Fire Warning,2
106.58,95.96,2.99,46.01,18171.2,400.21,10.11,8.2,132.91,3.73,49.11,83.83,3.22,34.43,19.69,2479.01,172.46,Normal,0
92.04,65.19,2.31,43.41,14614.6,352.53,12.91,7.61,133.18,3.97,49.46,84.08,3.25,37.99,17.82,1614.76,168.15,Normal,0
100.39,83.62,2.78,45.54,17007.4,375.7,9.15,7.84,134.67,3.8,50.91,86.77,3.3,36.43,19.85,2129.84,169.94,Normal,0
100.06,79.48,2.5,43.62,16536.3,382.3,11.95,7.98,135.44,3.53,50.65,106.46,1.86,19.8,17.17,2033.91,170.17,Cooling System Issue,4
107.03,98.66,3.16,45.57,18628.6,410.89,10.84,7.67,132.23,3.68,49.54,87.51,3.54,21.25,19.63,2578.3,173.26,Normal,0
97.39,76.95,2.59,45.37,15839.2,374.63,15.82,7.2,133.97,3.84,48.22,85.17,3.44,20.77,17.82,1956.36,168.01,Normal,0
89.82,61.52,2.08,80.11,14139.0,370.1,49.56,6.93,132.52,3.79,49.0,86.32,3.24,29.17,17.28,1606.98,174.74,Scavenge Fire Warning,2
102.31,87.56,2.73,44.83,17878.4,391.15,7.58,7.63,132.41,3.87,50.65,87.24,3.34,18.92,19.79,2214.49,167.64,Normal,0
107.19,97.13,3.14,43.67,18461.6,395.2,8.67,7.36,137.83,3.7,49.29,84.75,2.97,36.74,20.54,2526.42,174.58,Normal,0
106.59,96.16,3.27,47.94,18778.4,391.51,18.7,7.95,131.52,3.81,50.63,85.93,3.76,19.24,20.66,2480.57,172.51,Normal,0
94.02,67.26,2.25,42.39,15255.6,372.21,10.52,7.33,135.19,4.26,47.57,83.82,3.4,25.83,16.72,1711.99,167.29,Normal,0
97.18,72.31,2.55,45.27,15548.7,371.41,23.68,7.49,139.25,4.09,50.31,84.72,3.58,35.88,17.15,1874.63,172.58,Normal,0
92.36,60.05,2.02,43.07,13856.2,360.47,20.44,7.09,138.02,4.05,48.13,105.46,2.34,36.97,17.46,1573.77,174.34,Cooling System Issue,4
103.46,86.7,2.84,43.0,17450.8,367.12,8.97,7.38,136.06,4.12,49.74,84.7,3.39,27.31,19.3,2182.24,168.0,Normal,0
104.13,90.01,2.98,47.08,17794.0,394.47,14.75,7.17,134.96,3.83,50.91,84.18,2.97,27.77,20.28,2321.0,169.83,Normal,0
96.42,68.72,2.32,91.68,14900.9,361.8,53.51,7.2,136.84,3.92,49.86,83.4,3.3,30.72,17.11,1744.55,168.47,Scavenge Fire Warning,2
104.22,92.88,2.98,47.43,17965.3,384.95,6.98,7.48,135.92,3.67,50.65,85.24,3.46,26.15,19.19,2393.32,170.18,Normal,0
101.85,84.55,2.83,44.49,17168.2,385.18,72.95,5.1,138.56,4.05,50.83,89.88,3.41,24.49,18.27,2396.51,182.75,Fuel Injector Clogged,3
104.37,90.87,3.1,46.33,18064.2,402.32,10.98,8.42,134.67,4.13,50.5,87.4,3.59,32.79,20.11,2318.26,171.15,Normal,0
94.55,70.31,1.83,40.98,17148.7,421.43,6.74,7.79,137.5,4.05,50.61,81.36,3.4,29.91,18.36,1890.58,182.81,Turbocharger Fouling,1
94.26,67.55,2.25,42.65,14928.4,366.37,8.73,7.88,134.19,4.14,47.33,84.66,3.73,27.63,17.74,1723.06,169.12,Normal,0
99.86,85.12,2.77,42.9,17287.3,380.73,14.26,7.46,139.73,3.45,49.77,84.65,3.21,20.02,18.8,2152.81,166.67,Normal,0
106.91,90.88,3.15,44.71,17822.1,387.44,9.3,7.54,134.6,4.19,49.99,86.82,3.49,19.38,20.02,2336.21,170.55,Normal,0
98.93,79.51,2.64,45.07,16372.6,387.09,13.23,7.35,130.95,3.87,49.36,83.77,3.21,28.22,18.92,2035.19,169.55,Normal,0
108.15,95.2,3.02,44.71,18234.1,391.03,12.06,8.42,135.19,4.17,50.78,84.56,3.56,30.39,18.83,2430.28,170.0,Normal,0
104.27,89.87,2.82,46.49,17563.4,397.31,57.75,5.22,136.91,4.1,50.26,84.91,3.26,31.15,19.33,2512.68,180.95,Fuel Injector Clogged,3
106.47,93.98,2.89,44.23,18834.5,399.82,18.73,7.29,139.07,3.94,51.05,84.93,3.08,35.9,20.1,2451.0,171.72,Normal,0
106.49,97.45,3.16,47.12,18638.4,403.28,65.25,4.85,132.51,3.76,49.2,86.68,3.13,34.32,20.92,2733.6,192.8,Fuel Injector Clogged,3
105.61,92.84,3.05,47.39,18404.8,383.5,74.73,5.99,130.64,3.85,52.47,85.31,3.32,20.82,19.77,2749.52,186.76,Fuel Injector Clogged,3
103.49,86.02,2.78,46.4,17623.0,384.67,9.94,8.0,136.24,3.57,49.48,86.64,3.68,33.89,19.26,2154.08,165.93,Normal,0
92.62,61.45,2.12,42.4,14141.3,345.15,10.33,7.88,136.16,4.09,49.05,83.49,3.53,31.53,16.8,1543.69,170.25,Normal,0
108.02,97.48,3.04,93.63,18766.1,397.14,56.85,7.24,131.47,3.43,50.18,86.94,3.48,34.56,20.42,2548.06,174.78,Scavenge Fire Warning,2
95.34,69.76,2.36,44.45,15243.2,374.54,12.99,7.23,134.18,3.88,49.22,83.4,3.39,34.87,16.81,1796.76,170.81,Normal,0
97.91,75.84,2.56,43.88,15625.1,384.65,14.19,7.94,134.29,4.13,48.88,85.77,3.2,24.91,17.84,1913.96,168.44,Normal,0
93.22,68.35,2.27,42.0,14702.9,367.16,15.34,8.24,137.06,4.03,49.28,84.13,3.23,23.27,16.15,1735.41,169.37,Normal,0
100.15,78.26,2.73,43.43,16293.2,373.26,13.76,7.45,133.97,3.66,50.1,86.2,3.3,29.05,18.17,2002.94,168.99,Normal,0
97.9,71.57,2.34,45.88,15352.3,382.16,14.5,7.92,133.91,3.71,46.82,81.93,3.28,23.97,18.1,1820.74,169.44,Normal,0
103.58,83.36,2.76,42.96,17335.5,379.53,22.64,6.99,135.29,3.78,49.42,84.39,3.28,24.99,18.44,2145.82,168.77,Normal,0
104.46,89.53,2.97,45.86,17639.0,382.83,7.09,7.2,131.55,3.85,49.66,106.86,1.79,19.38,19.35,2271.99,169.23,Cooling System Issue,4
100.41,82.58,2.71,44.93,17251.8,388.8,11.19,7.15,139.75,4.0,52.04,85.06,3.4,37.83,19.08,2107.6,169.17,Normal,0
94.59,71.62,2.39,43.19,15348.2,373.19,12.79,7.64,137.34,4.0,50.08,82.82,3.26,24.19,19.44,1843.23,170.89,Normal,0
106.35,92.17,2.87,46.34,18441.9,390.87,6.88,7.44,133.25,3.67,51.65,84.84,3.6,33.6,19.71,2369.76,172.03,Normal,0
103.23,92.91,3.11,47.88,18224.6,396.93,7.5,7.58,132.21,3.92,50.74,86.18,3.6,37.86,20.26,2373.32,171.41,Normal,0
91.58,61.79,2.12,42.5,14348.2,360.78,7.39,7.93,132.4,4.06,48.86,83.5,3.51,37.38,16.76,1603.78,172.96,Normal,0
101.9,84.65,2.81,44.41,16969.2,387.45,8.85,7.27,136.47,3.93,50.17,86.78,3.49,30.68,19.26,2177.52,169.21,Normal,0
105.76,94.12,3.09,46.46,18392.1,401.32,58.62,5.96,132.47,4.2,51.36,87.07,3.12,28.77,19.92,2694.17,186.9,Fuel Injector Clogged,3
98.93,76.76,2.5,45.52,16467.7,371.91,8.34,7.03,134.38,4.0,51.2,85.87,3.81,24.19,18.04,1940.45,167.85,Normal,0
101.43,82.43,2.69,44.4,16772.1,387.25,9.7,7.91,130.77,4.02,50.01,86.53,3.35,35.23,18.71,2067.77,167.54,Normal,0
98.93,83.83,2.85,44.25,16904.0,384.93,12.75,7.88,136.35,4.15,49.15,84.73,3.54,24.76,19.71,2130.99,169.21,Normal,0
99.16,77.35,2.48,40.86,16114.9,372.92,11.2,7.63,136.45,4.02,50.41,86.88,3.55,20.13,18.52,1984.8,169.58,Normal,0
99.5,84.68,2.94,43.61,17441.6,383.89,11.8,7.54,134.54,3.78,48.96,86.68,3.21,23.88,18.33,2137.33,168.13,Normal,0
103.65,86.17,2.75,43.18,17459.1,386.93,17.94,7.32,135.48,4.04,50.27,85.29,3.29,24.3,18.93,2181.22,169.47,Normal,0
106.29,97.14,3.03,46.8,18961.0,389.86,15.31,7.01,136.99,3.75,51.05,83.93,3.47,32.37,19.69,2511.75,170.73,Normal,0
99.79,85.19,2.8,44.45,17217.5,381.39,77.68,5.18,135.42,3.71,49.73,82.57,3.12,21.39,19.65,2397.75,189.11,Fuel Injector Clogged,3
105.92,96.96,3.29,99.4,18629.1,401.72,41.06,7.76,136.95,3.68,49.46,87.07,3.38,24.34,19.76,2561.58,175.42,Scavenge Fire Warning,2
96.61,73.12,2.29,43.84,15732.9,360.59,16.5,8.21,132.08,4.09,48.84,82.99,2.97,19.53,18.46,1841.31,169.93,Normal,0
103.26,83.82,2.74,43.4,17213.3,379.82,7.45,7.36,135.95,3.96,49.46,84.25,3.4,34.97,19.55,2118.09,166.93,Normal,0
101.1,81.45,2.72,46.85,16626.7,400.89,6.81,7.59,135.48,4.03,48.61,85.83,3.65,32.5,18.82,2079.43,167.01,Normal,0
104.04,88.33,2.88,91.36,17842.6,381.38,60.64,7.89,138.0,3.94,49.59,83.97,3.4,26.75,19.72,2206.4,166.55,Scavenge Fire Warning,2
99.42,74.72,2.52,46.4,15920.7,370.33,14.93,7.9,135.08,3.93,47.91,102.15,2.01,26.6,17.8,1908.68,171.66,Cooling System Issue,4
106.23,95.47,3.02,46.66,17903.9,392.66,9.15,7.28,134.76,3.87,50.89,86.1,3.3,21.33,20.58,2440.16,169.6,Normal,0
103.56,85.87,2.76,44.83,17428.2,386.4,8.71,7.4,133.61,3.95,50.2,87.21,3.51,25.69,18.41,2106.8,163.46,Normal,0
98.34,73.63,2.45,46.31,15423.7,365.52,14.69,7.32,138.73,3.82,49.58,86.2,3.43,36.14,17.72,1863.23,165.8,Normal,0
93.42,67.98,2.21,42.42,15186.4,363.03,7.87,7.18,129.11,3.73,48.67,101.06,2.0,20.77,17.27,1727.26,170.27,Cooling System Issue,4
96.08,66.59,2.26,42.02,15022.2,357.49,8.26,8.02,136.28,3.86,48.74,105.11,2.3,33.3,17.92,1670.66,169.26,Cooling System Issue,4
91.91,65.12,2.19,93.22,14712.6,369.84,60.94,7.52,134.95,4.02,48.1,84.59,3.26,18.94,18.21,1680.55,171.58,Scavenge Fire Warning,2
96.65,69.24,2.3,44.32,15274.6,367.2,21.77,7.47,134.54,3.83,49.62,84.69,3.42,24.23,17.3,1778.73,170.42,Normal,0
102.9,91.18,2.98,44.15,18138.8,385.95,12.75,7.59,134.18,4.15,48.75,85.62,3.41,34.94,19.6,2294.66,168.63,Normal,0
95.86,68.36,1.61,43.24,17215.3,402.31,9.76,7.52,134.86,3.99,49.16,86.0,3.58,26.9,16.79,1844.52,180.42,Turbocharger Fouling,1
104.45,84.78,2.76,42.38,17271.6,378.3,15.43,7.42,136.2,3.88,49.18,87.37,3.32,32.05,19.0,2164.72,170.16,Normal,0
94.59,67.73,2.48,44.14,15222.1,352.15,23.84,7.23,133.01,3.84,50.81,83.28,3.41,20.07,18.1,1731.74,170.86,Normal,0
98.97,77.67,2.49,41.94,16596.6,377.07,15.44,8.05,135.34,4.03,50.02,85.2,3.37,31.67,17.3,1904.17,162.73,Normal,0
100.25,78.23,2.69,42.86,16035.7,393.05,9.8,7.3,135.88,3.71,49.52,86.81,3.81,34.38,18.44,1931.61,164.97,Normal,0
97.97,75.55,2.52,45.87,16033.1,359.81,8.87,7.17,132.62,3.95,48.29,84.77,3.26,34.1,18.61,1855.47,164.71,Normal,0
102.04,79.04,2.56,76.11,16168.1,368.15,81.94,7.47,136.26,3.82,48.19,85.41,3.33,26.78,18.54,1963.9,167.69,Scavenge Fire Warning,2
101.64,82.79,2.61,45.18,16627.5,389.5,10.59,8.26,135.9,3.89,50.22,85.57,3.23,36.08,18.75,2083.45,168.52,Normal,0
100.62,81.8,2.7,44.96,16803.4,377.11,13.83,7.21,133.0,3.95,51.48,87.81,3.63,29.5,19.3,2095.04,167.71,Normal,0
103.31,89.19,3.01,44.34,17665.6,396.38,18.45,7.75,132.03,3.67,50.42,86.47,3.65,34.36,18.99,2248.22,168.01,Normal,0
94.34,69.05,2.3,42.36,15383.1,359.61,10.58,7.41,132.97,3.67,49.28,87.25,3.36,22.27,17.09,1764.6,171.84,Normal,0
101.82,85.67,2.79,44.31,17133.2,388.23,11.14,7.59,135.34,3.72,50.05,87.52,3.61,22.2,18.03,2192.45,169.12,Normal,0
102.14,85.64,2.88,42.58,17176.1,401.01,24.69,7.82,134.81,3.99,49.96,85.15,3.46,33.09,19.33,2140.25,166.65,Normal,0
101.22,83.76,2.77,45.08,17016.9,375.15,12.76,6.9,138.48,3.92,49.97,85.71,3.53,30.93,19.09,2096.58,166.52,Normal,0
94.18,68.0,2.18,43.51,14810.7,373.19,17.35,7.19,134.08,3.87,48.37,104.43,2.35,31.53,17.12,1724.25,168.63,Cooling System Issue,4
107.02,90.59,2.94,43.85,17664.5,398.67,19.58,7.82,132.78,4.13,49.1,84.25,3.43,22.73,19.07,2318.52,168.99,Normal,0
94.84,70.4,2.49,45.98,15545.3,356.08,15.71,7.53,136.64,4.11,49.28,85.73,3.74,25.99,17.66,1769.45,169.45,Normal,0
105.87,93.74,3.02,46.41,18097.0,401.65,10.12,7.57,132.55,3.98,51.71,86.68,3.67,23.17,19.96,2435.64,171.66,Normal,0
101.59,81.49,2.46,45.56,16946.8,382.45,79.39,5.35,133.02,3.77,50.44,84.93,3.54,19.36,18.02,2291.1,188.91,Fuel Injector Clogged,3
101.84,81.99,2.73,43.83,16882.9,383.22,22.98,7.19,133.06,4.03,48.46,84.82,3.57,22.08,17.62,2034.79,165.35,Normal,0
96.6,71.71,2.39,43.73,15123.5,372.33,11.54,7.87,127.51,3.96,48.97,84.58,3.84,37.9,16.78,1813.87,169.82,Normal,0
105.48,93.93,2.88,46.46,18358.4,394.61,7.43,7.79,136.42,3.72,50.96,101.04,2.41,22.68,19.05,2427.83,172.57,Cooling System Issue,4
96.66,70.49,2.24,43.87,15426.1,368.67,34.59,7.58,137.35,3.9,50.69,86.59,3.28,21.19,16.97,1827.47,172.78,Normal,0
105.34,91.94,3.05,86.03,18085.4,396.86,51.39,7.66,137.29,3.68,51.93,86.56,3.62,31.94,19.68,2384.64,170.95,Scavenge Fire Warning,2
94.22,67.07,2.22,43.06,14852.0,369.8,10.06,7.91,139.71,3.82,48.81,83.17,3.39,30.04,17.42,1722.14,169.05,Normal,0
101.01,86.45,2.75,44.16,17099.8,375.85,12.37,7.29,138.77,3.68,50.71,87.27,3.49,32.92,19.11,2196.73,169.85,Normal,0
101.67,84.81,2.77,45.74,17398.0,396.35,8.56,7.73,134.17,4.0,50.07,86.82,3.42,31.07,19.27,2168.05,168.05,Normal,0
96.13,73.59,2.41,79.23,15676.2,362.74,60.2,8.11,137.77,3.9,49.19,84.65,3.27,22.46,18.23,1845.79,165.93,Scavenge Fire Warning,2
85.77,51.5,1.85,43.51,12743.0,350.47,7.77,7.72,134.76,3.85,48.38,83.27,3.46,28.02,16.09,1398.21,180.09,Normal,0
93.99,65.83,2.23,89.15,14829.5,362.92,42.35,7.42,133.94,4.01,49.04,83.54,3.57,21.53,17.31,1690.04,171.58,Scavenge Fire Warning,2
97.32,72.21,2.33,44.73,15362.8,360.01,12.96,8.31,133.11,3.91,50.42,86.18,3.53,23.07,17.23,1851.94,171.78,Normal,0
108.77,96.24,3.05,44.73,18321.4,404.53,17.83,7.58,134.33,3.97,48.93,83.59,3.49,37.74,19.34,2492.6,172.1,Normal,0
101.69,85.08,2.82,99.29,17052.3,378.79,61.72,7.99,135.82,3.88,50.3,86.72,3.36,32.57,18.75,2133.89,166.76,Scavenge Fire Warning,2
99.91,76.99,2.56,45.52,15976.7,384.78,23.27,7.35,138.95,3.68,51.0,84.54,3.1,33.66,18.99,1892.16,164.36,Normal,0
105.73,92.85,2.99,45.66,17905.1,390.37,15.82,7.87,136.82,3.75,51.61,86.06,3.39,18.6,21.23,2356.67,168.02,Normal,0
104.46,86.51,2.98,43.12,17491.3,376.18,14.96,7.31,133.07,3.68,50.46,81.35,3.5,25.64,19.55,2165.6,166.7,Normal,0
98.73,74.81,2.55,90.27,15826.1,385.78,68.84,7.61,132.39,3.99,48.61,82.86,3.01,29.1,18.32,1933.4,171.74,Scavenge Fire Warning,2
96.79,74.71,2.56,79.01,16114.9,374.84,35.19,7.29,136.42,4.06,50.14,84.17,3.39,20.99,18.74,1899.32,168.04,Scavenge Fire Warning,2
96.96,77.1,2.55,41.33,15949.6,383.31,8.13,8.17,137.26,3.66,50.79,83.99,3.38,34.97,19.23,1954.72,167.95,Normal,0
102.89,85.53,2.81,46.53,16810.9,380.1,10.61,7.42,138.07,3.84,49.33,98.94,1.84,20.79,18.57,2165.13,170.66,Cooling System Issue,4
89.47,58.07,1.99,42.81,13791.6,337.45,10.43,7.11,134.33,4.14,48.97,84.69,3.54,30.73,18.26,1548.15,176.42,Normal,0
103.42,90.85,3.01,43.56,18264.7,406.97,10.28,7.53,136.17,3.6,49.88,87.95,3.57,29.06,20.58,2306.79,169.24,Normal,0
100.99,85.53,2.79,47.03,17307.7,386.86,11.58,7.69,137.14,3.79,49.23,86.04,3.73,34.99,18.31,2183.86,170.75,Normal,0
100.56,80.27,2.67,43.37,17241.2,384.27,12.69,7.49,131.62,3.88,49.3,84.43,3.39,24.24,18.03,2007.15,166.63,Normal,0
100.27,75.77,2.53,44.44,16044.6,379.97,14.71,7.22,135.69,4.06,49.54,86.5,3.63,23.68,19.89,1914.37,168.84,Normal,0
99.18,78.6,2.6,43.05,16377.2,375.57,13.04,7.86,137.26,3.97,48.62,84.59,3.25,34.93,19.09,1953.44,165.52,Normal,0
99.57,76.69,2.78,41.11,15612.6,377.68,10.23,7.94,136.28,4.01,48.37,84.44,3.33,22.43,17.93,1940.25,168.68,Normal,0
96.97,72.66,2.38,41.77,15677.3,383.58,46.27,5.2,134.8,4.0,48.38,84.91,3.52,32.92,17.95,2014.85,184.99,Fuel Injector Clogged,3
90.52,61.95,2.08,42.28,14280.9,357.18,14.07,7.19,141.52,3.9,49.12,86.42,3.28,21.82,17.34,1599.78,174.63,Normal,0
106.33,93.09,3.06,46.79,18046.3,403.9,21.0,7.44,139.83,4.07,48.72,86.98,3.37,35.51,20.38,2409.62,172.37,Normal,0
101.27,85.71,2.75,45.38,17183.1,371.2,11.81,7.31,135.02,3.76,47.64,107.12,2.47,34.78,19.96,2239.88,174.26,Cooling System Issue,4
102.11,84.46,2.74,44.97,17042.1,394.56,10.55,7.68,134.53,3.45,51.17,87.73,3.4,33.75,19.17,2159.08,167.76,Normal,0
103.84,89.94,2.83,42.18,17702.5,380.25,11.86,8.14,136.75,3.57,49.03,86.79,3.23,27.83,19.71,2232.65,167.67,Normal,0
100.1,77.09,2.6,46.07,16596.0,384.44,14.21,7.37,134.86,3.87,49.28,83.61,3.29,18.68,18.11,1968.51,169.04,Normal,0
99.12,80.32,2.69,44.76,16457.9,383.52,9.2,8.05,138.18,3.83,50.54,85.86,3.35,20.65,18.07,2009.26,166.24,Normal,0
94.52,66.05,1.64,43.1,16732.2,406.29,7.95,6.99,131.83,3.86,47.53,86.59,3.51,27.13,16.69,1766.73,181.01,Turbocharger Fouling,1
94.87,69.97,2.42,45.3,15157.6,366.67,9.17,7.66,134.4,3.94,47.71,82.98,3.34,18.87,17.56,1767.11,169.0,Normal,0
100.93,83.12,2.58,46.52,17062.1,381.88,12.07,7.29,136.71,4.05,49.11,100.62,1.44,19.27,19.1,2150.55,172.11,Cooling System Issue,4
99.27,88.36,2.82,46.8,17584.0,383.89,63.55,6.2,137.51,3.91,50.94,84.25,3.54,20.51,18.52,2479.75,180.73,Fuel Injector Clogged,3
97.81,68.71,2.31,43.13,15027.3,364.24,9.26,6.89,131.3,4.02,49.07,101.91,2.15,23.22,18.76,1812.1,170.67,Cooling System Issue,4
108.43,99.35,3.09,99.37,18495.5,421.86,43.96,7.05,132.61,3.64,50.46,87.34,3.21,32.99,20.02,2532.95,170.27,Scavenge Fire Warning,2
105.66,96.11,2.95,47.17,18567.0,410.55,21.19,7.67,130.81,3.74,50.03,87.46,3.2,18.96,19.62,2448.29,170.65,Normal,0
96.34,74.0,2.45,41.87,15681.6,365.53,79.74,5.18,132.82,4.01,49.89,84.74,3.64,37.67,18.01,2136.04,183.79,Fuel Injector Clogged,3
103.21,88.8,2.24,48.02,19399.9,457.78,8.63,7.39,131.81,3.86,51.43,86.35,3.36,23.48,18.01,2395.63,180.31,Turbocharger Fouling,1
102.24,82.71,2.82,44.66,16578.7,384.16,20.85,8.14,136.35,3.94,52.71,83.5,3.54,24.4,19.07,2147.84,172.5,Normal,0
94.03,70.9,2.34,42.08,15678.1,367.49,17.59,7.55,135.57,4.01,49.04,82.74,3.28,22.96,17.14,1826.38,170.14,Normal,0
96.6,71.93,2.47,41.91,15679.8,361.89,13.32,7.82,134.62,3.94,50.76,86.22,3.52,30.05,16.68,1821.08,168.68,Normal,0
105.03,86.51,2.87,43.0,17628.9,391.71,20.9,7.23,135.07,4.09,50.89,81.83,3.23,18.39,19.3,2173.96,168.01,Normal,0
101.43,86.23,2.91,45.11,17530.6,394.55,14.62,7.03,137.99,3.78,50.15,84.62,3.48,19.87,19.28,2180.72,168.45,Normal,0
96.88,71.96,2.39,43.75,15624.8,363.27,14.68,7.47,132.39,3.79,47.03,85.69,3.46,19.98,19.0,1779.81,166.07,Normal,0
103.99,82.62,2.57,42.76,16576.5,398.92,12.21,6.98,130.17,3.6,49.34,85.57,3.03,31.29,18.96,2085.69,170.05,Normal,0
106.3,93.33,3.02,44.93,18572.4,408.84,19.8,7.26,136.78,3.94,49.86,82.33,3.42,24.59,19.97,2389.09,171.55,Normal,0
99.93,78.85,2.53,42.26,16152.7,382.95,8.15,7.58,134.02,3.8,49.91,85.78,3.27,26.75,18.52,1945.87,167.51,Normal,0
101.67,81.94,2.64,45.44,16682.9,372.57,17.7,7.46,132.45,4.06,49.49,84.24,3.6,37.0,17.24,2057.27,167.83,Normal,0
98.5,76.97,2.53,44.08,16276.9,379.43,33.86,7.62,136.39,3.93,48.9,85.22,3.44,22.0,18.36,1952.46,169.76,Normal,0
105.32,88.67,2.86,44.53,17750.4,393.1,19.74,7.71,130.08,3.79,52.02,84.8,3.36,19.4,19.39,2312.57,173.19,Normal,0
98.03,75.88,2.54,42.14,16110.4,378.95,16.86,7.08,132.86,3.74,50.72,84.2,3.67,26.83,18.12,1951.78,171.32,Normal,0
86.91,56.46,2.04,91.66,13468.8,363.29,44.3,7.17,129.03,4.1,46.52,82.1,3.06,21.28,15.86,1494.14,176.69,Scavenge Fire Warning,2
105.82,95.32,3.04,45.0,18281.3,397.74,26.71,6.74,135.65,3.81,50.01,85.38,3.75,20.89,20.39,2446.49,169.87,Normal,0
94.35,69.16,1.89,44.01,17911.1,415.94,9.45,7.37,138.93,3.96,49.74,86.25,3.74,26.2,16.98,1807.5,174.5,Turbocharger Fouling,1
92.36,63.24,2.17,43.31,14396.2,362.3,72.47,6.23,133.57,4.04,50.18,84.02,3.33,31.39,17.43,1814.22,186.18,Fuel Injector Clogged,3
102.17,85.44,2.87,46.02,17144.5,384.48,13.18,8.02,133.02,3.9,49.42,84.97,3.56,22.86,19.35,2100.81,166.88,Normal,0
95.37,65.78,2.23,42.54,14566.1,381.43,6.16,7.57,139.46,3.81,48.74,83.79,3.49,35.52,18.09,1691.12,171.34,Normal,0
106.45,93.53,3.01,42.69,18245.3,403.55,14.48,7.98,136.57,3.9,50.3,84.2,2.95,25.25,19.61,2402.9,171.33,Normal,0
99.04,76.38,2.51,45.6,16091.6,371.84,9.84,7.63,140.95,4.02,50.1,83.86,3.38,36.68,19.06,1962.6,169.63,Normal,0
105.77,93.93,3.02,44.11,18238.2,398.09,5.79,7.54,135.4,3.88,48.69,106.07,1.57,27.85,20.05,2362.14,168.57,Cooling System Issue,4
91.15,62.66,1.54,41.35,16434.4,400.21,17.81,7.29,135.57,4.04,46.8,87.46,3.16,32.53,16.91,1702.33,180.28,Turbocharger Fouling,1
97.09,78.7,2.53,44.23,16724.9,377.16,12.1,6.67,138.61,3.99,50.8,86.32,3.35,34.98,17.96,1938.76,167.4,Normal,0
104.26,89.61,2.28,45.62,19848.2,450.5,7.89,7.93,134.63,3.78,49.04,86.33,3.35,28.59,19.75,2455.34,182.56,Turbocharger Fouling,1
102.67,83.53,2.65,97.55,16950.9,377.88,70.15,7.48,135.62,3.8,51.88,87.73,3.62,35.01,18.65,2118.15,168.59,Scavenge Fire Warning,2
94.07,66.37,2.23,42.5,14653.2,349.48,9.13,7.99,128.95,4.27,48.12,85.22,3.26,25.56,17.29,1761.84,175.94,Normal,0
101.75,85.23,2.87,44.23,17218.3,387.39,9.47,7.17,139.34,4.06,49.65,107.93,1.88,25.27,19.56,2070.33,163.89,Cooling System Issue,4
105.44,91.59,2.94,47.45,17823.7,395.61,15.58,8.35,135.98,3.83,50.49,85.92,3.65,33.88,19.68,2354.35,172.24,Normal,0
95.82,70.06,2.43,43.6,15142.3,371.8,7.07,7.41,134.73,4.02,47.02,85.34,3.37,22.83,17.85,1804.08,171.6,Normal,0
100.7,76.28,2.49,42.65,15714.3,370.74,12.85,7.26,137.27,3.75,52.3,83.36,3.31,32.34,19.16,1902.34,166.38,Normal,0
96.45,68.0,2.22,42.0,15020.9,354.27,15.85,7.42,132.05,3.84,48.66,99.07,2.59,19.54,17.8,1734.11,169.22,Cooling System Issue,4
104.19,86.83,2.7,44.57,17448.2,380.81,8.37,7.56,133.62,3.67,49.07,84.8,3.5,30.71,18.84,2256.81,172.22,Normal,0
103.26,85.12,2.89,45.17,17549.3,394.85,73.61,6.01,136.38,3.9,48.66,84.67,3.42,36.84,18.84,2243.36,186.26,Fuel Injector Clogged,3
99.99,83.11,2.64,45.37,16991.5,378.55,14.13,7.32,135.11,3.91,50.1,84.52,3.57,27.13,18.98,2087.63,166.93,Normal,0
102.97,84.67,2.83,44.96,16985.0,382.3,18.59,6.87,136.12,4.02,50.1,102.14,1.62,26.32,20.32,2130.14,168.57,Cooling System Issue,4
100.06,78.46,2.52,43.01,16008.8,375.58,25.66,7.22,135.62,3.85,48.4,84.7,3.3,28.81,17.65,1994.79,169.06,Normal,0
98.9,75.11,2.61,43.37,15619.9,368.93,21.08,7.88,136.58,4.06,48.01,84.83,3.76,32.39,18.25,1912.26,170.35,Normal,0
102.8,84.76,2.95,45.88,16810.5,380.41,19.22,7.19,131.7,3.96,50.87,88.11,2.85,25.18,19.87,2183.0,170.42,Normal,0
97.59,72.54,2.3,42.08,15981.3,363.71,15.29,6.9,138.2,4.28,48.61,85.83,3.28,18.0,18.26,1863.02,170.4,Normal,0
107.57,90.15,2.84,44.51,17832.3,403.9,9.46,7.13,133.79,4.09,48.34,107.6,1.63,28.04,19.49,2226.3,165.73,Cooling System Issue,4
104.83,91.7,3.03,46.23,17834.5,400.07,61.7,5.91,135.14,4.06,49.98,86.94,3.41,26.39,18.68,2489.64,188.7,Fuel Injector Clogged,3
103.44,85.04,2.37,46.12,18805.9,448.55,11.73,7.23,133.5,3.99,49.42,84.6,3.51,28.65,19.99,2298.92,177.82,Turbocharger Fouling,1
100.19,81.19,2.74,44.21,16460.1,393.08,8.7,7.4,134.28,3.74,51.6,84.74,3.6,32.31,18.43,2052.27,169.39,Normal,0
92.99,61.89,1.58,42.33,16276.9,384.47,12.97,7.22,135.57,4.0,48.26,84.04,3.33,23.67,16.31,1705.55,179.82,Turbocharger Fouling,1
94.22,64.04,2.35,41.14,14794.3,362.79,21.35,7.85,136.84,4.28,48.57,84.86,3.23,28.11,17.23,1641.95,169.78,Normal,0
101.44,81.8,2.7,79.16,16718.2,377.56,35.08,7.67,137.25,3.95,49.9,85.83,3.14,23.07,19.63,2019.77,165.87,Scavenge Fire Warning,2
101.12,77.31,2.47,46.16,15844.7,385.57,35.54,8.28,136.08,3.77,48.91,83.95,3.41,27.19,18.59,1963.14,169.04,Normal,0
104.14,92.42,2.97,49.24,18561.1,389.6,11.58,7.37,133.51,3.88,50.6,86.19,3.78,24.89,19.56,2389.35,172.33,Normal,0
104.84,93.02,2.91,46.02,17876.6,387.84,9.02,7.4,135.92,3.68,49.17,86.45,3.29,25.38,19.99,2382.3,170.83,Normal,0
107.45,97.78,3.27,45.75,18592.6,390.75,10.95,7.91,135.6,3.68,50.16,85.35,3.39,29.59,20.36,2520.17,170.6,Normal,0
107.2,94.93,2.52,44.21,20422.7,455.75,26.56,7.64,135.15,3.88,50.68,85.6,3.42,31.79,19.74,2644.33,185.38,Turbocharger Fouling,1
101.82,83.26,2.77,41.84,16999.3,391.4,56.82,5.09,136.34,3.98,50.88,83.97,3.32,18.25,18.95,2249.44,188.42,Fuel Injector Clogged,3
104.04,85.48,2.76,92.72,17081.4,388.9,55.54,7.69,131.81,3.74,49.26,83.61,3.66,35.53,18.63,2137.17,166.98,Scavenge Fire Warning,2
99.48,80.05,2.59,47.93,16235.1,370.44,17.65,7.64,129.93,3.8,49.0,83.83,3.62,25.29,18.01,1997.5,167.26,Normal,0
105.35,96.5,2.95,47.63,18349.2,417.84,18.49,6.87,137.97,3.6,51.88,86.72,3.55,30.87,20.5,2483.23,170.48,Normal,0
102.79,85.28,2.84,46.5,16960.1,391.79,6.83,7.27,134.67,3.84,49.29,86.04,3.57,20.45,18.86,2116.82,166.16,Normal,0
97.67,74.18,2.58,44.3,15774.5,378.95,20.59,7.57,136.04,3.61,49.28,87.28,3.28,29.43,18.03,1911.41,171.61,Normal,0
107.15,95.88,3.01,46.21,18526.9,410.13,13.3,8.01,132.83,3.77,52.03,85.88,3.19,31.57,19.65,2422.6,168.01,Normal,0
104.07,89.55,2.78,41.53,17661.7,378.82,11.94,7.74,138.16,3.85,50.1,85.64,3.28,21.15,19.17,2247.74,168.19,Normal,0
104.59,91.9,3.04,46.5,17978.2,387.58,10.33,7.3,135.88,3.57,49.89,86.08,3.45,36.24,19.44,2327.56,169.69,Normal,0
96.03,70.49,2.24,42.77,15080.6,374.7,9.98,7.25,134.55,3.77,49.0,83.54,3.34,33.15,17.34,1812.68,171.81,Normal,0
99.78,78.78,2.15,43.25,18851.1,410.91,14.02,7.78,135.71,3.88,48.8,86.24,3.5,28.68,18.24,2169.74,177.95,Turbocharger Fouling,1
103.05,87.79,2.79,44.54,17756.0,387.54,9.41,6.65,130.65,3.82,50.4,106.37,2.49,21.32,19.46,2222.2,168.35,Cooling System Issue,4
86.3,51.45,1.75,41.58,12895.6,343.69,20.34,7.22,135.93,3.97,47.39,82.92,3.16,35.31,16.72,1359.18,178.74,Normal,0
96.8,73.1,2.47,42.77,15597.3,361.15,96.32,6.74,138.72,3.95,50.07,85.37,3.62,19.37,18.4,2106.56,193.9,Fuel Injector Clogged,3
104.13,87.01,2.75,44.98,17394.5,385.88,12.37,7.6,135.79,3.6,49.93,86.39,3.31,20.3,19.07,2186.9,167.12,Normal,0
95.33,68.28,2.26,42.62,15280.8,372.66,27.64,7.23,135.47,4.03,49.31,83.13,3.54,31.96,17.11,1739.7,170.48,Normal,0
106.73,89.36,2.93,86.74,17472.9,397.53,68.73,7.08,134.21,3.79,51.75,86.84,3.25,23.08,18.42,2262.59,168.97,Scavenge Fire Warning,2
104.56,90.25,2.73,42.99,18101.0,401.72,12.52,7.79,137.71,3.75,48.61,85.07,3.24,27.19,19.17,2305.13,170.54,Normal,0
102.89,88.14,3.0,44.73,17610.5,398.26,15.6,7.53,138.08,3.57,49.99,81.84,3.23,28.78,18.71,2270.32,172.14,Normal,0
106.87,88.44,2.88,91.04,17561.6,393.8,47.36,7.42,133.92,3.81,50.62,86.7,3.14,27.16,19.43,2279.14,170.48,Scavenge Fire Warning,2
101.38,81.5,2.58,43.56,16953.8,384.48,78.9,5.5,135.9,3.95,49.05,86.87,3.15,19.68,19.74,2260.31,189.47,Fuel Injector Clogged,3
105.41,89.88,2.84,45.41,17474.9,394.38,16.02,7.56,135.58,3.86,51.0,84.25,3.47,32.75,19.3,2322.2,172.82,Normal,0
93.9,64.24,2.28,40.73,14644.8,355.28,10.71,7.53,136.0,3.97,48.35,94.9,1.93,22.8,16.23,1678.32,174.89,Cooling System Issue,4
102.49,83.61,2.79,89.48,17045.5,376.27,39.1,7.04,133.07,3.81,50.05,86.94,3.46,32.77,18.83,2136.56,170.47,Scavenge Fire Warning,2
98.73,74.91,2.61,44.85,15658.5,368.13,16.1,7.14,137.86,3.89,49.25,84.26,3.42,35.31,17.85,1877.89,168.95,Normal,0
93.1,66.83,2.22,41.23,14954.5,360.92,17.45,7.76,136.41,3.77,49.17,86.29,3.56,28.73,18.11,1702.56,169.06,Normal,0
89.61,56.28,2.0,45.17,13597.4,345.1,8.8,7.7,138.01,3.97,48.61,82.1,3.22,32.13,15.22,1452.37,171.71,Normal,0
91.86,64.79,2.25,44.99,14558.9,364.29,11.3,7.63,132.21,3.87,48.88,86.28,3.59,18.74,16.56,1672.69,171.9,Normal,0
91.78,61.78,2.19,42.2,14412.7,358.84,10.9,7.29,132.36,3.78,48.31,106.34,2.03,18.73,17.33,1589.62,174.53,Cooling System Issue,4
101.04,84.03,2.84,43.54,16877.6,387.51,7.65,7.77,140.15,3.98,49.12,86.01,2.91,21.94,18.04,2052.91,165.57,Normal,0
100.58,79.74,2.58,44.68,16526.5,382.48,13.8,7.37,137.87,3.64,49.9,100.43,2.13,25.17,18.92,2013.8,168.83,Cooling System Issue,4
105.91,93.25,3.0,43.29,18126.9,406.12,14.39,7.96,132.96,3.91,50.25,85.29,3.24,21.66,19.46,2384.09,169.74,Normal,0
101.45,81.49,2.63,41.52,16550.9,381.79,23.09,7.24,137.17,3.96,48.97,86.47,3.67,30.7,19.36,2039.74,169.05,Normal,0
104.58,89.9,2.91,44.5,17847.8,400.44,9.66,7.32,133.84,3.76,50.39,83.57,3.45,23.54,19.51,2282.02,168.24,Normal,0
96.68,73.36,2.51,43.67,15624.8,375.84,48.32,5.11,130.75,4.06,48.84,84.31,3.38,34.92,17.87,1978.95,184.98,Fuel Injector Clogged,3
103.85,89.71,2.78,45.32,17389.6,401.17,19.88,7.8,129.75,3.76,51.59,101.55,2.21,29.21,19.88,2265.62,169.29,Cooling System Issue,4
102.08,81.74,2.78,43.62,16321.0,395.09,16.08,7.49,134.95,3.78,52.17,83.88,3.31,25.56,18.78,2032.75,165.69,Normal,0
98.89,73.83,2.38,45.82,15901.9,376.9,26.56,7.51,138.9,3.72,50.71,86.51,3.7,35.86,17.27,1868.6,170.49,Normal,0
102.84,89.86,2.89,95.19,17463.9,393.15,51.36,7.36,138.8,3.84,51.38,86.92,3.3,34.57,19.22,2246.59,169.5,Scavenge Fire Warning,2
96.61,75.74,2.62,42.35,16029.1,375.45,12.65,7.59,138.15,3.75,50.22,85.32,3.48,34.4,17.22,1903.85,165.98,Normal,0
103.01,89.0,2.92,45.85,17637.4,387.49,10.66,7.48,137.08,3.73,49.8,86.08,3.25,32.57,18.94,2241.92,167.98,Normal,0
96.74,69.11,2.36,41.79,15057.4,362.35,9.01,7.23,135.79,3.91,47.21,84.12,3.4,30.28,16.28,1761.39,170.96,Normal,0
108.22,96.6,3.01,43.93,19005.5,407.97,13.4,7.54,137.88,3.81,49.32,86.57,3.18,25.34,21.58,2476.81,171.53,Normal,0
92.34,64.78,2.13,43.37,14636.9,353.26,11.17,7.55,129.97,4.13,48.24,83.87,3.44,26.45,17.14,1668.37,172.89,Normal,0
96.16,69.79,2.43,42.0,15389.6,380.15,13.03,8.32,137.47,4.06,50.35,84.56,3.41,30.94,17.95,1748.88,167.57,Normal,0
99.68,73.53,2.41,43.68,15753.5,370.69,23.47,7.29,132.2,3.99,49.56,84.35,3.5,21.46,17.48,1851.95,168.07,Normal,0
85.99,49.61,1.75,40.92,12650.1,364.91,14.78,7.21,132.72,3.98,47.57,85.71,3.48,34.56,16.03,1362.47,181.71,Normal,0
106.6,91.63,3.04,44.04,17949.0,388.99,7.31,7.6,136.74,3.77,48.28,87.11,3.41,36.77,20.17,2387.6,174.48,Normal,0
97.98,71.96,2.33,40.6,15816.4,371.96,8.8,7.15,137.32,3.91,51.56,83.67,3.77,19.96,18.4,1792.38,167.51,Normal,0
88.33,56.76,2.01,42.75,13834.1,348.13,12.4,7.12,133.48,3.89,49.09,85.88,3.4,18.45,16.34,1501.9,177.36,Normal,0
93.19,64.71,2.22,41.31,15018.7,354.55,11.05,7.0,136.62,3.84,49.82,83.63,3.41,20.85,17.76,1710.93,172.45,Normal,0
98.3,75.32,2.51,43.77,15963.6,382.66,22.02,7.23,136.41,3.89,48.85,87.24,3.38,33.2,17.79,1943.59,171.82,Normal,0
104.1,89.22,2.86,44.37,17459.5,382.68,56.61,5.59,134.22,3.71,49.88,87.45,3.44,20.16,19.7,2534.99,194.03,Fuel Injector Clogged,3
104.93,88.86,2.84,44.8,17511.0,385.67,10.44,7.05,135.38,3.72,49.65,88.19,3.35,25.44,19.47,2238.91,168.25,Normal,0
96.88,71.1,2.3,92.25,15125.7,373.56,72.03,7.41,140.2,4.06,49.26,85.2,3.33,19.26,17.05,1807.91,167.09,Scavenge Fire Warning,2
95.8,77.79,2.62,44.51,16393.0,383.2,12.94,6.67,134.3,3.68,51.35,84.78,3.54,26.65,17.29,1941.12,165.24,Normal,0
102.77,90.19,2.87,86.56,17644.9,381.6,57.57,7.67,134.38,3.68,48.85,85.24,3.39,30.08,19.39,2284.65,170.03,Scavenge Fire Warning,2
101.0,88.33,2.95,46.93,16868.7,395.06,11.65,7.31,135.38,4.04,49.93,99.87,2.01,30.57,19.21,2268.84,171.07,Cooling System Issue,4
101.97,83.64,2.72,41.92,17497.1,385.58,15.74,7.36,134.54,3.81,50.12,84.13,3.06,28.38,18.78,2133.14,170.49,Normal,0
102.5,84.76,2.69,44.44,16969.7,378.61,10.58,7.71,136.98,4.07,49.7,82.5,3.67,36.76,19.68,2139.85,167.82,Normal,0
101.5,82.18,2.68,45.83,16645.4,376.41,16.21,7.63,138.67,3.7,50.69,84.81,3.56,28.62,19.63,2087.81,168.16,Normal,0
99.91,81.92,2.18,45.27,19823.2,419.68,18.83,7.28,134.38,3.88,47.95,85.33,3.39,35.18,19.18,2268.47,180.47,Turbocharger Fouling,1
106.06,92.55,3.07,43.94,17803.3,409.43,16.73,7.66,132.86,3.95,52.05,86.37,3.39,37.86,20.14,2349.34,168.84,Normal,0
107.7,96.8,3.08,44.53,18850.7,409.13,13.52,8.04,139.94,3.68,48.99,86.35,3.52,22.59,20.15,2417.0,167.29,Normal,0
101.57,86.93,2.81,93.2,17237.0,378.35,43.43,7.15,135.3,4.1,48.78,85.65,3.22,23.31,19.36,2251.35,171.03,Scavenge Fire Warning,2
95.6,73.26,2.56,44.76,15366.2,377.97,10.35,7.76,130.74,3.85,48.85,101.05,2.17,28.44,18.22,1842.62,166.36,Cooling System Issue,4
101.28,82.47,2.75,43.49,17183.7,378.49,9.74,7.11,139.66,3.95,49.06,97.65,1.99,21.65,18.92,2042.28,167.51,Cooling System Issue,4
98.32,70.6,2.51,44.03,15528.4,375.57,57.13,6.19,137.82,3.82,49.6,84.02,3.03,29.28,18.06,1979.19,187.63,Fuel Injector Clogged,3
99.91,74.42,2.58,44.35,16005.1,369.06,10.94,7.25,139.0,4.13,49.66,87.51,3.46,31.69,18.1,1850.16,167.54,Normal,0
103.13,85.37,2.72,48.38,17251.9,383.8,9.9,7.24,138.59,3.9,49.96,81.59,3.16,19.21,18.81,2183.56,170.59,Normal,0
101.11,84.2,2.33,45.21,19607.2,426.92,11.99,7.9,141.61,4.18,48.37,86.71,3.59,31.63,19.16,2333.1,185.51,Turbocharger Fouling,1
107.0,94.37,3.16,44.33,18025.5,392.71,12.29,7.75,132.41,4.0,50.11,86.45,3.64,21.19,19.82,2411.07,169.48,Normal,0
104.91,93.1,3.13,43.26,18161.8,407.57,14.03,7.26,133.01,3.95,50.21,85.72,3.67,23.99,20.72,2382.06,170.84,Normal,0
105.81,96.51,3.18,45.31,18359.0,407.82,8.47,7.54,133.77,3.67,51.58,86.94,3.34,32.78,19.91,2487.03,172.1,Normal,0
95.51,74.9,2.57,43.81,15556.8,374.5,11.96,7.25,133.7,3.91,49.57,97.31,2.33,21.27,19.83,1903.13,169.02,Cooling System Issue,4
102.27,84.61,2.75,41.45,17167.3,393.97,11.17,6.94,135.31,3.81,50.19,83.63,3.04,28.63,20.02,2168.29,167.11,Normal,0
104.85,93.51,2.95,44.41,18443.4,383.87,16.16,7.57,133.78,3.83,52.17,84.57,3.52,29.78,19.2,2353.85,169.44,Normal,0
104.95,91.46,2.93,78.85,17847.9,384.49,64.75,7.38,132.03,3.86,48.96,85.08,3.13,21.29,20.44,2286.38,168.72,Scavenge Fire Warning,2
100.46,87.3,2.71,44.19,17366.2,392.92,12.97,7.17,132.81,3.72,49.54,100.16,2.05,23.5,19.22,2190.37,167.88,Cooling System Issue,4
96.74,71.42,2.51,45.17,15177.1,375.16,76.95,6.5,134.27,3.89,48.08,84.85,3.35,30.13,18.12,1960.54,188.73,Fuel Injector Clogged,3
100.53,87.88,2.84,42.69,17486.7,392.09,12.37,7.18,137.86,3.83,51.56,86.28,3.2,27.22,20.29,2149.76,163.92,Normal,0
98.19,72.18,2.52,44.79,15690.2,355.17,19.74,7.55,133.56,3.76,50.92,86.29,3.23,31.2,17.39,1830.7,169.09,Normal,0
104.88,89.96,2.82,46.57,17918.6,383.95,19.55,7.88,137.02,3.96,51.58,85.69,3.41,35.09,19.27,2261.27,168.88,Normal,0
98.65,77.0,2.64,45.59,16244.7,379.58,53.64,5.57,131.7,3.93,50.01,84.18,3.56,20.7,18.77,2117.53,184.1,Fuel Injector Clogged,3
92.02,60.5,2.05,84.48,13926.6,375.04,56.59,7.24,127.0,4.08,49.1,84.69,3.5,19.41,16.53,1573.66,173.89,Scavenge Fire Warning,2
102.77,89.14,2.79,45.6,17499.9,401.17,77.12,6.01,134.67,3.92,49.55,85.47,3.43,31.33,18.13,2552.53,186.46,Fuel Injector Clogged,3
95.09,68.07,2.44,42.44,15183.4,377.7,68.97,6.34,133.47,3.67,49.83,85.66,3.61,33.41,18.04,1947.71,187.51,Fuel Injector Clogged,3
107.74,96.67,3.2,43.62,18762.4,403.56,20.32,7.81,132.8,3.69,49.07,85.81,3.42,26.99,20.41,2494.54,172.19,Normal,0
94.9,76.12,2.55,93.46,15977.1,377.81,54.09,8.15,132.5,4.14,48.14,86.11,3.31,25.88,18.22,1895.4,167.06,Scavenge Fire Warning,2
100.07,80.84,2.11,43.11,19006.4,418.65,17.1,7.34,133.23,3.99,49.22,84.92,3.26,29.94,18.75,2119.91,175.39,Turbocharger Fouling,1
104.94,91.8,3.01,46.72,18231.6,402.36,12.66,7.57,132.53,3.59,52.02,87.22,3.5,29.03,21.06,2396.0,174.01,Normal,0
96.02,70.79,2.4,44.43,15270.1,367.91,26.87,7.06,132.76,3.99,48.67,85.04,3.2,27.8,18.33,1801.39,168.28,Normal,0
93.8,61.92,2.07,41.22,14403.8,362.94,20.52,7.73,131.6,3.83,48.41,83.76,3.46,34.37,16.37,1588.59,173.44,Normal,0
101.85,87.24,2.81,43.89,17375.2,389.3,7.85,7.56,129.68,3.54,50.21,85.09,3.32,21.47,19.36,2277.13,173.98,Normal,0
102.27,86.78,2.99,44.37,17116.8,390.71,8.97,7.44,129.48,4.1,50.8,86.34,3.25,31.62,19.96,2187.48,167.86,Normal,0
87.56,57.59,1.83,42.5,15445.8,389.59,15.84,7.28,141.15,3.98,49.84,82.78,3.25,32.83,17.17,1652.62,191.19,Turbocharger Fouling,1
102.69,81.49,2.81,46.03,16712.8,383.66,18.74,7.38,134.84,3.91,48.55,85.1,3.57,36.03,17.84,2114.33,172.69,Normal,0
96.18,71.28,2.43,44.74,15253.3,377.1,8.27,7.58,138.81,3.73,49.11,86.13,3.25,36.9,17.47,1753.42,165.84,Normal,0
101.09,83.3,2.71,44.74,16606.7,374.0,17.4,7.16,134.56,3.69,49.97,85.95,3.35,28.16,18.23,2136.98,170.83,Normal,0
105.37,93.03,2.37,45.05,20973.3,444.06,13.65,7.39,134.64,3.59,50.51,84.34,3.32,26.67,20.22,2546.77,179.35,Turbocharger Fouling,1
103.16,85.24,2.73,42.16,17073.1,389.96,14.72,7.51,135.77,4.07,50.7,85.78,3.59,28.08,18.55,2148.64,167.4,Normal,0
105.18,91.28,2.91,47.24,18334.1,405.63,9.44,6.96,136.6,3.59,50.93,84.04,3.68,32.65,20.6,2325.35,170.01,Normal,0
102.44,77.64,2.75,43.54,16075.8,390.59,24.04,7.13,131.88,4.13,49.52,85.33,3.56,18.34,19.15,1940.88,167.36,Normal,0
94.25,65.32,2.37,45.56,14983.9,351.86,14.46,7.27,134.05,3.79,50.09,86.27,3.33,21.48,17.06,1723.72,174.38,Normal,0
98.94,78.2,2.65,44.55,16246.0,374.52,11.18,8.05,135.76,3.7,50.49,85.22,3.46,36.15,17.67,1952.52,168.02,Normal,0
103.15,88.84,2.81,96.97,17344.6,379.21,43.25,7.21,130.17,3.84,50.89,84.2,3.24,21.91,18.97,2252.24,170.57,Scavenge Fire Warning,2
98.99,78.11,2.66,45.16,16160.2,373.24,11.32,7.48,138.24,3.78,48.99,84.9,3.44,22.57,18.69,1938.1,167.0,Normal,0
96.2,74.73,2.47,41.83,15559.2,382.39,14.28,7.14,137.66,3.92,50.08,85.22,3.08,36.79,18.61,1899.57,169.0,Normal,0
84.59,47.97,1.57,40.92,12308.4,339.86,13.1,7.23,129.75,3.88,49.36,85.23,3.44,23.89,15.53,1303.3,182.62,Normal,0
97.75,72.02,2.44,43.51,15307.3,367.03,7.91,7.0,132.8,3.86,48.73,100.07,2.58,23.81,16.3,1792.81,166.12,Cooling System Issue,4
92.14,63.6,2.11,41.78,14031.4,363.86,7.54,7.73,135.26,3.83,48.99,83.24,3.48,36.47,17.45,1686.99,174.65,Normal,0
105.53,95.88,3.02,45.1,18817.9,393.49,17.19,7.04,137.1,3.95,51.88,85.45,3.4,25.5,18.9,2462.95,172.48,Normal,0
107.96,94.92,3.04,43.54,18411.1,411.39,15.1,7.82,138.82,3.9,50.67,86.27,3.55,27.88,18.75,2435.88,172.88,Normal,0
101.94,88.4,2.84,45.08,17399.1,390.56,23.34,7.66,133.41,3.88,49.89,84.81,3.26,29.21,20.0,2234.86,167.6,Normal,0
94.95,73.42,2.45,44.23,15726.9,368.57,8.18,7.47,140.85,4.06,50.77,85.54,3.54,35.37,17.26,1871.03,171.02,Normal,0
103.14,90.66,2.93,43.75,17648.2,398.01,12.53,7.83,134.88,3.88,49.61,84.01,3.49,19.55,19.76,2302.85,170.64,Normal,0
103.31,92.3,2.83,48.29,17450.1,402.89,12.7,8.59,134.44,3.86,48.46,86.01,3.6,23.22,19.82,2359.98,170.57,Normal,0
99.65,77.45,2.09,44.29,18298.5,424.97,6.11,7.67,136.4,3.87,48.71,86.33,3.61,29.74,17.87,2062.2,179.63,Turbocharger Fouling,1
99.18,78.46,2.52,43.05,16348.9,376.39,12.12,7.11,135.78,3.78,50.67,85.2,3.23,26.69,18.58,1956.78,167.38,Normal,0
98.75,77.05,2.48,41.72,16001.7,385.0,15.91,8.02,135.64,3.78,49.99,99.8,2.19,23.57,17.99,1981.53,170.72,Cooling System Issue,4
100.23,76.67,2.52,44.22,15658.4,376.65,19.53,7.57,139.99,3.92,49.52,86.08,3.19,26.19,18.31,1907.09,166.84,Normal,0
94.78,69.39,2.33,43.16,14845.0,361.85,54.67,6.68,135.62,4.08,50.18,84.24,3.61,37.32,17.36,1999.65,182.7,Fuel Injector Clogged,3
101.78,81.43,2.8,92.84,17042.7,375.57,61.83,7.32,132.54,3.96,49.83,86.0,3.25,18.42,18.43,2001.54,166.16,Scavenge Fire Warning,2
100.76,76.91,2.58,77.8,16444.3,367.36,32.99,7.95,132.9,3.98,49.24,85.04,3.33,20.94,17.91,1876.49,165.85,Scavenge Fire Warning,2
102.09,85.83,2.85,43.08,17394.8,381.36,10.95,7.5,138.68,3.69,50.7,84.34,3.44,18.37,18.62,2161.11,167.58,Normal,0
102.82,84.07,2.78,47.23,16763.6,394.02,13.62,8.43,136.71,3.94,49.4,86.45,3.53,29.87,19.5,2097.87,167.93,Normal,0
98.64,76.86,2.57,44.8,16439.6,381.73,12.57,7.4,131.11,3.83,49.95,86.76,3.47,18.26,18.03,1948.98,169.25,Normal,0
100.36,77.62,2.6,43.83,16301.4,367.09,7.27,8.55,130.99,3.92,48.7,86.49,3.54,27.08,17.69,1970.93,166.8,Normal,0
101.04,86.55,2.67,45.17,17462.9,374.22,57.4,5.41,135.06,3.94,48.84,86.54,3.4,35.18,18.98,2432.33,190.06,Fuel Injector Clogged,3
94.36,70.98,2.37,44.39,15470.2,359.82,9.13,7.8,136.54,3.74,48.33,85.45,3.44,19.94,17.43,1795.21,168.58,Normal,0
104.83,92.68,3.09,43.27,17753.0,389.63,14.34,8.1,133.3,3.85,50.14,86.14,3.08,25.3,19.57,2361.57,169.42,Normal,0
102.08,87.12,3.15,45.21,17126.3,386.47,79.24,5.37,130.8,3.89,49.27,85.37,3.58,25.56,19.7,2483.59,182.23,Fuel Injector Clogged,3
103.01,88.36,2.78,44.39,17432.6,399.83,10.25,7.84,132.19,4.0,49.36,84.74,3.35,25.25,19.02,2197.8,167.96,Normal,0
106.52,96.67,3.14,46.49,18725.3,396.46,15.06,7.4,139.11,3.74,50.2,83.39,3.32,32.55,19.96,2547.42,175.82,Normal,0
103.1,84.83,2.01,43.68,18709.9,439.08,14.7,7.55,136.24,3.85,49.75,83.51,3.75,18.09,19.44,2313.18,181.2,Turbocharger Fouling,1
100.21,81.06,2.83,43.58,16593.4,367.88,9.64,7.53,137.5,3.9,48.1,85.26,2.91,33.6,18.97,2014.17,165.28,Normal,0
92.71,65.3,2.12,45.72,14623.6,358.84,13.25,7.7,137.91,3.86,46.42,83.08,3.42,34.78,16.79,1693.03,171.0,Normal,0
101.81,84.83,2.83,46.63,17277.9,392.32,14.66,7.69,133.43,3.78,50.22,85.89,3.0,26.63,19.64,2116.26,167.06,Normal,0
103.41,90.16,2.81,40.27,17918.0,399.47,9.3,7.3,134.07,3.75,50.2,87.7,3.46,35.74,20.11,2229.73,166.26,Normal,0
99.95,81.97,2.07,46.29,18797.3,431.08,10.67,7.54,134.58,3.85,48.32,81.41,3.27,25.62,19.29,2244.01,179.26,Turbocharger Fouling,1
98.24,79.79,2.21,44.27,19646.6,445.15,11.43,6.68,136.04,4.14,50.03,84.02,2.87,31.89,18.76,2121.47,177.72,Turbocharger Fouling,1
97.74,73.92,2.56,42.85,15484.3,378.9,15.85,7.85,137.72,3.89,49.76,87.58,3.6,25.78,17.92,1865.28,167.1,Normal,0
105.75,95.71,2.99,44.15,18704.5,394.19,16.99,8.09,139.67,3.89,50.0,86.83,3.17,18.76,19.45,2498.9,173.13,Normal,0
104.86,88.52,2.93,43.66,17444.3,393.17,15.05,7.57,137.04,3.85,51.94,85.41,3.57,19.67,18.58,2287.73,170.84,Normal,0
99.72,82.91,2.72,43.61,16899.6,389.26,7.63,6.94,137.05,3.82,51.0,84.68,3.22,26.84,18.83,2094.96,168.1,Normal,0
93.91,67.12,2.3,41.68,14940.2,359.02,70.16,5.82,139.82,3.93,48.62,85.39,3.32,37.8,17.39,1898.87,193.25,Fuel Injector Clogged,3
107.19,91.94,3.05,76.61,18035.9,408.48,60.5,7.23,134.49,3.95,49.76,86.85,2.99,21.55,19.58,2361.93,170.73,Scavenge Fire Warning,2
97.68,76.58,2.44,42.57,16220.5,369.04,16.45,7.56,137.97,3.89,47.99,83.54,3.48,35.91,18.21,1948.44,170.47,Normal,0
94.04,66.61,2.33,43.81,14912.7,364.42,12.85,7.74,136.45,3.91,50.22,99.6,2.09,36.39,18.15,1697.83,168.34,Cooling System Issue,4
101.44,86.49,2.78,44.99,17484.0,378.12,11.75,7.69,136.54,3.82,50.14,85.94,3.33,26.19,20.19,2183.09,168.93,Normal,0
98.41,79.45,2.71,45.19,16533.4,380.14,18.33,7.88,134.46,3.73,50.4,86.3,3.38,27.24,17.88,2023.59,168.41,Normal,0
104.55,85.98,2.83,44.78,16969.1,378.94,6.67,7.55,131.51,4.01,47.74,101.11,1.58,28.06,19.34,2155.65,166.22,Cooling System Issue,4
102.98,86.17,2.8,42.93,17331.0,385.36,10.67,7.56,135.86,3.79,50.66,85.82,3.52,33.41,19.22,2118.43,166.45,Normal,0
102.89,86.06,2.76,86.19,17134.0,374.89,71.25,7.76,135.87,4.08,49.36,85.98,3.3,20.47,19.58,2147.14,165.38,Scavenge Fire Warning,2
101.08,87.05,2.9,43.46,17137.0,395.21,21.09,7.48,133.56,3.89,50.5,86.1,3.81,24.57,20.31,2208.04,168.84,Normal,0
107.24,96.74,3.21,46.71,18528.7,403.78,8.11,7.26,134.76,4.02,50.87,85.44,3.31,21.41,21.5,2506.07,171.32,Normal,0
105.09,88.52,2.84,43.33,17604.8,399.34,84.9,5.8,132.8,3.82,49.96,86.32,3.33,35.57,19.84,2399.11,189.55,Fuel Injector Clogged,3
102.89,83.03,2.63,78.05,16933.1,381.0,69.55,7.1,132.82,3.76,49.04,85.01,3.16,19.41,18.91,2125.93,170.57,Scavenge Fire Warning,2
105.6,91.38,2.42,44.77,21281.5,449.08,11.81,7.47,133.8,3.99,50.51,85.66,3.11,32.95,19.46,2507.85,185.3,Turbocharger Fouling,1
97.72,77.21,2.45,45.19,16438.6,376.82,14.04,7.02,131.68,3.81,48.64,86.97,3.56,26.79,19.83,1910.97,166.67,Normal,0
101.5,82.08,2.59,44.83,16834.2,383.51,7.76,7.31,133.54,4.06,50.74,85.24,3.59,32.29,18.34,2071.73,168.47,Normal,0
107.08,95.29,2.98,45.65,18524.6,416.02,79.3,5.27,136.78,3.91,49.57,86.31,3.3,35.8,20.55,2631.94,189.33,Fuel Injector Clogged,3
94.81,72.36,2.39,46.62,15566.2,366.57,12.95,7.16,138.64,4.13,49.28,84.68,3.42,24.79,17.72,1799.1,165.75,Normal,0
92.52,65.65,2.13,40.5,14874.5,371.88,11.43,7.89,140.19,3.79,48.21,84.19,3.62,22.54,16.43,1704.0,171.64,Normal,0
98.13,72.58,2.28,42.25,15680.2,374.57,16.58,7.86,134.0,4.05,49.43,87.22,3.45,31.0,18.92,1873.5,172.1,Normal,0
102.25,82.26,2.61,42.96,16771.0,378.25,13.56,7.96,138.0,3.76,48.67,83.53,3.49,37.95,17.77,2107.08,170.9,Normal,0
98.13,79.36,2.67,41.69,16893.6,368.68,15.04,7.43,135.84,3.52,48.76,85.24,3.42,32.59,17.25,2011.05,168.21,Normal,0
101.75,81.31,2.57,43.43,16543.0,373.37,82.75,5.97,134.41,4.01,51.95,83.81,3.28,33.91,19.14,2119.21,183.58,Fuel Injector Clogged,3
98.53,75.68,2.49,45.09,16279.4,383.64,10.61,7.78,136.01,3.9,50.25,105.33,2.39,30.6,18.01,1928.55,169.41,Cooling System Issue,4
102.88,84.11,2.91,43.84,16715.3,399.01,15.74,7.54,137.76,4.01,50.15,85.29,3.74,25.36,19.25,2095.65,168.79,Normal,0
100.92,83.45,2.73,44.18,17109.7,385.04,19.27,7.54,133.75,3.88,50.27,84.78,3.31,31.09,18.92,2100.35,167.9,Normal,0
104.61,88.87,2.92,42.53,17924.2,392.23,20.74,6.61,133.7,3.85,50.3,83.35,3.56,20.57,19.8,2292.18,172.9,Normal,0
105.74,91.17,2.26,44.1,19914.4,449.54,11.15,7.76,133.98,4.06,50.01,87.54,3.43,27.78,19.48,2427.01,177.38,Turbocharger Fouling,1
100.11,80.66,2.4,43.76,19355.1,442.08,8.44,7.72,133.43,3.9,50.39,83.63,3.29,29.46,19.2,2254.41,180.85,Turbocharger Fouling,1
94.66,67.28,2.24,44.35,15067.3,372.9,15.66,7.5,138.0,3.86,48.2,104.0,2.74,36.13,17.95,1739.64,170.71,Cooling System Issue,4
103.76,90.7,2.92,42.74,17892.3,395.7,9.75,7.79,133.09,3.82,51.68,86.75,3.54,36.39,20.55,2307.57,170.01,Normal,0
102.25,80.02,2.75,43.72,16585.6,381.11,11.27,7.71,133.53,3.9,49.72,87.81,3.5,19.2,19.36,2012.53,164.7,Normal,0
93.41,65.0,1.76,44.83,17054.8,397.53,16.87,7.26,135.78,3.51,49.73,83.94,3.71,30.64,17.11,1792.43,183.46,Turbocharger Fouling,1
104.41,93.26,3.02,44.79,17916.8,389.01,11.63,7.42,135.58,3.9,51.77,84.7,3.73,33.93,20.28,2408.09,172.31,Normal,0
100.36,82.33,2.68,41.41,17312.7,357.64,8.0,7.15,133.98,4.07,50.2,84.78,3.41,28.73,19.07,2052.15,168.46,Normal,0
105.58,93.02,2.98,47.36,18016.8,406.15,11.87,8.01,139.21,3.82,49.38,85.01,3.38,19.91,20.09,2407.0,172.61,Normal,0
102.67,83.67,2.77,45.8,17054.4,383.42,16.5,7.84,133.42,3.8,50.98,83.09,3.14,22.65,18.15,2112.01,169.03,Normal,0
86.5,54.29,1.96,43.65,13144.0,344.66,16.63,7.22,134.57,4.04,50.14,86.13,3.68,24.27,16.61,1420.79,175.32,Normal,0
96.5,66.53,2.21,40.71,14315.8,347.55,23.57,7.72,130.18,4.2,47.05,97.12,2.28,31.26,17.69,1690.59,168.78,Cooling System Issue,4
102.37,84.24,2.7,47.01,16826.4,380.18,11.83,7.6,134.24,3.93,49.69,85.18,3.29,19.31,20.09,2115.26,168.15,Normal,0
100.86,80.09,2.59,43.25,16193.0,373.94,12.05,7.26,131.69,3.91,49.9,85.96,3.23,28.99,19.31,1997.48,164.62,Normal,0
103.62,88.62,2.77,44.33,17817.2,384.41,14.83,7.54,132.71,3.79,49.72,87.21,3.23,20.18,19.51,2269.82,171.36,Normal,0
100.96,81.64,2.04,43.48,18429.1,443.69,8.6,7.8,130.11,3.71,48.43,83.87,3.72,25.9,18.69,2125.11,181.27,Turbocharger Fouling,1
101.44,83.29,2.76,46.08,16798.7,385.1,19.77,7.83,132.77,3.87,48.87,85.76,3.56,26.51,18.31,2114.23,168.44,Normal,0
107.49,95.28,3.14,45.35,18175.8,388.21,16.5,8.32,134.81,3.83,48.44,84.35,3.13,27.04,21.14,2422.63,169.54,Normal,0
97.86,74.41,2.55,44.68,15821.6,362.63,12.65,7.53,134.39,3.61,50.3,85.38,3.14,32.22,17.43,1907.57,169.76,Normal,0
95.44,67.04,2.09,43.48,14722.5,353.4,13.54,7.42,133.96,3.82,50.39,85.03,3.42,19.62,16.25,1714.47,170.23,Normal,0
104.48,91.9,2.95,45.21,18205.8,409.36,17.28,7.7,134.19,4.01,51.5,85.11,3.22,23.36,20.27,2315.32,169.47,Normal,0
96.53,70.89,2.3,42.25,15427.6,380.55,27.63,7.44,133.74,3.88,49.16,85.12,3.35,30.82,17.79,1834.21,172.07,Normal,0
87.31,54.6,1.94,45.09,13199.1,341.43,12.94,7.3,134.91,3.61,48.73,84.49,3.68,36.87,16.35,1462.99,180.3,Normal,0
101.02,78.35,2.06,42.07,18193.2,426.88,10.14,7.18,134.72,4.13,50.6,85.04,3.59,30.42,18.56,2105.46,181.22,Turbocharger Fouling,1
99.37,80.27,2.7,45.04,16536.0,381.37,11.57,6.3,135.69,3.75,49.38,84.97,3.09,35.67,17.99,2018.99,168.42,Normal,0
104.34,91.19,2.95,45.86,17903.9,394.37,18.23,7.76,134.5,3.76,49.15,84.01,3.22,37.37,19.88,2306.58,168.85,Normal,0
97.62,74.72,2.34,45.71,15517.8,375.93,14.13,6.93,133.92,4.06,48.79,102.89,1.85,35.68,17.9,1881.73,167.84,Cooling System Issue,4
89.77,58.24,1.95,98.12,13764.5,358.73,63.25,7.19,136.95,3.86,48.8,83.59,3.6,37.44,16.26,1534.87,174.43,Scavenge Fire Warning,2
107.39,95.94,3.09,45.47,18563.6,403.54,7.62,7.6,136.51,3.52,49.6,84.63,3.25,33.54,20.97,2475.64,172.6,Normal,0
93.74,66.19,2.26,44.09,15066.8,353.8,12.25,7.39,134.92,3.97,49.45,83.96,3.47,35.74,17.76,1653.86,170.8,Normal,0
104.62,86.61,2.71,47.58,17161.1,390.62,17.93,8.25,137.99,3.97,48.54,102.89,2.37,27.83,17.85,2176.62,168.64,Cooling System Issue,4
104.29,92.62,2.87,45.31,18578.5,402.6,7.68,6.97,135.21,3.76,49.93,85.81,3.72,24.91,19.93,2412.0,173.47,Normal,0
101.85,83.38,2.74,43.07,17044.9,378.43,7.22,8.28,134.6,3.85,50.16,86.01,3.51,37.99,19.56,2149.63,170.46,Normal,0
101.48,85.27,2.68,44.25,16824.7,388.99,17.67,7.98,134.83,3.68,49.97,85.6,3.37,19.96,18.35,2138.69,166.85,Normal,0
104.41,89.04,2.76,82.7,17443.9,386.88,43.49,7.82,135.41,3.69,49.27,85.7,3.13,37.16,18.94,2283.02,169.82,Scavenge Fire Warning,2
100.51,80.66,2.62,45.01,16894.8,396.79,15.77,8.0,132.71,3.83,50.36,85.87,3.21,26.62,19.26,2016.24,166.46,Normal,0
105.89,94.75,3.01,78.96,18617.9,387.83,44.27,7.64,130.32,3.92,50.53,84.69,2.95,18.45,19.73,2454.64,172.47,Scavenge Fire Warning,2
107.16,93.84,2.96,45.33,18233.5,406.54,11.14,6.9,135.7,3.84,48.13,84.75,3.45,34.06,18.73,2455.76,174.73,Normal,0
100.41,82.26,2.65,93.71,16815.6,369.46,46.2,7.68,137.09,4.02,50.16,84.84,3.52,26.88,19.53,2080.88,167.36,Scavenge Fire Warning,2
107.08,95.56,3.08,47.18,18189.2,413.8,8.6,6.98,132.5,4.07,49.88,84.99,3.53,33.97,19.97,2507.63,173.21,Normal,0
102.2,87.07,2.78,42.3,17674.0,379.7,8.29,7.32,137.68,3.98,49.39,83.38,3.29,18.9,19.5,2231.54,171.98,Normal,0
98.81,76.28,2.54,41.78,15817.1,376.86,71.79,5.13,130.88,3.66,48.6,85.74,3.63,37.48,18.22,2142.51,180.79,Fuel Injector Clogged,3
98.04,78.13,2.56,43.98,16452.6,364.63,7.4,7.18,133.6,3.84,48.51,83.93,3.69,31.42,19.1,1963.29,169.04,Normal,0
97.79,76.07,2.54,44.46,16306.5,364.29,9.57,7.83,139.27,4.03,49.63,87.22,3.28,18.96,17.57,1983.87,171.66,Normal,0
105.17,92.61,2.35,46.04,19865.7,455.83,17.22,7.43,135.89,3.81,50.71,85.9,3.61,18.09,20.2,2441.07,177.53,Turbocharger Fouling,1
101.92,78.78,2.67,44.2,16560.6,386.7,14.87,7.64,134.24,3.64,49.7,83.35,3.43,29.88,19.28,1960.76,165.95,Normal,0
102.69,85.66,2.9,47.49,17614.1,388.99,16.85,7.5,135.63,3.77,50.8,86.23,3.31,37.53,18.33,2115.77,165.99,Normal,0
91.55,57.04,2.06,42.66,13688.5,357.22,14.58,7.54,137.99,3.63,49.15,84.32,3.62,28.48,15.97,1514.53,177.42,Normal,0
103.67,87.76,2.88,46.57,17431.6,398.06,5.66,7.19,131.39,3.81,47.94,85.86,3.18,25.08,20.32,2195.67,166.88,Normal,0
102.06,85.54,2.76,46.02,17177.7,381.45,8.0,7.09,138.29,3.76,48.93,84.82,3.13,36.78,19.77,2159.75,169.58,Normal,0
96.88,68.13,2.28,41.51,14852.3,353.97,9.58,7.45,133.77,3.87,50.25,101.58,2.15,37.68,16.98,1768.43,172.83,Cooling System Issue,4
104.5,89.24,2.83,44.88,17487.0,391.44,21.93,7.16,136.77,4.02,48.75,83.82,3.36,33.69,18.75,2235.48,167.96,Normal,0
100.73,83.01,2.72,47.83,16973.9,379.15,81.3,5.5,133.46,3.67,47.0,83.78,3.1,32.36,19.06,2356.63,180.97,Fuel Injector Clogged,3
102.68,84.52,2.82,44.01,17028.9,388.76,20.55,7.02,139.21,3.75,51.63,83.74,3.49,18.04,19.23,2135.99,169.65,Normal,0
97.35,74.03,2.41,42.91,15825.3,376.92,19.68,8.32,134.92,3.73,49.63,84.53,3.26,24.27,18.0,1874.82,168.63,Normal,0
98.77,82.16,2.7,44.83,16442.7,377.25,17.39,7.61,131.68,4.03,49.01,85.22,3.16,36.5,20.21,2010.25,163.34,Normal,0
91.37,58.34,1.98,41.96,13772.1,358.56,8.41,7.52,136.18,4.14,47.78,82.48,3.52,25.36,16.93,1563.08,178.1,Normal,0
96.11,67.63,2.31,42.22,15180.9,369.78,12.11,7.31,138.25,3.98,49.67,85.79,3.32,24.69,16.92,1741.33,171.4,Normal,0
108.5,95.33,3.03,44.9,18169.6,404.94,10.48,7.73,137.97,3.86,50.77,85.98,3.59,28.74,20.69,2443.14,170.76,Normal,0
96.33,69.84,2.3,45.74,15233.9,364.04,9.85,7.43,135.23,3.74,49.47,87.71,3.48,26.96,17.67,1756.33,168.71,Normal,0
97.77,74.88,2.44,43.79,15452.2,379.84,19.16,7.61,137.03,3.93,49.18,84.51,3.36,35.18,17.71,1915.47,169.79,Normal,0
105.43,90.39,2.97,43.24,17511.9,397.15,14.34,7.79,133.95,3.67,48.79,88.3,3.6,19.63,20.13,2302.97,169.53,Normal,0
102.42,82.77,2.71,42.35,17023.6,388.58,10.72,7.73,136.48,3.88,49.69,86.21,3.48,31.17,19.75,2098.15,168.23,Normal,0
105.88,89.08,2.86,48.44,17566.6,404.77,19.85,7.93,135.91,3.79,51.07,83.21,3.4,31.94,19.59,2264.9,169.54,Normal,0
106.76,96.74,3.13,78.18,18993.1,403.54,41.0,7.69,127.76,3.72,49.81,84.44,3.49,35.6,19.6,2472.3,170.56,Scavenge Fire Warning,2
101.43,83.32,2.7,45.32,17009.6,379.29,16.38,7.17,132.5,3.87,50.35,106.28,2.47,26.32,18.98,2077.38,167.44,Cooling System Issue,4
95.75,71.59,2.49,42.57,15565.1,360.6,6.94,6.77,135.52,4.02,48.82,82.77,3.2,23.9,17.23,1801.44,168.69,Normal,0
97.96,73.16,2.37,44.33,15407.9,380.47,13.22,7.57,135.41,4.17,50.09,83.85,3.82,30.53,18.09,1827.49,167.18,Normal,0
91.19,63.94,2.18,45.3,14408.2,362.79,8.81,7.58,134.93,4.03,47.9,82.65,3.41,32.5,17.53,1668.16,172.42,Normal,0
103.37,85.34,2.68,43.85,17005.8,400.03,9.59,8.17,135.22,4.2,49.85,87.98,3.42,21.42,17.92,2149.66,169.4,Normal,0
97.66,72.35,2.4,44.48,15308.9,354.2,16.94,7.46,138.02,3.94,49.71,86.21,3.08,21.16,18.3,1849.18,172.25,Normal,0
103.31,85.75,2.67,42.75,17364.5,394.47,10.0,7.63,135.89,4.12,49.18,85.02,3.42,23.27,18.92,2146.57,166.97,Normal,0
89.5,56.59,2.04,45.56,13763.7,348.65,82.19,5.44,129.17,4.04,48.91,86.08,3.43,22.96,16.04,1697.71,195.67,Fuel Injector Clogged,3
101.4,78.33,2.65,44.67,16379.6,375.09,15.1,7.68,139.87,3.92,49.5,86.64,3.19,33.01,17.65,2002.27,170.89,Normal,0
104.96,89.06,2.96,44.51,17450.4,385.21,16.58,7.8,130.23,3.82,49.96,87.13,3.21,28.61,18.82,2279.56,171.13,Normal,0
106.0,96.5,3.1,45.27,18635.9,407.83,6.79,7.21,137.4,3.86,49.66,85.19,3.24,28.96,21.23,2467.19,171.09,Normal,0
100.04,81.17,2.6,43.73,16225.3,386.37,22.45,7.16,131.09,3.94,50.65,84.88,3.35,18.29,19.22,2026.72,167.4,Normal,0
101.04,84.48,2.7,44.07,17351.0,376.46,10.48,7.4,138.56,3.65,48.86,84.06,3.44,37.89,19.8,2157.2,171.34,Normal,0
105.58,91.69,3.09,41.66,17676.2,395.94,10.18,6.74,134.31,3.94,50.41,85.53,3.36,34.6,19.2,2328.24,169.68,Normal,0
93.79,68.03,2.42,76.03,14757.8,370.69,46.52,7.49,135.96,3.71,48.21,83.75,3.45,26.87,18.54,1713.84,170.09,Scavenge Fire Warning,2
103.06,83.66,2.75,44.48,16982.8,386.0,15.39,7.27,130.03,3.97,49.7,84.06,3.52,19.34,18.91,2107.61,167.23,Normal,0
105.98,90.31,2.89,45.96,17833.5,401.75,8.75,7.61,136.82,3.93,50.71,86.97,3.5,31.89,19.11,2305.06,171.14,Normal,0
103.22,90.01,3.03,44.42,17735.7,390.2,10.87,7.41,136.04,4.05,49.76,86.41,3.47,28.7,18.9,2229.0,164.58,Normal,0
96.09,70.93,2.33,42.52,15121.6,350.62,15.88,7.14,136.54,3.79,46.12,83.78,3.45,31.55,17.11,1773.36,167.61,Normal,0
97.05,72.53,2.45,43.79,15815.0,372.15,10.86,7.96,137.37,3.76,47.92,98.65,1.92,31.55,17.44,1830.99,166.88,Cooling System Issue,4
103.07,84.27,2.87,42.32,16662.2,386.78,10.43,7.53,135.45,4.03,47.63,85.74,3.37,21.09,18.47,2167.69,171.45,Normal,0
105.41,87.97,2.19,45.25,20206.3,440.27,12.1,7.8,134.47,3.69,50.03,85.14,3.28,24.58,19.9,2374.75,183.73,Turbocharger Fouling,1
99.39,82.79,2.78,41.83,16825.3,392.34,14.78,7.56,132.97,3.69,49.72,87.22,3.38,18.36,20.43,2120.24,167.71,Normal,0
99.57,79.28,2.66,46.02,16131.7,363.48,17.7,7.66,133.89,3.91,49.22,85.54,3.52,37.65,18.38,1986.8,167.6,Normal,0
99.82,79.72,2.63,45.4,16733.5,377.74,6.92,7.02,138.02,3.87,48.96,87.32,3.52,34.13,18.44,1967.48,165.24,Normal,0
98.53,79.88,2.56,43.0,16225.8,372.47,17.36,7.95,132.91,3.9,49.82,85.87,3.49,36.58,17.47,2038.16,170.71,Normal,0
101.98,85.65,2.74,45.84,17548.9,377.4,16.46,7.81,130.39,3.94,48.41,86.21,3.31,18.88,18.58,2161.48,167.78,Normal,0
105.02,90.62,2.24,45.42,20225.7,453.94,9.84,7.49,132.53,3.92,51.03,84.33,3.36,28.01,18.64,2442.01,184.6,Turbocharger Fouling,1
101.36,83.48,2.62,43.17,17207.2,389.97,14.23,7.6,136.52,3.85,49.83,84.67,3.36,32.95,19.42,2091.67,166.87,Normal,0
99.32,82.21,2.71,41.54,17191.4,385.17,13.63,7.85,134.24,3.88,48.75,87.04,3.29,20.07,19.97,2045.85,167.95,Normal,0
105.54,84.46,2.81,45.23,17075.9,380.08,15.22,7.37,136.51,3.85,49.38,86.77,3.56,33.54,18.38,2107.9,166.46,Normal,0
101.77,82.88,2.8,43.44,16636.9,382.43,13.16,6.95,130.0,3.87,49.6,99.67,2.01,30.95,18.75,2100.8,167.63,Cooling System Issue,4
103.45,87.54,2.74,46.65,17420.1,396.87,7.88,7.38,127.54,3.64,48.56,83.88,3.76,37.7,19.17,2236.29,170.93,Normal,0
94.0,68.74,2.43,43.52,14967.3,371.38,67.08,6.33,135.66,4.04,49.76,86.74,3.77,20.82,17.94,2004.93,188.2,Fuel Injector Clogged,3
96.71,71.11,1.93,42.64,17260.7,409.6,8.87,7.49,137.51,4.07,50.17,86.12,3.41,30.59,17.82,1866.73,178.59,Turbocharger Fouling,1
81.19,42.8,1.34,44.12,14015.6,379.26,19.23,7.96,130.72,4.12,48.04,82.34,3.47,36.94,16.33,1274.23,199.81,Turbocharger Fouling,1
91.98,66.45,2.18,44.18,14737.3,349.33,28.01,7.16,136.32,4.02,49.93,83.28,3.55,32.87,16.86,1716.07,174.02,Normal,0
103.25,90.68,2.91,39.77,17669.9,389.92,12.01,7.21,137.98,3.69,52.73,87.83,3.26,24.72,20.15,2314.9,168.08,Normal,0
103.77,86.28,2.25,44.17,19972.4,408.4,8.08,7.13,134.99,3.64,48.0,84.84,3.5,20.39,18.84,2365.54,176.7,Turbocharger Fouling,1
93.16,59.49,2.09,40.68,14057.0,370.9,9.83,7.65,137.25,4.09,48.73,83.79,3.64,37.28,15.69,1549.05,174.69,Normal,0
103.59,87.13,2.23,43.77,20639.8,437.11,19.55,6.97,135.48,3.86,48.58,84.67,3.08,19.44,20.13,2269.77,180.4,Turbocharger Fouling,1
98.26,72.32,2.45,43.57,15187.3,379.27,17.2,7.76,134.34,3.94,50.82,85.32,3.14,37.5,18.99,1834.89,169.14,Normal,0
105.07,92.58,2.98,45.94,18005.6,410.27,16.02,7.17,137.05,3.86,50.41,84.02,3.54,24.07,20.04,2361.2,170.43,Normal,0
102.54,85.86,2.83,45.26,17201.2,389.05,20.81,7.23,139.78,3.9,49.17,85.72,3.35,35.21,18.78,2155.32,168.74,Normal,0
106.01,91.11,2.91,46.91,17628.9,393.09,9.65,8.12,133.61,3.93,49.84,83.96,3.33,29.09,18.97,2344.83,170.09,Normal,0
105.36,87.66,2.83,45.97,17431.2,379.0,12.27,7.93,134.78,3.84,51.28,83.83,3.34,36.25,19.66,2219.28,167.54,Normal,0
101.39,78.99,2.57,45.18,16405.9,374.7,10.33,7.54,132.52,3.6,50.01,83.52,3.2,26.53,17.23,1957.15,164.77,Normal,0
101.55,86.32,2.97,45.21,17404.2,400.73,73.1,4.92,135.39,3.96,50.46,83.86,3.33,35.0,19.72,2402.25,187.61,Fuel Injector Clogged,3
100.22,80.1,2.76,46.34,16529.9,382.94,16.25,8.21,134.61,3.97,51.09,86.07,3.16,22.77,18.36,2000.37,166.21,Normal,0
98.49,75.07,2.55,43.53,15690.3,374.07,10.01,7.43,137.9,3.71,50.33,85.87,3.64,27.33,17.87,1887.01,168.18,Normal,0
101.37,83.46,2.84,44.24,17375.7,394.83,19.27,7.59,138.55,3.69,50.88,85.14,3.42,34.93,18.29,2078.33,166.68,Normal,0
96.0,69.22,2.4,40.68,15335.4,372.1,10.41,7.82,136.97,4.06,48.99,84.01,3.42,20.37,16.71,1755.69,166.78,Normal,0
96.89,70.02,2.38,45.19,15374.3,366.34,12.67,6.81,137.62,4.09,46.9,86.46,3.52,32.57,17.62,1797.19,170.21,Normal,0
103.52,85.03,2.66,44.69,17349.3,388.01,17.9,7.28,133.24,3.46,49.93,86.23,3.9,26.74,19.19,2145.41,169.78,Normal,0
102.65,80.88,2.64,48.87,16664.0,374.96,15.56,7.48,132.61,3.94,48.98,83.82,3.21,28.26,18.63,2058.35,170.22,Normal,0
102.33,86.06,2.78,44.28,17540.6,383.09,11.54,7.55,136.09,3.82,50.66,85.86,3.07,29.58,19.83,2171.63,167.66,Normal,0
97.45,77.24,2.47,44.31,16167.2,374.9,53.54,5.47,135.05,3.9,47.71,85.45,3.39,23.51,18.37,2187.03,180.96,Fuel Injector Clogged,3
82.84,44.42,1.52,42.37,12053.0,339.99,12.64,7.61,140.0,4.04,48.83,84.64,3.07,19.93,15.65,1258.39,187.67,Normal,0
108.61,95.49,3.11,43.99,18576.3,389.39,13.66,7.51,130.2,3.7,50.49,89.12,3.34,18.37,19.19,2464.93,173.64,Normal,0
105.75,95.41,3.1,46.17,18772.8,399.87,13.19,8.08,136.55,3.92,50.65,84.83,3.56,26.62,19.8,2409.97,168.06,Normal,0
100.05,77.56,2.48,44.26,16527.9,373.83,7.35,7.85,136.51,3.79,50.11,85.77,3.68,23.38,19.26,1938.16,165.15,Normal,0
104.07,87.33,2.79,44.53,17546.9,381.96,56.43,4.92,133.1,3.96,49.9,87.29,3.12,30.66,19.88,2444.92,185.99,Fuel Injector Clogged,3
95.31,68.22,2.4,89.55,15141.6,362.2,58.22,7.43,132.58,4.07,48.74,86.79,3.23,32.32,17.68,1732.13,166.71,Scavenge Fire Warning,2
107.05,97.36,3.06,44.43,18823.0,383.13,25.92,7.86,134.15,3.68,51.52,86.11,3.47,28.07,20.02,2551.21,174.35,Normal,0
97.87,76.97,2.57,44.57,16337.8,370.15,12.03,7.6,130.9,3.76,50.06,83.51,3.54,30.38,17.75,1973.57,170.8,Normal,0
103.03,93.94,3.02,92.96,18528.3,388.63,62.11,7.02,138.64,3.84,50.92,83.6,3.55,29.21,19.61,2416.74,172.52,Scavenge Fire Warning,2
96.38,74.07,2.51,74.65,15706.9,370.35,45.38,8.23,141.75,4.13,49.25,85.95,3.67,18.09,18.42,1840.61,166.52,Scavenge Fire Warning,2
100.79,82.41,2.64,44.15,17090.7,364.77,19.83,7.15,134.15,3.78,49.82,85.71,3.53,34.83,17.64,2049.99,166.3,Normal,0
103.0,83.46,2.74,48.19,17008.0,385.85,26.0,8.37,133.4,3.81,49.74,85.49,3.38,19.19,20.01,2082.62,168.06,Normal,0
104.2,90.13,2.94,45.92,17909.2,399.94,6.95,7.65,131.72,3.89,48.31,85.94,3.59,26.21,20.31,2334.67,173.04,Normal,0
106.16,96.67,3.13,44.97,18887.3,399.89,9.19,7.28,132.26,3.91,48.97,87.04,3.41,20.22,20.91,2533.58,175.65,Normal,0
103.47,90.7,2.95,46.46,18001.6,397.36,12.52,6.67,133.53,3.92,49.96,86.28,3.45,31.25,19.99,2327.32,170.31,Normal,0
104.15,87.67,2.88,44.16,17660.3,385.49,6.66,7.77,138.02,3.85,48.07,85.97,3.31,24.51,19.39,2133.26,165.69,Normal,0
107.85,95.14,3.24,43.26,18306.9,386.49,9.79,6.96,142.98,3.77,50.17,85.09,3.43,19.42,20.27,2447.54,171.76,Normal,0
93.18,61.63,2.33,44.99,14533.2,357.05,12.91,7.63,133.19,4.0,47.88,85.71,3.11,18.91,16.64,1581.49,172.65,Normal,0
100.04,77.76,2.53,42.57,16372.8,382.64,7.51,8.18,132.74,3.41,49.42,84.42,3.59,22.74,19.66,1960.95,168.12,Normal,0
103.89,93.63,2.84,49.17,18231.6,386.44,7.33,7.1,132.08,4.11,50.38,86.91,3.22,31.35,19.81,2387.42,167.47,Normal,0
94.19,67.24,2.33,42.64,15146.6,360.32,8.28,7.76,136.13,3.9,47.17,84.22,3.24,32.36,17.1,1749.0,170.93,Normal,0
102.05,78.69,2.62,47.5,16905.7,376.39,9.54,7.22,135.86,3.91,49.87,103.38,1.69,20.57,18.32,1940.41,165.02,Cooling System Issue,4
100.1,76.46,1.92,42.06,17136.2,436.24,19.11,7.9,135.25,4.21,48.99,87.17,3.25,20.78,17.83,1951.66,175.68,Turbocharger Fouling,1
99.26,82.05,2.72,46.1,16579.7,384.35,10.86,7.52,133.89,3.76,47.37,86.07,3.23,29.86,19.28,2061.46,168.51,Normal,0
102.24,85.0,2.78,93.8,17716.1,371.01,46.84,7.49,138.4,4.21,49.36,87.1,3.44,37.15,18.76,2193.51,172.21,Scavenge Fire Warning,2
101.05,80.86,2.75,92.02,16700.9,363.85,62.91,7.92,136.91,3.99,50.02,84.79,3.17,29.06,18.61,2028.48,166.34,Scavenge Fire Warning,2
101.63,85.6,2.9,46.3,17242.2,392.85,10.78,7.72,136.8,3.92,49.45,96.96,2.03,32.23,19.93,2131.35,167.53,Cooling System Issue,4
101.49,89.97,2.81,44.45,17720.5,412.34,14.97,7.22,135.93,3.94,49.58,85.17,3.28,29.51,20.19,2334.95,171.28,Normal,0
92.16,61.9,2.07,40.99,14503.3,355.13,12.39,8.13,134.53,3.83,48.94,82.48,3.08,20.1,16.27,1640.81,175.24,Normal,0
100.15,82.01,2.69,44.48,17325.8,379.79,14.78,6.96,133.21,3.62,49.21,86.56,3.44,36.93,19.5,2083.08,168.27,Normal,0
93.54,66.94,2.28,43.69,14721.6,367.13,57.41,5.55,136.3,3.76,48.75,85.36,3.36,19.44,16.51,1811.99,187.54,Fuel Injector Clogged,3
102.23,85.88,2.79,44.16,17213.2,380.96,9.19,7.21,136.06,4.02,48.54,86.03,3.41,33.2,18.26,2191.36,171.17,Normal,0
100.16,80.16,2.68,44.83,16442.4,359.84,89.0,5.71,136.42,3.74,49.09,86.68,3.55,37.59,18.42,2199.84,179.25,Fuel Injector Clogged,3
102.77,86.19,2.89,45.39,17435.3,396.04,20.69,7.1,131.09,3.61,51.76,84.09,3.4,24.38,19.36,2161.22,167.53,Normal,0
100.71,83.67,2.88,43.33,17227.1,379.68,6.87,7.48,135.85,3.85,49.94,83.7,3.34,21.43,18.81,2100.33,169.38,Normal,0
94.79,68.19,2.36,44.05,15380.1,373.64,16.73,7.62,134.23,4.01,49.34,86.22,3.57,29.32,17.74,1708.84,166.96,Normal,0
100.78,86.45,2.75,44.52,17475.5,381.98,15.12,7.87,132.8,3.86,49.25,85.37,3.34,33.9,18.99,2179.45,169.4,Normal,0
94.93,67.12,2.27,42.32,15444.3,364.87,7.18,8.02,136.82,4.02,48.63,84.94,3.31,36.99,16.14,1730.34,172.77,Normal,0
97.36,81.28,2.67,45.68,16533.7,388.44,45.65,6.37,135.44,4.05,49.43,83.49,3.52,31.87,18.61,2393.38,190.35,Fuel Injector Clogged,3
105.21,93.37,3.06,93.82,17987.8,405.28,40.13,7.34,140.89,3.91,51.08,87.5,3.26,24.72,18.96,2377.79,169.9,Scavenge Fire Warning,2
104.21,87.01,2.87,44.28,17698.9,390.62,8.73,7.86,136.21,3.83,51.11,86.29,3.61,27.89,19.27,2190.09,167.86,Normal,0
100.02,82.49,2.87,44.71,16838.2,384.58,9.55,7.28,134.26,3.79,49.26,84.61,3.43,33.22,18.08,2115.1,169.52,Normal,0
101.88,81.83,2.65,46.61,16425.6,387.24,10.58,6.94,134.73,3.99,49.66,87.78,3.68,33.76,19.08,2013.63,166.81,Normal,0
99.77,75.59,2.55,44.34,15878.7,378.2,61.43,5.38,132.07,3.94,49.17,83.39,3.39,19.49,18.99,2078.85,178.05,Fuel Injector Clogged,3
82.85,51.96,2.04,42.95,13050.7,334.61,9.79,7.96,138.08,3.86,49.1,83.68,3.57,30.27,14.9,1408.45,180.44,Normal,0
101.95,84.56,2.72,80.85,16928.0,375.53,50.19,7.21,135.79,4.06,50.27,86.57,3.1,37.35,17.81,2143.31,169.06,Scavenge Fire Warning,2
99.78,87.33,2.86,44.87,17192.7,372.29,6.74,8.19,135.83,3.89,49.84,86.88,3.63,33.71,19.12,2160.67,164.99,Normal,0
92.04,62.19,2.07,42.9,14228.1,363.87,17.27,7.7,132.34,4.05,49.81,82.7,3.52,18.15,17.59,1599.41,170.43,Normal,0
101.77,83.7,2.75,45.14,16727.7,381.45,10.56,7.65,136.95,3.81,50.28,85.01,3.28,22.5,19.04,2081.06,164.54,Normal,0
100.75,88.61,2.82,44.64,17715.5,397.32,12.43,7.32,132.66,4.02,49.22,86.44,3.56,26.9,19.16,2199.76,165.78,Normal,0
93.71,60.62,2.18,44.86,13649.9,359.01,20.92,7.86,133.62,3.72,48.74,86.19,3.17,32.13,16.11,1556.5,171.4,Normal,0
104.3,89.18,2.46,44.57,20466.8,426.11,8.04,6.97,135.31,4.09,49.84,87.23,3.31,29.1,19.91,2369.23,181.68,Turbocharger Fouling,1
91.65,63.18,2.09,40.49,14511.6,358.01,10.81,7.38,133.55,3.66,47.86,85.37,3.25,19.55,17.92,1598.47,171.99,Normal,0
97.35,69.35,2.41,47.66,15148.2,363.04,14.89,7.24,133.02,3.72,48.9,84.88,3.57,32.77,16.47,1718.97,165.4,Normal,0
95.03,72.87,2.45,43.34,15848.8,366.21,16.34,7.04,134.87,3.95,50.42,84.7,3.62,34.77,18.1,1831.64,166.9,Normal,0
99.62,82.01,2.77,46.53,16449.6,389.83,8.97,7.8,137.53,3.79,50.79,85.88,3.32,22.12,20.32,2022.62,165.02,Normal,0
97.36,79.66,2.54,46.48,16303.4,399.66,13.37,7.62,137.24,3.83,50.5,99.64,2.36,19.35,18.2,1990.72,167.6,Cooling System Issue,4
105.16,86.75,2.86,46.36,17271.0,397.37,8.72,7.78,136.77,3.77,50.68,85.21,3.22,33.82,19.13,2175.59,167.37,Normal,0
102.77,85.15,2.85,44.52,17300.9,386.23,8.02,7.4,136.22,3.74,50.04,85.08,3.42,30.81,19.07,2174.32,170.92,Normal,0
107.38,96.13,3.06,46.12,18564.9,410.24,19.05,7.84,133.81,3.86,49.72,87.22,3.41,34.07,19.89,2471.19,171.63,Normal,0
98.2,74.35,2.38,42.04,16264.8,386.64,10.62,7.53,137.8,3.9,49.91,107.26,2.4,29.33,18.72,1858.24,167.27,Cooling System Issue,4
97.72,72.53,2.43,46.79,15389.0,359.52,21.23,7.33,130.66,4.04,47.62,84.3,3.25,26.57,18.97,1854.59,168.31,Normal,0
84.31,47.42,1.83,40.52,12120.2,349.07,9.2,7.28,136.08,4.02,47.46,82.31,3.69,37.26,14.48,1281.92,182.64,Normal,0
94.23,65.74,2.33,42.88,15111.4,368.34,15.12,6.81,137.1,3.87,50.06,82.57,3.29,33.6,16.68,1725.76,173.73,Normal,0
103.71,88.22,2.84,45.21,17212.5,399.78,9.02,7.91,134.77,3.96,49.48,85.68,3.25,26.24,20.13,2218.83,168.34,Normal,0
104.47,92.42,2.89,45.23,18202.3,402.03,59.93,5.39,133.19,3.56,50.8,84.37,3.61,36.15,20.14,2601.11,187.94,Fuel Injector Clogged,3
102.22,84.92,2.74,43.81,16899.7,384.33,6.44,8.52,134.91,3.47,49.46,86.47,3.35,37.87,19.33,2174.43,169.94,Normal,0
106.52,95.07,3.02,47.7,17928.5,415.1,15.41,7.38,133.11,3.58,50.83,83.74,3.49,24.16,20.45,2448.45,170.08,Normal,0
95.04,67.86,2.34,44.85,14900.1,367.54,10.93,7.27,136.29,3.88,47.51,86.65,3.24,35.85,17.5,1701.75,166.6,Normal,0
96.26,74.79,2.03,44.47,18383.3,431.05,11.01,6.9,137.36,3.96,50.64,84.59,3.49,18.91,18.39,1987.54,174.58,Turbocharger Fouling,1
94.67,70.86,2.32,43.07,15088.7,372.62,10.53,7.84,136.12,3.52,48.07,83.88,3.53,22.29,17.54,1813.53,170.53,Normal,0
105.54,89.91,3.01,46.79,17865.6,400.17,14.01,7.76,135.97,3.84,48.68,84.95,3.2,21.22,19.4,2268.67,166.08,Normal,0
102.25,85.79,2.81,97.44,17391.0,387.99,38.32,8.04,136.9,3.8,51.08,84.39,3.3,25.13,19.09,2177.22,169.01,Scavenge Fire Warning,2
97.3,71.56,2.44,81.06,15165.8,372.6,63.43,7.18,137.19,3.93,49.22,86.68,3.24,29.25,17.55,1813.3,170.75,Scavenge Fire Warning,2
99.87,82.24,2.56,44.75,16729.8,383.51,9.11,7.75,133.05,3.58,49.39,86.1,3.3,32.4,19.09,2101.93,170.86,Normal,0
102.25,89.33,2.01,46.99,21163.8,424.27,17.23,7.32,131.16,4.23,51.59,85.69,3.69,36.06,19.66,2445.85,181.68,Turbocharger Fouling,1
105.56,96.08,2.98,45.52,18653.0,393.52,9.91,7.97,135.69,3.82,51.05,84.4,3.45,21.17,19.01,2496.46,172.46,Normal,0
102.33,85.73,2.76,44.97,17159.0,375.94,13.01,7.69,137.31,3.67,49.41,85.36,3.75,29.57,19.02,2153.25,168.87,Normal,0
103.47,89.98,2.97,47.04,17838.5,404.62,21.3,6.96,131.05,3.86,49.91,84.67,3.67,29.09,19.56,2247.36,167.08,Normal,0
107.63,94.74,2.87,48.87,18192.0,396.64,13.56,7.45,135.17,4.05,51.34,82.63,3.6,27.17,20.92,2410.13,169.37,Normal,0
86.84,51.6,1.55,44.47,14616.5,366.27,15.72,6.82,137.82,3.8,47.36,83.23,3.66,31.89,15.73,1476.36,190.47,Turbocharger Fouling,1
104.98,86.15,2.83,46.21,17513.4,390.86,13.84,7.09,134.71,3.63,51.32,86.17,3.61,28.27,19.24,2181.47,168.71,Normal,0
100.74,80.0,2.75,45.28,16526.7,383.01,13.02,7.11,138.8,3.86,49.16,84.69,3.71,29.0,18.55,2028.82,168.88,Normal,0
98.64,83.09,2.66,43.89,16936.4,368.92,11.9,7.28,138.33,3.86,48.87,85.15,3.5,36.07,19.69,2101.67,168.38,Normal,0
101.36,79.6,2.67,98.93,16230.7,372.84,48.45,7.41,134.54,3.99,50.67,86.43,3.52,35.21,17.85,1998.9,168.57,Scavenge Fire Warning,2
96.47,75.36,2.52,42.66,15622.7,367.19,10.2,7.56,134.08,4.12,50.13,86.05,3.52,29.55,17.69,1931.88,169.84,Normal,0
98.25,74.65,2.56,44.54,15749.0,367.38,8.87,7.54,134.13,4.02,47.58,87.34,3.32,21.12,17.58,1848.34,165.77,Normal,0
86.16,52.43,1.85,42.85,13034.2,355.24,11.11,7.49,135.34,3.78,48.25,81.46,3.55,37.17,15.99,1411.67,179.53,Normal,0
94.29,61.25,2.15,39.96,14390.6,355.38,7.9,7.62,132.07,3.79,47.65,83.44,3.63,30.45,15.92,1578.39,173.76,Normal,0
98.64,72.26,2.51,43.84,15734.8,366.9,11.63,7.06,131.6,3.79,50.05,85.98,3.29,34.15,18.74,1821.02,167.96,Normal,0
101.18,84.42,2.71,45.38,17093.4,394.51,20.03,7.53,129.32,3.98,51.52,104.35,2.11,19.1,19.27,2080.15,164.04,Cooling System Issue,4
96.77,72.27,2.44,43.66,15795.4,374.3,59.8,5.86,134.95,4.0,49.79,85.01,3.3,35.94,18.22,1959.33,182.1,Fuel Injector Clogged,3
94.07,65.46,2.08,43.77,14474.8,347.9,14.97,7.44,140.1,4.13,48.19,83.89,3.64,31.87,18.48,1659.03,170.15,Normal,0
93.41,62.57,2.21,40.99,14558.2,353.28,10.16,7.67,130.02,4.03,49.71,84.77,3.36,31.71,16.74,1639.25,172.86,Normal,0
99.87,78.99,2.77,43.16,16200.2,381.32,11.62,7.64,134.54,3.79,49.5,97.13,1.74,20.2,19.02,2000.34,168.08,Cooling System Issue,4
98.58,78.93,2.51,45.87,16639.4,371.2,17.46,7.8,134.46,3.85,49.48,82.93,3.21,32.26,18.85,2032.78,171.86,Normal,0
95.01,69.96,2.35,43.6,15241.8,383.68,12.83,7.6,134.62,3.7,48.66,85.05,3.24,19.53,18.57,1796.4,171.4,Normal,0
103.64,88.38,2.46,45.58,19751.3,438.43,24.83,7.8,138.14,3.94,50.08,84.91,3.27,19.12,19.81,2390.57,183.52,Turbocharger Fouling,1
94.21,63.29,2.17,42.24,14572.0,353.09,15.2,7.68,132.78,3.85,48.78,85.54,3.15,24.51,16.71,1627.64,172.43,Normal,0
103.08,85.66,2.11,44.88,20209.5,411.25,14.88,7.73,130.13,4.04,47.45,85.84,3.51,18.46,19.39,2354.89,182.47,Turbocharger Fouling,1
103.63,90.74,2.91,41.81,17741.5,400.84,14.28,7.65,133.66,3.93,50.11,87.98,3.37,21.19,19.23,2340.33,172.35,Normal,0
99.62,76.65,2.51,45.4,15999.6,370.63,12.74,7.15,133.33,4.18,49.31,85.07,3.5,32.52,18.0,1982.66,168.84,Normal,0
90.17,59.11,2.05,45.44,13853.4,356.92,12.77,7.09,129.42,4.03,49.01,83.05,2.99,34.7,16.61,1560.91,178.01,Normal,0
99.67,76.11,2.53,42.49,15589.7,365.92,13.35,7.38,135.61,3.96,47.42,82.06,3.59,21.59,18.12,1905.5,166.43,Normal,0
103.64,80.84,2.57,43.06,16084.2,381.61,13.44,8.04,132.03,3.85,50.15,84.11,3.39,34.47,18.14,2039.88,167.95,Normal,0
102.78,87.27,2.84,45.64,17695.1,384.0,7.91,7.44,134.79,3.79,49.96,85.94,3.49,27.61,17.93,2293.01,175.13,Normal,0
92.97,61.83,2.26,45.16,14048.0,354.77,6.25,7.61,134.09,3.91,49.28,85.23,3.67,37.16,17.05,1593.43,174.37,Normal,0
103.52,90.38,2.9,45.23,18205.7,386.6,9.22,6.81,132.31,3.99,48.44,84.89,3.47,20.79,19.81,2275.1,169.33,Normal,0
106.16,95.35,2.97,43.78,18719.9,407.39,10.67,7.57,137.23,3.62,49.06,85.3,3.78,19.07,20.28,2459.2,171.74,Normal,0
91.81,61.36,2.11,42.6,14514.8,352.77,19.62,7.53,134.3,3.96,46.89,84.54,3.06,34.9,17.97,1582.2,173.57,Normal,0
93.78,65.96,1.66,41.73,15999.6,396.7,17.11,6.56,135.14,3.69,49.11,85.09,3.34,25.24,16.34,1867.69,184.22,Turbocharger Fouling,1
100.45,73.57,2.35,42.88,15342.6,371.2,46.68,5.18,136.47,3.96,48.97,86.17,3.08,27.14,18.92,2038.05,185.36,Fuel Injector Clogged,3
94.06,66.85,2.28,42.89,14616.7,376.46,10.96,6.92,135.72,3.86,48.86,83.97,3.46,28.24,18.85,1712.81,170.44,Normal,0
95.99,68.68,2.27,42.1,14986.9,372.97,11.11,7.25,135.36,4.0,47.7,83.86,3.41,34.5,18.58,1715.42,166.57,Normal,0
101.05,87.67,2.8,43.85,16936.3,395.91,26.03,7.85,132.94,3.74,48.74,87.94,3.2,19.52,19.12,2200.68,167.43,Normal,0
92.28,61.33,2.13,43.02,14061.9,344.04,13.48,7.56,132.22,3.92,46.26,104.42,2.79,29.02,17.1,1617.58,173.35,Cooling System Issue,4
106.48,92.18,2.86,45.7,17978.2,389.97,25.12,7.34,135.39,3.93,48.8,85.05,3.34,26.61,19.29,2366.41,169.97,Normal,0
94.51,68.37,2.18,41.33,14761.4,374.97,15.17,7.31,132.6,3.95,48.43,86.11,3.0,24.81,17.09,1768.52,172.22,Normal,0
100.23,87.35,2.9,93.44,17189.4,379.82,67.96,7.35,136.99,4.08,49.33,88.14,3.52,24.96,20.33,2215.8,168.35,Scavenge Fire Warning,2
89.02,56.08,1.82,41.91,13461.5,350.77,6.56,7.56,134.68,3.9,48.46,85.82,3.53,36.61,16.75,1517.12,178.26,Normal,0
100.99,81.72,2.61,45.62,16792.9,373.62,11.93,7.08,136.62,3.79,50.44,84.35,3.31,23.36,19.22,2014.74,165.1,Normal,0
107.59,96.48,2.96,46.89,18364.5,392.89,16.34,7.89,132.54,4.0,49.65,85.99,3.54,27.09,19.49,2451.88,171.03,Normal,0
102.56,79.73,2.59,43.56,16531.0,393.11,69.38,5.56,132.15,3.83,50.08,83.09,3.23,27.86,17.69,2176.91,191.27,Fuel Injector Clogged,3
91.24,61.21,2.15,43.82,14181.8,362.27,19.83,6.9,139.2,3.89,49.53,83.29,3.32,32.4,17.45,1647.85,177.43,Normal,0
91.29,62.47,2.16,41.74,14318.6,365.95,19.59,7.85,134.63,4.01,49.96,84.48,3.47,28.38,17.19,1588.98,172.33,Normal,0
92.28,65.27,2.42,45.21,14515.1,367.86,7.27,7.35,137.28,3.91,49.43,84.87,3.57,30.42,17.02,1683.77,172.91,Normal,0
107.04,96.71,3.19,44.54,18296.0,399.78,7.2,7.52,131.47,3.77,50.43,85.04,3.36,25.98,21.23,2533.14,174.86,Normal,0
107.87,98.07,3.07,46.37,19131.5,397.05,21.46,7.73,134.29,3.7,49.33,82.62,3.31,32.37,20.67,2556.6,174.8,Normal,0
97.36,74.75,2.4,43.7,15982.0,370.22,9.38,7.25,138.26,4.11,49.64,85.22,3.39,27.32,17.59,1902.87,169.91,Normal,0
97.11,70.63,2.59,42.13,15550.0,366.75,9.64,7.55,131.09,3.89,48.8,85.7,3.03,22.45,16.55,1769.63,168.61,Normal,0
95.84,68.67,2.41,44.84,15065.2,380.05,7.49,7.73,140.69,3.84,50.47,85.67,3.35,34.34,17.88,1776.81,172.96,Normal,0
100.05,79.38,2.67,43.43,16386.1,368.53,10.82,8.08,135.51,3.84,49.66,84.93,3.04,33.31,18.26,1979.49,165.37,Normal,0
100.86,84.11,2.76,42.18,17121.8,380.71,10.75,7.32,132.95,3.92,49.63,85.2,3.25,30.55,18.91,2059.77,165.72,Normal,0
106.39,97.15,3.14,77.33,18240.0,394.13,54.61,7.34,135.88,4.03,51.79,86.18,3.14,28.44,20.1,2551.09,176.15,Scavenge Fire Warning,2
95.27,75.13,1.76,42.7,17675.5,428.99,21.99,7.7,137.77,3.87,48.9,85.5,3.5,22.17,19.0,2044.49,180.29,Turbocharger Fouling,1
104.25,89.2,2.91,47.2,17474.4,406.33,21.42,7.57,132.94,3.71,50.01,106.09,2.24,35.37,19.98,2219.32,166.79,Cooling System Issue,4
98.64,76.11,2.54,45.98,15914.2,377.61,11.78,7.45,133.29,4.18,51.43,82.26,3.62,19.94,18.17,1848.94,165.36,Normal,0
102.04,83.79,2.67,43.63,16780.2,387.87,18.48,8.06,135.62,3.89,50.04,87.03,3.07,25.66,18.89,2079.67,165.26,Normal,0
95.75,68.37,2.27,42.91,15119.2,366.19,13.45,6.91,136.16,3.91,50.2,84.18,3.36,35.05,17.67,1784.3,174.1,Normal,0
100.41,79.25,2.74,43.64,16424.2,382.56,18.69,7.0,134.5,3.89,51.07,83.7,3.42,29.91,19.32,1997.49,167.85,Normal,0
102.32,85.38,2.78,42.83,17478.4,392.91,23.04,6.92,136.01,3.67,49.29,84.94,3.49,26.77,19.16,2144.64,167.4,Normal,0
103.38,87.56,3.02,43.58,17989.6,392.86,12.63,7.92,137.13,3.84,50.85,85.64,3.79,33.83,18.97,2279.73,172.12,Normal,0
102.04,88.58,2.74,46.56,17294.2,394.71,5.5,7.68,135.43,3.96,49.65,84.81,3.05,37.79,18.69,2242.92,169.61,Normal,0
102.54,87.35,2.8,45.74,17451.4,395.39,18.75,7.02,133.27,4.03,51.97,84.85,3.26,21.78,19.25,2201.9,168.16,Normal,0
100.05,79.36,2.5,44.76,16451.5,364.97,9.91,7.46,134.95,3.83,51.01,84.78,3.76,19.01,17.82,2018.62,170.13,Normal,0
102.12,86.76,2.73,42.94,17341.4,388.46,73.68,6.28,139.39,3.88,50.65,85.9,3.23,27.26,19.45,2473.18,190.0,Fuel Injector Clogged,3
99.84,76.57,2.48,44.28,15832.3,378.15,29.43,6.73,135.83,4.08,50.49,96.02,1.89,23.75,18.55,1956.99,169.38,Cooling System Issue,4
101.34,84.57,2.79,41.31,16868.9,389.04,12.62,7.57,138.1,3.87,49.11,85.79,3.23,31.34,19.75,2133.75,167.77,Normal,0
100.77,80.6,2.68,45.71,16628.2,379.39,22.02,7.09,133.71,3.99,51.34,83.57,3.15,27.89,18.53,2041.9,166.21,Normal,0
102.33,84.73,2.72,45.17,16882.8,387.19,17.01,7.75,135.66,3.92,48.91,87.8,3.25,27.98,19.67,2121.97,166.31,Normal,0
103.03,84.58,2.59,42.75,17107.4,379.96,21.16,7.1,136.99,3.76,50.21,86.67,3.76,25.1,20.0,2156.82,168.52,Normal,0
96.22,68.36,2.43,45.89,14990.5,351.25,15.93,7.58,138.74,3.79,48.36,84.4,3.19,22.21,17.54,1730.31,170.05,Normal,0
101.65,81.35,2.65,41.81,16699.6,389.55,15.21,7.95,138.07,4.03,50.52,85.66,3.35,22.27,20.07,2051.61,168.99,Normal,0
100.37,86.48,2.73,45.71,17100.0,379.02,14.84,7.84,132.2,3.45,51.64,84.06,3.35,25.74,20.08,2206.08,167.78,Normal,0
95.87,66.86,2.29,44.18,14892.3,362.29,12.53,7.68,137.88,3.83,49.46,85.35,3.56,31.64,17.06,1716.25,173.15,Normal,0
104.1,84.91,2.79,42.93,16920.1,380.15,32.34,7.47,139.22,3.65,50.14,86.41,3.6,24.74,20.83,2122.13,165.71,Normal,0
104.05,90.92,2.92,45.22,17899.9,406.34,13.79,6.97,133.56,4.0,49.98,85.96,3.42,24.52,19.6,2346.16,170.62,Normal,0
102.54,84.89,2.79,42.34,17405.4,385.47,17.9,7.35,132.76,4.07,49.92,86.48,2.83,26.5,19.9,2138.16,166.54,Normal,0
92.82,65.7,2.15,69.77,14770.1,359.64,38.36,7.42,134.94,3.83,48.62,84.62,3.24,37.82,17.62,1657.19,170.58,Scavenge Fire Warning,2
93.27,69.39,2.4,41.95,15244.2,372.72,27.87,7.4,135.45,4.34,50.76,84.65,3.18,19.82,17.77,1741.71,167.85,Normal,0
99.24,79.68,2.55,43.45,16639.8,396.85,20.5,6.96,134.12,4.09,50.38,84.4,3.61,23.89,19.35,2008.5,167.27,Normal,0
106.75,98.35,3.11,46.83,18484.9,406.18,9.66,7.65,132.03,3.84,50.08,108.57,2.17,23.84,20.43,2532.46,170.91,Cooling System Issue,4
100.95,82.71,2.77,44.72,17216.5,380.36,15.8,7.09,138.68,4.09,49.78,84.3,3.7,37.49,18.81,2060.6,166.11,Normal,0
97.17,75.45,2.61,44.18,15698.5,379.88,15.73,8.04,132.85,3.8,52.31,85.52,3.47,26.14,18.14,1916.13,170.24,Normal,0
101.67,85.62,2.92,43.33,17395.6,374.44,18.45,7.55,133.73,3.82,50.12,85.79,3.6,29.34,18.45,2123.83,165.69,Normal,0
99.02,77.11,2.64,43.37,16303.1,376.76,12.64,7.84,135.27,3.96,50.92,86.7,3.81,21.96,18.97,1950.4,169.43,Normal,0
97.53,75.75,2.5,82.99,15770.1,390.64,45.94,7.84,131.32,3.79,48.83,85.73,3.23,18.25,17.8,1912.67,169.97,Scavenge Fire Warning,2
100.32,78.6,2.48,42.45,16546.6,379.51,14.41,8.23,131.13,3.69,50.01,83.04,3.11,24.79,18.59,1993.73,169.49,Normal,0
101.63,81.33,2.14,43.62,18863.3,422.98,9.3,7.56,133.92,3.73,49.04,84.46,3.43,30.78,18.74,2169.57,175.78,Turbocharger Fouling,1
109.29,95.72,3.19,45.77,18881.1,399.82,29.94,7.36,137.06,3.79,49.77,85.0,3.57,31.83,20.46,2429.91,169.52,Normal,0
103.95,85.73,2.75,44.0,17258.6,384.0,14.55,7.37,135.47,3.93,50.65,84.55,3.28,33.08,19.14,2104.26,165.4,Normal,0
92.82,62.89,2.23,42.55,14337.8,361.13,7.65,8.02,129.85,3.9,47.93,85.68,3.41,35.21,16.81,1598.68,170.03,Normal,0
102.25,86.72,2.8,45.98,17227.0,394.6,11.41,7.04,138.47,3.61,48.71,82.82,3.62,20.31,19.49,2189.59,166.33,Normal,0
107.14,96.68,3.23,44.98,18201.7,398.2,14.42,7.19,136.99,3.88,51.04,87.58,3.6,19.66,20.38,2481.01,172.72,Normal,0
105.11,91.16,2.91,43.29,17824.7,374.02,32.56,7.58,135.48,4.03,49.61,86.84,3.3,33.75,19.02,2283.98,167.04,Normal,0
100.5,82.08,2.86,45.41,16699.1,386.32,58.67,5.08,135.41,3.77,49.41,85.51,3.45,26.72,18.73,2307.5,184.33,Fuel Injector Clogged,3
91.6,59.16,2.12,43.13,13952.8,371.02,8.18,7.84,136.68,4.21,46.86,84.79,3.23,36.94,17.38,1532.27,174.59,Normal,0
103.53,92.45,3.13,45.89,17743.0,392.55,13.51,7.03,140.82,3.96,48.89,85.79,3.14,36.87,21.26,2356.39,169.72,Normal,0
103.51,88.79,2.85,46.04,17546.4,379.22,13.57,7.48,137.2,3.69,50.22,85.74,3.64,20.83,18.41,2232.1,168.62,Normal,0
86.53,50.25,1.84,42.71,12908.3,348.23,14.94,7.43,135.74,3.9,48.03,85.36,3.02,31.82,16.27,1367.26,183.83,Normal,0
103.3,88.38,2.8,79.73,17695.8,404.42,58.6,7.12,131.93,3.8,50.89,85.27,3.43,19.34,19.46,2263.66,170.05,Scavenge Fire Warning,2
94.6,67.73,1.86,47.01,16757.1,405.58,14.02,7.81,135.41,3.9,48.15,85.43,3.33,26.07,17.08,1863.23,186.47,Turbocharger Fouling,1
93.26,64.74,2.28,41.25,14748.3,374.73,25.95,7.47,136.93,3.58,48.75,83.54,3.5,34.83,16.89,1652.4,170.75,Normal,0
98.68,78.62,2.79,43.41,16273.3,384.62,14.24,7.45,134.71,3.77,49.58,85.78,3.28,27.22,17.91,2008.78,169.6,Normal,0
102.63,82.33,2.2,46.04,18982.2,426.34,9.87,7.21,133.69,3.79,49.5,84.97,3.61,18.67,18.0,2219.04,182.7,Turbocharger Fouling,1
95.86,72.64,2.49,44.03,15060.1,366.66,18.2,7.37,136.38,4.19,49.87,85.42,3.36,22.81,18.13,1846.62,169.23,Normal,0
105.89,93.23,2.97,46.6,18481.9,398.82,76.82,4.77,132.53,3.86,49.11,84.69,3.66,19.73,20.93,2589.26,186.34,Fuel Injector Clogged,3
103.01,85.52,2.84,45.1,17228.8,386.66,11.15,7.8,137.17,3.74,50.36,85.96,3.44,26.16,19.34,2151.83,168.93,Normal,0
95.3,71.19,2.36,45.76,15062.3,368.48,6.92,7.86,133.91,3.85,50.34,84.79,3.21,31.93,17.87,1839.58,173.38,Normal,0
104.56,90.52,2.94,43.73,17897.0,391.11,11.02,8.09,129.69,3.9,49.25,87.5,3.5,31.21,19.22,2317.22,170.87,Normal,0
102.09,87.2,2.86,46.99,17476.3,390.81,13.68,7.65,133.86,3.79,50.32,85.8,3.48,32.38,18.73,2246.14,172.2,Normal,0
99.98,75.42,2.48,45.79,16196.4,363.9,6.59,7.38,134.86,3.81,49.75,85.61,3.38,25.68,18.18,1844.21,164.54,Normal,0
97.32,76.3,2.54,42.29,15969.9,381.87,9.86,7.34,136.38,3.81,50.02,84.52,3.27,23.31,17.63,1923.79,168.35,Normal,0
103.77,90.74,2.91,46.21,17845.2,386.4,8.17,7.67,136.09,3.91,50.08,86.0,3.55,19.14,20.29,2323.02,171.37,Normal,0
96.64,74.96,2.47,43.93,15728.8,371.7,83.08,6.04,131.77,3.69,50.79,85.57,3.23,36.83,17.77,2142.54,183.18,Fuel Injector Clogged,3
104.63,95.25,3.15,44.71,18537.3,401.7,13.7,7.44,135.31,3.66,52.4,85.38,3.25,20.37,19.54,2458.87,172.52,Normal,0
99.28,73.29,2.47,41.03,15489.1,364.2,13.89,7.41,133.66,3.77,49.92,84.41,3.49,21.56,19.31,1858.48,167.9,Normal,0
101.25,80.81,2.69,42.95,16404.4,365.28,9.66,7.91,134.1,3.71,49.95,84.26,3.36,18.5,19.46,2069.27,170.43,Normal,0
101.46,82.5,2.59,45.66,16797.2,380.06,17.22,7.35,132.5,3.75,49.73,85.21,3.05,24.34,18.12,2033.0,164.89,Normal,0
98.66,78.07,2.62,45.47,15989.3,366.14,18.25,7.97,134.87,4.02,48.2,84.34,3.23,34.38,17.89,1962.1,167.76,Normal,0
96.77,69.53,2.39,43.25,15544.1,372.61,7.78,7.56,142.83,4.08,47.7,85.13,3.47,24.64,17.49,1769.93,169.89,Normal,0
89.34,58.51,2.01,43.91,14237.5,343.91,84.42,5.82,139.64,4.01,47.48,83.39,3.35,31.32,16.46,1640.65,196.58,Fuel Injector Clogged,3
103.42,85.41,2.96,46.25,17075.9,398.64,13.74,7.23,132.5,3.89,50.11,85.27,3.38,37.31,18.84,2163.96,168.49,Normal,0
101.81,86.38,2.64,45.14,16992.4,387.93,17.24,7.45,135.16,3.75,49.69,100.62,2.56,35.85,20.01,2127.01,164.68,Cooling System Issue,4
105.8,96.1,3.15,44.6,18586.6,400.6,64.92,6.22,134.22,3.5,51.85,87.22,3.48,21.6,20.26,2638.24,185.96,Fuel Injector Clogged,3
106.4,93.19,3.07,46.12,18042.7,380.64,12.71,7.37,135.36,3.85,47.69,85.76,3.42,25.18,19.83,2422.09,173.15,Normal,0
97.87,72.09,2.46,44.5,15769.4,371.27,19.3,7.8,137.29,3.96,49.28,84.9,2.8,33.02,17.48,1787.68,169.43,Normal,0
100.53,78.95,2.62,45.33,16195.4,378.04,13.93,7.35,134.68,3.78,49.99,85.87,3.39,37.55,17.87,1989.02,167.26,Normal,0
96.48,74.11,2.52,45.23,15883.8,362.25,20.35,7.46,133.22,3.74,50.23,87.09,3.31,32.32,17.67,1880.89,170.48,Normal,0
99.58,79.66,2.11,42.33,18101.4,443.1,7.59,7.05,137.89,3.69,49.73,85.28,3.41,23.04,18.04,2164.62,179.09,Turbocharger Fouling,1
100.62,80.42,2.59,43.67,16403.3,377.34,22.56,7.7,131.91,3.9,49.98,83.43,3.59,20.66,17.88,2060.02,171.62,Normal,0
103.97,91.88,3.0,42.5,18037.6,393.11,26.98,7.41,135.47,3.84,50.31,87.09,3.21,27.9,20.38,2303.71,166.34,Normal,0
96.68,68.13,2.29,44.57,15209.5,365.37,13.78,8.05,131.28,4.11,49.51,83.1,3.41,21.86,18.03,1782.1,172.88,Normal,0
85.22,54.28,1.83,77.89,13304.1,344.08,58.07,7.75,132.43,3.86,48.42,83.58,3.49,22.55,15.93,1428.05,175.6,Scavenge Fire Warning,2
103.47,90.34,2.99,45.87,17813.5,394.89,13.32,7.53,136.86,3.8,52.18,87.04,3.34,30.69,20.37,2304.88,170.21,Normal,0
101.9,85.52,2.24,42.63,19626.3,449.19,6.64,7.93,133.3,3.86,50.43,85.02,3.16,28.3,19.48,2266.56,182.12,Turbocharger Fouling,1
93.4,72.03,2.3,45.86,15754.9,373.81,8.43,7.64,130.31,3.83,49.44,84.19,3.18,20.41,17.19,1859.87,172.17,Normal,0
96.27,74.59,2.45,42.18,16053.7,369.01,14.74,7.85,133.19,4.03,48.62,85.32,3.39,21.07,17.21,1910.13,169.38,Normal,0
89.23,54.99,1.88,78.04,13283.5,340.22,36.7,7.2,132.93,4.17,48.13,84.21,3.29,18.39,16.41,1512.92,177.94,Scavenge Fire Warning,2
103.71,88.46,2.96,45.25,17530.4,384.91,29.58,7.66,131.84,3.68,51.49,84.71,3.05,22.39,19.69,2218.69,167.4,Normal,0
103.52,83.34,2.75,44.38,17228.4,395.71,17.96,7.68,136.38,3.8,47.27,86.39,3.26,35.75,18.14,2068.54,164.79,Normal,0
81.22,39.68,1.62,40.77,11210.5,337.25,21.11,6.96,131.13,4.24,47.84,85.06,3.17,33.86,14.45,1122.07,190.66,Normal,0
100.54,79.43,2.57,43.4,16562.0,389.0,8.41,8.03,133.53,3.93,49.55,86.84,3.53,26.3,19.06,2023.95,170.82,Normal,0
95.68,68.71,2.39,45.44,14966.4,376.16,12.02,7.09,135.33,3.94,49.59,85.41,3.13,32.84,18.47,1736.67,169.98,Normal,0
105.21,92.25,3.21,45.4,18422.5,391.58,58.22,5.41,134.14,3.88,50.42,84.85,3.66,26.14,19.81,2653.19,189.56,Fuel Injector Clogged,3
103.92,97.54,3.16,88.16,18706.8,404.3,50.14,6.5,133.99,3.91,51.91,84.4,3.79,33.84,20.3,2515.19,171.18,Scavenge Fire Warning,2
103.78,93.09,2.37,44.87,21415.6,430.21,7.57,7.67,133.19,3.89,50.29,82.94,3.27,21.64,19.57,2507.31,179.51,Turbocharger Fouling,1
102.69,85.67,2.85,45.05,17041.1,392.36,15.32,6.92,131.95,3.89,49.79,86.67,3.29,21.05,20.03,2172.56,168.82,Normal,0
102.98,84.84,2.66,46.13,16830.1,383.73,7.48,7.32,133.41,3.86,50.77,85.63,3.57,19.56,19.39,2186.82,170.94,Normal,0
102.03,83.46,2.78,43.77,16880.9,385.07,11.12,7.79,136.64,4.07,51.29,84.84,3.6,22.84,18.42,2117.78,167.73,Normal,0
98.83,79.15,2.64,43.53,16452.1,379.52,12.04,7.57,133.91,3.84,50.25,82.85,3.31,20.93,18.99,1997.92,167.76,Normal,0
94.78,65.21,2.2,43.25,14538.3,365.77,22.36,7.28,135.42,3.94,49.95,83.19,3.32,33.97,16.77,1700.48,173.72,Normal,0
98.58,72.0,2.35,45.07,15666.6,375.24,52.64,4.84,137.79,4.14,49.02,82.76,3.32,22.8,17.27,1967.19,176.09,Fuel Injector Clogged,3
104.87,88.64,2.94,43.04,17533.8,391.55,14.2,7.46,136.5,3.89,50.11,87.28,3.25,28.32,19.15,2228.27,168.83,Normal,0
90.17,55.92,1.53,43.23,14374.7,398.2,8.99,7.8,131.81,3.97,50.0,85.0,3.56,33.12,15.8,1518.47,182.61,Turbocharger Fouling,1
99.54,79.88,2.81,43.69,16606.2,381.65,9.13,7.75,136.12,3.98,50.12,83.63,3.43,31.54,18.05,2031.04,167.94,Normal,0
92.6,60.43,2.1,42.35,13859.6,368.71,10.35,8.13,137.62,3.99,48.48,105.76,1.88,22.09,15.9,1560.55,172.9,Cooling System Issue,4
107.4,97.88,3.04,89.8,18654.9,388.5,43.47,7.27,133.54,3.7,50.44,85.05,3.41,19.54,19.88,2574.57,174.0,Scavenge Fire Warning,2
101.2,80.78,2.62,44.17,16938.6,373.21,12.22,7.04,131.04,3.91,50.67,85.65,3.33,36.24,18.35,2075.74,168.94,Normal,0
106.41,94.46,3.02,46.69,18698.1,403.47,18.27,7.61,133.9,3.7,51.38,86.2,3.85,30.44,19.16,2444.7,170.57,Normal,0
104.11,89.96,3.11,46.28,17619.0,394.61,10.77,7.57,135.47,4.11,49.21,85.49,3.36,32.13,19.87,2216.07,167.57,Normal,0
100.09,82.1,2.63,42.8,16889.1,384.72,17.6,7.5,136.48,3.91,50.06,84.92,3.53,25.72,17.74,2083.56,168.22,Normal,0
98.7,76.56,2.53,41.36,15948.1,381.04,14.53,7.24,133.7,3.75,49.44,85.1,3.48,22.83,18.04,1953.61,170.79,Normal,0
98.69,73.58,2.42,45.12,15634.9,373.69,9.37,6.57,129.91,3.85,49.25,84.61,3.37,28.61,18.39,1829.72,166.66,Normal,0
98.51,77.11,2.6,42.54,16005.9,371.92,15.49,7.15,131.81,4.01,50.8,85.38,3.48,19.56,19.01,1915.51,165.12,Normal,0
104.97,89.03,2.85,42.63,17249.1,396.32,12.95,7.69,135.9,3.68,49.77,85.91,3.44,34.0,19.11,2201.2,165.54,Normal,0
101.99,82.04,1.96,46.1,18441.2,447.45,7.09,7.6,139.98,4.28,49.12,84.65,3.85,31.09,19.4,2145.52,172.16,Turbocharger Fouling,1
106.61,97.15,2.33,44.24,20879.5,442.87,8.06,7.84,134.95,3.59,49.56,87.21,3.38,33.23,20.01,2716.51,182.24,Turbocharger Fouling,1
104.5,86.34,2.79,43.75,17144.3,393.44,16.19,7.62,138.28,3.99,49.71,84.45,2.93,29.39,20.55,2144.03,165.79,Normal,0
87.52,54.0,1.86,45.28,13488.8,352.7,10.57,7.76,132.36,3.91,47.69,84.63,3.79,29.56,15.25,1442.16,177.39,Normal,0
89.87,54.21,1.87,39.85,13180.2,349.48,13.86,7.77,133.38,3.86,47.57,83.76,3.31,30.01,15.55,1447.85,178.9,Normal,0
99.27,76.43,2.63,42.23,15914.0,389.28,19.13,7.51,129.15,3.97,48.55,84.01,3.42,33.68,18.36,1886.53,163.93,Normal,0
94.01,66.0,2.22,42.59,14865.9,373.12,12.05,7.51,135.92,3.87,48.14,84.31,3.3,22.51,16.51,1733.11,172.91,Normal,0
97.3,75.56,2.42,43.68,15605.8,382.47,19.77,6.48,132.77,4.14,48.64,84.23,3.29,31.63,17.75,1946.0,171.15,Normal,0
100.89,81.78,2.65,43.2,16922.2,402.76,8.2,7.27,136.5,3.66,50.08,107.65,1.75,29.05,19.04,2105.45,171.78,Cooling System Issue,4
99.96,79.86,2.64,42.65,16394.0,378.65,19.57,7.29,133.74,3.96,47.63,85.08,3.04,27.9,18.7,2067.44,170.95,Normal,0
102.13,88.37,2.77,47.33,17763.5,386.74,9.39,7.46,140.05,3.81,49.27,87.18,3.27,28.82,19.37,2298.62,173.88,Normal,0
99.33,78.42,2.73,44.67,16585.7,384.91,14.32,7.17,139.48,3.93,49.43,84.0,3.49,23.44,18.43,1976.26,168.5,Normal,0
98.69,78.56,2.67,45.16,16461.0,376.18,17.22,7.83,129.24,3.96,50.68,82.51,3.1,18.74,16.99,1989.14,169.64,Normal,0
101.38,81.01,2.78,44.28,16448.2,381.36,24.59,7.19,136.48,3.62,49.4,85.71,3.49,33.18,18.79,2012.13,167.51,Normal,0
104.23,85.88,2.84,45.3,16960.3,379.47,31.46,7.89,133.14,3.89,49.71,87.5,3.82,36.32,18.78,2175.13,169.84,Normal,0
94.25,69.63,2.18,44.97,14888.7,371.9,8.4,7.16,136.62,4.08,49.05,85.37,3.45,27.62,17.39,1775.3,169.89,Normal,0
101.79,78.76,2.73,42.81,16587.5,366.68,26.47,7.29,131.64,3.95,47.72,84.02,3.15,34.76,17.53,1949.15,164.7,Normal,0
94.66,67.67,2.23,43.81,14929.2,363.82,15.05,7.26,138.6,3.87,49.7,83.48,3.47,29.11,17.83,1683.4,167.27,Normal,0
102.65,88.82,2.25,46.15,19649.2,430.07,10.27,7.33,137.58,3.63,50.61,87.98,3.57,36.61,19.77,2469.21,179.87,Turbocharger Fouling,1
104.4,87.99,2.88,47.36,17469.6,386.5,21.54,7.91,131.47,3.92,50.77,85.06,3.63,28.17,18.66,2205.68,169.27,Normal,0
103.36,89.03,3.0,48.04,17866.5,377.23,84.07,4.94,134.55,4.13,52.51,84.34,3.43,22.1,19.57,2553.26,195.75,Fuel Injector Clogged,3
97.61,74.05,2.56,44.03,15928.1,358.45,13.87,7.39,135.41,4.0,48.03,86.39,3.51,35.4,19.02,1881.47,167.4,Normal,0
93.97,66.9,2.35,45.06,14958.9,357.65,13.71,7.24,136.8,4.11,47.52,84.5,3.55,34.01,17.44,1683.05,168.79,Normal,0
94.22,68.5,2.29,39.47,15202.6,369.94,23.29,7.41,134.97,4.07,49.79,82.31,3.51,25.96,16.3,1746.85,169.81,Normal,0
103.66,86.21,2.79,47.22,17315.3,390.07,81.13,5.5,136.97,3.8,49.54,87.95,3.46,34.84,18.85,2450.69,188.69,Fuel Injector Clogged,3
99.62,79.31,2.65,43.26,16479.6,379.0,16.68,7.42,134.82,3.9,48.58,85.87,3.29,18.18,18.61,2047.07,170.79,Normal,0
93.29,68.09,2.3,43.09,15059.5,358.03,18.59,7.45,136.53,4.06,48.78,82.91,3.57,33.99,18.74,1750.98,170.5,Normal,0
91.8,60.09,2.15,91.76,14011.1,357.84,56.07,7.86,131.58,3.72,48.09,86.08,3.3,31.76,15.98,1559.92,175.25,Scavenge Fire Warning,2
101.39,86.33,2.88,44.68,17457.0,373.52,17.37,7.6,134.94,3.95,51.61,84.2,3.87,25.59,19.11,2164.97,168.31,Normal,0
101.16,85.6,2.84,45.14,17279.9,367.83,15.07,7.1,137.88,4.05,52.11,84.09,3.28,33.83,18.49,2199.59,171.38,Normal,0
102.3,81.48,2.48,46.9,16491.0,379.9,21.78,7.47,138.53,3.87,48.03,84.19,3.54,20.53,19.27,2110.37,170.97,Normal,0
105.9,98.16,3.16,45.28,18886.2,398.33,17.14,7.31,135.43,3.93,48.94,88.25,3.17,22.07,20.11,2517.61,171.38,Normal,0
95.71,75.84,2.51,42.44,16034.8,382.91,8.12,7.68,134.75,3.81,48.65,87.49,3.31,28.67,16.57,1942.52,169.03,Normal,0
99.3,75.99,2.54,46.8,16133.3,376.25,10.43,7.54,138.42,3.9,48.73,84.38,3.29,35.62,17.98,1899.68,166.25,Normal,0
104.36,91.16,2.89,46.08,17872.4,407.16,17.81,7.9,134.75,3.79,49.33,87.69,3.15,20.6,19.59,2332.68,171.5,Normal,0
100.26,80.64,2.55,47.33,16758.9,376.42,12.54,7.24,137.86,3.95,49.43,82.48,3.3,29.29,18.89,2016.45,167.22,Normal,0
97.51,74.46,2.52,45.25,15793.5,376.96,10.69,7.43,134.73,3.89,48.9,103.83,2.13,33.06,18.18,1873.11,166.87,Cooling System Issue,4
98.54,75.32,2.48,42.04,16074.5,372.13,9.39,7.13,135.1,3.65,48.04,86.65,3.36,32.87,18.55,1868.34,164.25,Normal,0
92.38,64.44,2.25,87.25,14454.5,371.6,66.74,7.49,132.24,3.83,47.87,86.39,3.61,30.56,17.05,1693.89,173.8,Scavenge Fire Warning,2
102.12,80.21,2.59,42.94,16440.4,378.62,13.34,6.96,131.88,4.17,51.16,85.3,3.23,36.82,18.67,2029.03,168.39,Normal,0
98.96,81.13,2.78,44.5,16774.0,388.25,12.21,7.61,137.45,3.96,49.29,100.79,2.66,27.64,18.71,2057.58,168.52,Cooling System Issue,4
102.95,85.28,2.87,44.71,17087.5,377.98,54.57,6.09,139.31,3.54,49.43,84.55,3.29,35.6,18.85,2424.39,190.83,Fuel Injector Clogged,3
101.9,82.1,2.72,42.14,17247.2,379.3,8.6,7.55,135.26,4.05,48.17,85.31,3.6,30.39,19.14,2086.97,166.54,Normal,0
105.25,94.98,3.04,44.38,18496.8,398.05,12.23,7.78,134.58,3.65,49.81,105.63,2.02,32.75,20.53,2415.93,169.53,Cooling System Issue,4
95.29,71.37,2.47,47.02,15426.6,379.32,13.76,7.58,137.56,4.05,50.17,84.59,3.58,27.3,17.75,1795.7,170.22,Normal,0
100.35,77.32,2.6,44.54,16345.2,359.07,16.0,7.05,135.84,4.08,50.07,86.45,3.37,21.35,18.05,1978.47,170.42,Normal,0
100.52,83.52,2.76,44.42,16834.5,381.74,13.32,7.31,129.0,3.88,50.57,85.6,3.64,20.18,18.29,2122.16,169.25,Normal,0
101.4,84.57,2.85,47.48,17274.0,382.78,75.4,5.72,137.48,3.71,48.6,87.41,3.1,31.65,19.25,2323.63,187.22,Fuel Injector Clogged,3
107.7,96.25,3.21,45.11,18727.7,383.69,9.8,7.39,131.66,3.71,49.11,86.15,3.48,25.53,19.54,2500.71,173.09,Normal,0
99.25,77.51,2.47,44.06,16465.1,373.18,15.23,7.43,134.97,3.98,50.62,87.73,3.42,29.35,18.46,1950.63,169.11,Normal,0
101.37,88.08,2.78,46.53,17413.3,377.78,13.24,8.07,133.9,3.68,50.79,87.0,3.55,32.92,19.45,2260.0,170.62,Normal,0
99.02,72.27,2.36,43.18,15265.2,351.7,12.15,7.54,133.4,3.82,48.99,84.79,3.39,33.73,18.51,1834.9,168.43,Normal,0
102.55,87.21,2.72,43.86,17267.3,386.92,12.43,7.63,135.12,3.93,50.78,85.7,3.22,28.19,20.12,2183.35,166.3,Normal,0
101.61,84.48,2.76,41.38,16997.5,383.23,9.07,6.8,137.23,3.76,48.6,84.37,3.2,24.29,17.2,2147.91,168.34,Normal,0
106.42,94.84,3.1,44.18,18721.7,396.59,13.21,7.76,135.08,4.03,49.02,85.99,3.4,33.52,19.89,2464.29,172.73,Normal,0
103.43,85.94,2.8,43.46,17726.0,389.45,10.13,8.5,138.52,3.7,48.25,84.26,3.35,26.31,17.9,2162.31,166.81,Normal,0
102.61,79.99,2.6,44.64,16575.1,372.96,12.43,7.97,138.84,3.39,49.96,86.8,3.55,36.73,19.3,2001.48,165.19,Normal,0
99.31,82.53,2.8,43.69,16818.0,397.49,13.79,7.35,138.81,3.75,49.93,84.89,3.57,34.49,18.83,2056.27,166.64,Normal,0
102.7,83.53,2.75,47.92,16864.2,384.15,10.83,8.3,134.86,3.91,49.24,102.72,1.87,32.94,19.63,2138.58,170.86,Cooling System Issue,4
98.53,73.88,2.5,42.32,15916.5,382.64,7.06,7.51,133.8,4.03,48.54,82.22,3.4,22.82,18.17,1873.67,169.55,Normal,0
97.45,73.83,2.56,46.01,16209.8,358.84,22.21,7.61,134.92,3.84,51.74,84.63,3.59,25.26,17.2,1852.79,168.32,Normal,0
102.79,83.87,2.74,45.04,17376.5,378.16,9.37,7.41,137.81,3.82,49.51,84.91,3.36,34.98,18.39,2087.49,166.29,Normal,0
102.84,83.54,2.9,45.89,17193.0,389.92,13.42,7.4,137.66,3.86,51.15,86.45,3.36,18.46,18.86,2127.02,168.74,Normal,0
102.3,89.18,2.86,46.25,17894.7,389.66,14.9,6.71,128.51,4.1,49.87,86.19,3.16,33.63,19.81,2280.12,169.63,Normal,0
92.7,59.04,2.21,39.4,14063.5,345.22,17.4,7.78,135.76,4.02,48.16,85.58,3.56,26.08,16.64,1528.9,175.5,Normal,0
96.95,76.62,2.47,44.11,16066.9,361.06,7.14,7.4,129.08,3.82,50.86,85.6,3.38,33.99,18.39,2016.06,173.18,Normal,0
99.16,80.62,2.7,44.06,16416.0,386.65,11.6,7.43,134.95,4.19,50.42,86.7,3.6,29.05,18.44,2056.45,168.99,Normal,0
103.2,88.06,2.81,43.34,17502.4,395.28,20.58,7.6,133.68,3.85,49.94,86.03,3.18,28.54,20.04,2216.93,167.59,Normal,0
104.91,85.74,2.89,45.55,17310.1,389.12,25.55,7.35,132.91,3.55,50.99,83.78,3.31,32.03,19.23,2110.58,165.72,Normal,0
98.15,75.91,2.49,46.65,15668.6,370.92,11.0,7.59,137.12,3.69,51.94,84.93,3.57,34.13,18.24,1885.2,167.13,Normal,0
102.04,84.43,2.79,40.74,17020.1,376.63,14.46,7.92,133.38,3.95,49.07,85.33,3.46,31.87,19.2,2142.33,167.38,Normal,0
103.45,83.58,2.69,43.88,16765.7,384.05,10.0,7.64,134.98,3.6,50.23,81.42,3.19,27.01,18.69,2144.46,169.85,Normal,0
96.79,72.79,2.51,41.95,15821.5,360.46,13.31,7.45,132.67,3.98,48.87,83.69,3.57,24.42,17.7,1846.2,167.54,Normal,0
94.3,69.6,2.3,43.68,15079.3,360.99,18.12,7.46,135.18,3.8,48.2,87.23,3.17,34.91,17.9,1748.19,167.64,Normal,0
102.68,87.19,2.98,44.49,17471.3,399.08,10.0,7.57,137.4,4.03,48.96,85.16,3.55,28.42,19.75,2241.07,169.85,Normal,0
105.04,87.75,2.78,44.11,17314.3,374.88,13.97,7.21,132.81,3.87,51.54,85.38,3.22,33.67,19.86,2186.21,167.66,Normal,0
100.7,80.85,2.56,45.5,16957.2,386.48,16.85,7.57,136.6,3.63,47.81,82.62,3.62,37.91,18.56,2032.92,169.16,Normal,0
107.82,93.22,3.09,47.91,17777.8,408.47,15.2,7.74,135.14,3.96,50.7,84.11,3.42,30.88,19.93,2377.15,168.93,Normal,0
100.35,78.12,2.54,48.24,16370.2,384.18,41.97,6.14,135.12,4.09,48.69,85.71,3.46,23.57,18.06,2208.31,188.91,Fuel Injector Clogged,3
103.08,88.92,2.89,76.72,17334.1,394.34,41.96,7.35,134.12,3.65,51.77,85.0,3.39,35.31,19.92,2240.59,168.03,Scavenge Fire Warning,2
92.49,62.68,2.13,40.28,14223.0,354.64,8.2,7.4,136.93,3.83,48.55,83.18,3.42,23.47,16.39,1602.97,173.32,Normal,0
101.94,86.65,2.72,45.77,17377.2,383.15,6.77,7.73,136.68,3.93,49.54,87.02,3.41,23.21,19.37,2145.93,168.38,Normal,0
98.66,78.1,2.58,46.66,16318.7,359.64,8.77,7.11,134.67,3.99,51.08,84.28,3.53,19.48,18.95,1924.81,165.61,Normal,0
104.66,77.69,2.68,45.44,16262.3,377.41,9.52,7.21,135.51,4.24,50.37,96.2,1.87,19.57,18.46,1922.73,165.47,Cooling System Issue,4
94.02,63.43,2.26,45.48,14462.0,356.07,8.93,6.94,136.86,4.08,49.41,84.59,3.66,35.25,17.21,1617.72,171.49,Normal,0
98.46,73.41,2.47,43.53,15535.6,366.18,13.2,7.51,136.35,4.27,50.11,83.96,3.27,22.61,17.81,1835.34,165.82,Normal,0
94.97,69.62,2.44,42.66,15166.6,366.87,26.23,7.8,134.23,3.92,48.05,83.81,3.55,20.17,16.5,1777.85,168.79,Normal,0
104.49,85.76,2.72,45.03,17227.1,387.7,12.1,7.97,137.91,3.91,50.6,85.36,3.5,25.05,18.74,2183.33,169.01,Normal,0
101.87,80.71,2.63,43.96,16631.6,375.8,14.47,8.04,137.16,3.79,49.43,84.46,3.62,32.27,18.69,1987.97,165.64,Normal,0
106.19,89.12,2.93,46.12,17625.5,404.3,18.21,7.26,140.28,3.77,50.37,83.56,3.42,24.79,19.05,2293.03,170.94,Normal,0
101.78,78.4,2.58,45.73,16460.4,383.84,24.01,7.59,131.08,3.91,50.01,85.81,3.46,24.19,18.74,1990.22,170.81,Normal,0
103.25,91.96,2.96,46.93,18015.7,402.12,13.14,7.36,136.75,3.74,49.03,86.72,3.46,27.76,18.86,2404.87,172.31,Normal,0
94.88,70.7,2.28,44.42,15382.3,367.55,8.89,8.08,137.88,3.53,49.78,84.53,3.18,18.42,16.55,1810.41,170.63,Normal,0
106.72,99.78,3.03,46.35,18888.2,408.81,21.86,7.96,137.51,3.7,50.3,107.92,2.21,27.82,20.9,2602.05,174.71,Cooling System Issue,4
95.43,71.47,2.47,44.91,15202.5,362.17,11.07,7.56,134.37,4.08,47.98,84.42,3.99,37.8,17.6,1818.74,169.57,Normal,0
105.66,92.62,3.01,42.46,18111.1,401.1,20.77,7.28,131.59,3.84,50.02,83.41,3.69,33.99,20.01,2379.94,171.13,Normal,0
104.94,93.52,3.09,45.8,18455.7,395.27,16.79,6.29,138.85,3.84,50.23,86.82,3.26,19.41,19.57,2388.83,169.53,Normal,0
105.82,87.58,2.82,45.09,17545.5,381.3,17.82,7.0,133.8,3.74,50.53,85.38,3.08,31.1,19.66,2189.44,168.81,Normal,0
95.51,64.31,2.14,43.46,14358.8,360.2,66.28,4.57,134.26,3.99,46.51,84.75,3.41,27.22,17.92,1869.21,189.53,Fuel Injector Clogged,3
95.58,69.33,2.34,43.41,15344.9,364.32,15.51,6.99,140.17,4.17,49.51,84.65,3.59,34.52,18.44,1785.33,170.99,Normal,0
108.36,94.58,3.12,46.21,18248.8,416.81,11.03,8.16,131.82,4.03,49.74,85.57,3.39,19.97,19.6,2395.22,168.01,Normal,0
101.07,77.68,2.56,43.35,16367.2,380.58,17.79,7.05,137.05,3.94,50.31,85.28,3.74,22.65,18.13,2012.44,168.5,Normal,0
99.33,79.07,2.68,46.02,16303.0,391.48,8.85,7.13,133.12,3.76,49.56,85.36,3.26,33.82,18.61,2038.67,170.14,Normal,0
102.78,92.39,2.91,46.1,18126.2,404.54,19.86,7.18,133.06,4.1,49.82,87.21,3.44,34.98,20.9,2333.05,169.1,Normal,0
87.98,54.54,1.91,85.3,13204.0,348.48,73.94,8.41,135.42,4.14,48.28,84.71,3.38,28.59,15.49,1478.87,177.5,Scavenge Fire Warning,2
101.59,85.15,2.78,43.77,17035.8,382.89,8.84,7.48,136.69,3.64,50.17,86.82,3.53,18.39,18.4,2112.07,164.67,Normal,0
104.73,90.55,3.03,46.47,17474.7,379.27,7.17,7.85,137.38,3.57,50.98,87.43,3.54,35.87,20.12,2326.96,169.8,Normal,0
99.72,78.48,2.61,44.59,16422.2,371.13,17.29,7.56,137.7,3.67,48.64,83.21,3.61,25.66,18.06,1949.96,165.06,Normal,0
97.04,72.37,2.57,87.4,15627.3,375.76,58.73,6.81,133.23,3.84,48.91,86.43,3.38,18.79,18.27,1842.68,167.77,Scavenge Fire Warning,2
99.05,75.69,2.41,43.97,16055.0,372.19,7.69,8.04,132.14,4.03,50.88,85.81,3.63,34.38,17.84,1925.67,168.18,Normal,0
96.31,74.17,2.49,44.88,15831.6,375.72,7.85,7.64,134.14,4.04,48.98,85.55,3.46,26.36,18.26,1869.51,167.3,Normal,0
104.61,89.6,2.92,46.0,17532.8,375.76,15.98,7.46,135.87,3.89,50.4,86.77,3.64,21.8,19.21,2265.63,169.06,Normal,0
100.7,82.34,2.76,45.32,17004.5,386.55,14.69,8.12,134.49,3.85,48.47,84.98,3.67,34.03,18.22,2078.47,168.83,Normal,0
82.65,44.42,1.58,41.69,12271.5,344.3,7.99,7.38,125.92,4.38,46.28,84.5,3.4,27.15,15.31,1231.24,186.91,Normal,0
100.93,78.86,2.15,45.85,18344.7,421.57,21.72,7.45,130.43,3.89,48.51,83.89,3.28,30.16,17.76,2070.36,176.02,Turbocharger Fouling,1
95.21,71.75,2.0,45.6,17188.5,410.75,17.15,7.38,134.4,3.9,48.54,83.18,3.44,34.46,18.09,1897.78,177.26,Turbocharger Fouling,1
103.78,89.59,2.82,46.27,17891.3,402.74,12.25,7.88,137.14,3.77,51.07,86.22,3.58,28.45,19.37,2280.7,169.06,Normal,0
100.68,81.36,2.68,43.63,16566.0,395.14,10.93,7.78,132.74,4.21,50.81,85.17,3.13,20.21,17.91,1984.68,163.59,Normal,0
99.97,80.8,2.64,42.88,16535.1,376.97,11.26,7.6,136.83,3.98,47.71,85.23,3.31,37.28,18.86,2041.24,167.22,Normal,0
100.97,79.12,2.84,43.51,16507.5,385.14,9.52,7.13,131.26,3.73,49.02,84.21,3.52,23.73,18.68,2020.01,171.69,Normal,0
103.0,88.96,2.97,48.05,17287.3,402.63,29.01,7.37,135.64,3.67,50.7,86.03,2.93,37.88,18.04,2287.75,171.08,Normal,0
94.93,69.35,2.35,43.97,14928.8,369.89,11.78,7.13,135.66,3.67,49.02,84.26,3.21,18.12,17.56,1756.45,166.85,Normal,0
100.95,83.75,2.74,47.89,16751.2,394.97,15.49,7.91,136.17,3.85,51.27,85.29,3.29,27.68,18.96,2081.91,167.12,Normal,0
105.99,91.05,3.03,45.1,17485.7,393.52,8.63,6.95,132.48,3.61,50.77,85.06,3.38,32.1,19.71,2317.13,169.48,Normal,0
101.79,85.18,2.87,44.43,17386.6,389.63,11.48,8.06,131.13,3.68,49.57,98.63,2.09,36.13,18.0,2154.24,169.42,Cooling System Issue,4
98.0,73.46,2.22,43.77,15245.1,366.85,13.86,7.95,136.82,4.07,49.13,84.69,3.35,33.61,18.19,1901.43,170.34,Normal,0
102.41,79.47,2.68,44.22,16509.5,378.02,13.53,7.18,131.18,4.02,49.52,104.05,1.93,23.11,18.86,2075.33,171.26,Cooling System Issue,4
99.72,78.93,2.61,43.15,16544.9,382.13,5.95,7.35,133.07,4.11,48.71,84.59,3.72,22.87,17.94,1974.97,166.11,Normal,0
103.42,84.47,2.66,43.03,16993.6,380.01,11.84,7.25,138.48,3.64,50.74,85.23,3.29,25.13,18.18,2151.01,168.74,Normal,0
109.6,98.87,3.24,46.66,18711.1,401.79,19.09,7.65,135.42,3.65,51.19,85.64,3.06,20.21,19.8,2538.77,169.81,Normal,0
97.32,70.42,2.55,45.22,15353.8,374.11,7.9,7.99,135.92,3.82,49.62,84.05,3.6,31.39,17.77,1809.27,170.2,Normal,0
91.88,61.61,2.17,46.6,14201.6,373.43,30.96,7.91,136.56,4.2,49.02,85.94,3.26,36.83,16.11,1596.2,174.06,Normal,0
99.3,75.93,2.61,43.42,16211.9,358.52,14.03,7.35,136.47,3.91,48.4,83.4,3.18,30.84,17.4,1910.02,168.29,Normal,0
97.58,77.32,2.71,43.66,15586.4,392.46,15.02,7.94,134.95,4.16,49.98,84.99,3.52,28.67,19.6,1958.03,169.42,Normal,0
101.76,85.97,2.74,43.72,17044.2,385.38,7.82,7.91,132.75,3.95,50.0,84.43,3.31,28.07,19.16,2125.15,166.81,Normal,0
103.77,90.58,2.79,46.93,17945.5,400.94,14.07,7.43,141.71,3.82,52.08,86.3,3.43,29.85,19.42,2284.1,167.04,Normal,0
107.19,90.59,2.99,46.47,17834.9,402.53,13.71,7.5,134.27,3.92,48.78,85.78,3.29,32.21,19.2,2261.13,167.78,Normal,0
86.77,53.62,1.88,40.97,13368.3,359.54,48.61,5.97,135.83,3.73,47.69,85.56,3.32,33.9,15.84,1544.88,190.16,Fuel Injector Clogged,3
95.05,70.33,2.26,42.27,15349.3,362.09,20.2,7.87,136.1,3.61,47.58,85.69,3.22,31.97,18.76,1803.93,172.02,Normal,0
90.7,61.71,2.12,44.37,14184.6,355.34,9.61,7.93,133.67,3.99,48.56,84.57,3.18,32.1,17.35,1582.39,171.3,Normal,0
106.02,92.82,3.06,46.0,18035.8,395.59,12.25,8.4,133.94,3.83,48.44,105.6,2.51,37.03,21.25,2362.69,169.1,Cooling System Issue,4
95.4,68.56,2.31,44.62,15582.0,362.85,57.71,6.21,138.72,4.22,50.27,85.75,3.25,35.99,17.75,1957.64,183.3,Fuel Injector Clogged,3
106.06,91.26,2.89,43.98,18244.9,404.62,54.46,5.3,133.15,3.63,51.2,84.56,3.14,34.48,19.1,2701.99,190.07,Fuel Injector Clogged,3
106.52,93.78,3.01,42.69,18331.0,396.61,9.5,7.98,136.03,3.88,50.06,86.68,3.6,18.87,20.07,2388.83,169.95,Normal,0
92.35,65.96,2.25,41.96,14761.9,349.5,12.84,8.2,137.24,4.04,47.95,85.0,3.45,31.38,17.6,1709.95,172.89,Normal,0
97.43,75.64,1.8,45.08,17815.3,424.13,13.38,7.29,134.46,3.95,47.88,85.61,3.4,27.1,18.55,1981.48,182.05,Turbocharger Fouling,1
101.65,79.4,2.61,47.52,16606.8,366.62,15.91,7.43,134.77,4.05,48.87,84.69,3.31,30.35,18.28,1997.61,166.92,Normal,0
104.77,91.92,2.17,44.71,20379.4,449.16,27.01,7.14,137.39,3.74,50.76,84.65,3.33,31.73,20.81,2495.4,174.68,Turbocharger Fouling,1
94.76,64.53,2.26,46.58,14401.5,366.05,95.05,6.15,134.66,4.07,48.12,83.34,3.35,32.29,16.37,1811.85,191.31,Fuel Injector Clogged,3
104.77,91.76,2.84,46.59,18362.8,389.47,17.19,7.81,129.81,3.92,52.04,81.58,3.6,35.39,19.92,2376.0,171.77,Normal,0
97.16,75.46,2.59,41.95,15987.0,371.1,15.52,7.17,138.76,4.07,50.89,84.17,3.36,36.2,17.99,1906.75,166.57,Normal,0
101.53,83.98,2.72,45.04,17440.5,382.78,10.87,7.9,132.56,3.79,49.78,88.29,3.61,30.14,18.51,2119.03,168.43,Normal,0
105.58,96.55,3.06,47.02,18610.5,401.82,6.91,7.34,135.54,3.64,49.88,86.85,3.39,35.88,20.32,2459.56,170.4,Normal,0
101.02,83.5,2.76,41.04,16884.1,388.51,38.78,7.31,131.71,3.77,49.19,85.72,3.36,33.29,19.69,2087.5,167.35,Normal,0
96.74,71.33,2.33,44.67,15720.3,375.62,10.72,7.9,133.72,3.76,50.81,86.01,3.22,22.05,18.02,1783.12,166.1,Normal,0
101.78,82.19,2.72,46.33,16840.4,400.79,10.84,7.28,133.91,3.79,49.04,84.98,3.79,18.71,18.97,2111.44,172.71,Normal,0
98.63,80.68,2.6,45.05,16614.7,381.84,8.32,7.01,135.44,3.83,50.57,84.76,3.4,18.2,17.45,2041.84,168.62,Normal,0
99.73,78.79,2.56,44.21,16084.9,384.38,59.11,6.17,132.81,3.75,49.57,84.8,3.4,29.73,19.04,2214.18,178.62,Fuel Injector Clogged,3
103.21,89.06,2.93,44.87,17778.1,378.63,11.09,7.45,139.96,3.84,50.72,84.68,3.73,28.43,19.22,2302.92,171.81,Normal,0
102.17,86.6,2.73,44.58,17216.8,385.22,22.63,7.92,135.06,3.68,49.08,84.68,3.47,31.93,19.55,2197.25,168.47,Normal,0
102.66,85.5,2.69,43.08,17089.0,384.71,23.44,7.79,137.2,3.85,49.51,85.4,3.49,34.86,19.67,2155.36,169.37,Normal,0
93.42,66.1,2.27,42.26,14655.1,354.49,11.45,6.89,134.98,3.86,48.95,84.72,3.41,21.29,17.4,1735.55,174.02,Normal,0
107.92,95.26,3.07,45.0,18504.0,394.79,21.02,7.96,137.49,3.8,49.66,87.4,3.26,35.13,18.85,2499.42,174.44,Normal,0
102.51,81.98,2.71,44.73,16410.0,381.62,12.79,8.16,129.75,3.93,50.94,86.51,3.62,19.96,19.64,2035.69,165.77,Normal,0
105.63,89.85,2.94,44.35,17684.6,388.27,9.38,7.86,133.24,3.78,49.28,83.81,3.15,35.66,20.62,2277.66,169.48,Normal,0
93.75,66.67,2.27,82.21,15049.3,384.15,35.28,7.88,133.7,3.82,48.42,84.31,3.22,35.01,17.82,1725.9,173.22,Scavenge Fire Warning,2
105.47,96.22,3.14,46.84,18253.6,404.37,15.47,7.41,133.68,3.72,51.69,84.52,3.26,31.94,19.71,2447.95,169.78,Normal,0
99.48,77.92,2.59,44.79,16277.6,393.4,10.96,7.33,136.3,4.04,50.67,81.99,3.45,24.0,19.14,1944.26,167.55,Normal,0
105.29,93.15,2.85,44.64,18004.7,408.38,14.88,7.57,136.47,4.02,51.78,85.83,3.4,19.87,19.68,2365.1,170.0,Normal,0
100.82,83.13,2.59,45.41,16802.3,378.8,16.11,7.82,134.81,3.79,47.83,86.02,3.06,33.56,18.86,2112.23,169.15,Normal,0
93.17,67.17,2.44,42.69,15260.8,364.27,12.24,7.81,134.88,3.91,49.22,84.77,3.82,22.36,18.1,1725.23,172.07,Normal,0
104.25,90.07,2.92,45.3,17395.4,389.11,10.76,7.35,141.1,3.58,50.14,86.13,3.54,26.82,19.94,2334.51,171.82,Normal,0
92.01,62.82,2.24,44.49,14521.2,357.23,11.38,7.31,135.81,3.92,48.27,84.11,3.31,28.62,15.56,1624.42,172.59,Normal,0
102.16,82.6,2.69,43.7,16719.8,375.44,20.49,6.98,129.44,3.65,50.04,84.07,3.48,31.71,18.97,2049.85,166.02,Normal,0
106.05,92.56,2.99,43.65,17953.6,392.16,8.65,7.73,136.93,3.76,49.84,85.26,3.48,27.75,20.5,2360.42,169.66,Normal,0
93.89,62.97,2.13,42.82,14127.1,361.59,8.66,7.36,136.4,4.11,49.0,86.16,3.34,31.89,16.16,1601.93,170.23,Normal,0
96.21,74.08,2.67,41.88,15925.9,375.27,10.65,7.39,137.9,3.68,52.74,85.41,3.47,34.28,18.62,1845.82,167.16,Normal,0
107.05,96.09,3.11,45.27,18469.1,402.14,20.74,8.1,136.5,3.68,50.64,84.02,3.47,32.26,19.13,2492.8,173.3,Normal,0
98.44,77.76,2.53,43.8,16150.1,376.72,21.17,7.71,132.74,3.75,49.86,85.27,3.6,23.99,18.26,1896.32,165.21,Normal,0
102.54,89.3,2.77,95.59,17686.4,398.51,41.0,7.61,137.23,3.59,50.84,87.1,3.41,35.89,19.81,2223.31,168.19,Scavenge Fire Warning,2
103.8,90.1,3.08,46.0,17725.4,390.57,19.42,7.79,135.25,3.97,50.24,86.52,3.46,29.01,19.41,2301.56,171.31,Normal,0
107.69,95.64,2.49,45.38,20055.0,444.58,10.36,8.0,137.62,3.86,49.21,87.37,3.36,27.31,20.79,2644.96,180.88,Turbocharger Fouling,1
100.98,82.82,2.78,46.4,16744.8,368.75,8.7,6.93,138.87,4.14,48.08,83.53,3.32,29.5,18.02,2078.43,166.51,Normal,0
103.85,84.18,2.83,86.54,17219.2,390.48,48.67,7.3,134.7,3.71,49.76,85.52,3.26,27.66,19.49,2120.75,166.46,Scavenge Fire Warning,2
95.95,68.69,2.29,44.6,14754.5,369.77,16.46,7.42,137.19,3.66,48.82,84.33,3.26,33.1,17.56,1788.04,173.07,Normal,0
104.78,92.57,3.05,47.19,17831.4,390.31,22.66,7.16,137.58,3.97,48.2,86.42,3.32,26.41,19.28,2347.6,171.12,Normal,0
106.25,91.53,2.91,45.12,17846.8,391.57,7.98,7.41,135.4,3.78,51.75,84.64,3.36,33.53,19.96,2290.34,168.37,Normal,0
100.39,79.04,2.53,44.32,16220.9,382.52,12.64,6.96,139.9,3.81,49.66,84.12,3.58,33.2,18.47,1996.36,167.93,Normal,0
103.42,90.68,3.03,42.89,17829.1,400.68,9.59,7.82,137.61,4.06,51.52,85.62,3.33,23.54,20.5,2335.44,171.88,Normal,0
108.01,93.97,3.02,47.38,18005.7,383.47,6.35,7.32,133.54,3.85,48.0,84.65,3.34,19.92,20.28,2356.24,169.14,Normal,0
102.05,83.6,2.78,44.47,16864.9,389.53,13.1,7.57,135.65,4.0,51.22,85.66,3.35,35.02,19.19,2073.4,166.36,Normal,0
102.51,85.45,2.08,43.33,19353.8,414.58,15.65,7.52,137.15,3.76,49.36,82.97,3.39,21.38,18.71,2311.5,181.6,Turbocharger Fouling,1
98.58,78.45,2.65,45.39,16449.6,387.07,11.6,7.7,139.8,3.78,50.79,86.55,3.71,18.62,18.54,1967.51,165.33,Normal,0
103.52,84.5,2.64,95.97,17336.3,370.91,63.48,6.64,136.55,3.81,50.02,82.04,3.33,26.05,18.68,2126.74,166.96,Scavenge Fire Warning,2
90.68,57.98,1.98,41.99,13689.9,372.04,12.02,7.66,135.72,4.07,49.06,85.4,3.5,23.08,16.47,1512.46,174.4,Normal,0
101.74,81.75,2.66,45.9,17134.5,375.1,7.9,7.4,138.16,3.88,50.13,84.57,3.46,22.41,19.51,1999.01,162.73,Normal,0
87.76,54.78,1.87,41.73,13307.4,359.92,11.86,7.64,134.45,4.05,48.04,82.45,3.41,21.45,16.03,1462.46,177.7,Normal,0
99.27,75.34,2.54,42.95,16099.6,373.62,7.06,7.09,132.53,3.51,48.74,85.22,3.23,32.98,17.29,1917.23,169.55,Normal,0
108.06,97.14,3.21,45.15,19067.9,394.88,78.34,5.41,136.76,3.53,50.01,86.95,3.49,33.67,20.53,2933.39,199.34,Fuel Injector Clogged,3
98.31,77.29,2.67,41.17,16192.1,378.74,68.68,6.59,134.05,3.57,48.01,86.48,3.05,18.93,18.81,2198.28,189.11,Fuel Injector Clogged,3
101.82,88.06,2.84,79.1,17204.9,398.3,46.84,7.57,141.79,3.79,49.48,86.87,3.22,28.94,20.32,2227.66,166.92,Scavenge Fire Warning,2
100.1,77.97,2.61,44.05,16266.8,365.05,6.04,7.25,135.63,3.68,48.81,84.09,3.3,20.7,18.93,1960.07,167.16,Normal,0
102.06,89.16,2.93,44.72,17510.1,397.06,20.61,7.26,136.77,4.1,48.52,85.81,3.36,27.99,19.31,2308.3,172.98,Normal,0
103.8,88.31,2.22,44.66,19970.6,427.45,9.38,7.7,133.43,3.84,50.43,83.4,3.42,24.96,19.55,2412.77,181.43,Turbocharger Fouling,1
103.64,89.76,2.84,45.2,18156.1,396.81,23.67,7.7,138.16,3.87,50.05,85.69,3.65,22.04,19.76,2294.35,171.52,Normal,0
90.32,55.69,2.1,43.44,13191.7,349.7,16.13,7.62,134.93,3.81,48.75,84.63,3.51,36.96,16.55,1482.99,175.72,Normal,0
98.11,76.06,2.6,90.18,16073.9,370.5,56.94,7.49,134.69,3.73,50.12,84.59,3.43,37.13,16.74,1895.39,167.8,Scavenge Fire Warning,2
105.8,90.53,3.01,43.2,17622.9,384.25,12.49,7.57,134.75,4.07,49.84,83.42,3.34,29.28,19.26,2299.31,169.52,Normal,0
93.25,65.66,2.33,44.12,14639.5,367.45,18.3,7.48,131.77,4.2,48.02,83.91,3.34,21.76,17.52,1682.31,172.93,Normal,0
100.87,78.59,2.64,45.04,16488.1,383.58,13.58,7.37,134.37,3.95,49.84,98.69,2.31,29.67,19.13,1969.36,167.17,Cooling System Issue,4
95.83,64.6,2.13,43.48,14644.9,366.05,7.83,7.77,136.37,3.64,45.98,106.67,1.97,36.57,16.76,1658.13,172.76,Cooling System Issue,4
102.91,89.8,2.9,46.8,17675.3,395.67,9.28,7.61,131.14,3.78,49.93,98.66,2.15,25.56,19.28,2292.27,169.44,Cooling System Issue,4
99.53,77.45,2.44,44.24,16038.2,384.37,23.12,7.95,137.55,3.94,50.25,84.91,3.61,20.75,18.21,1921.0,165.67,Normal,0
83.13,40.39,1.56,42.9,11618.5,341.74,12.15,7.89,134.33,4.0,48.86,84.08,3.27,31.87,14.76,1148.27,191.53,Normal,0
104.8,91.16,2.94,47.4,18271.0,378.94,12.96,7.6,135.61,3.52,49.57,83.79,3.31,31.13,20.17,2338.7,172.08,Normal,0
106.31,95.17,3.06,81.76,18197.8,380.23,50.96,7.71,129.41,4.1,48.04,84.01,3.58,18.03,19.6,2449.71,171.46,Scavenge Fire Warning,2
98.24,73.12,2.54,42.73,16060.5,385.14,59.58,4.75,135.56,3.78,46.66,84.04,2.92,35.07,18.47,2066.66,180.03,Fuel Injector Clogged,3
102.75,86.0,2.77,87.89,17514.0,376.77,45.7,7.47,132.39,3.65,50.51,84.83,3.29,31.21,20.02,2202.64,171.39,Scavenge Fire Warning,2
93.69,69.65,2.33,45.43,15508.1,358.38,12.38,7.62,134.12,3.92,48.78,86.94,3.2,21.91,17.38,1775.44,170.39,Normal,0
98.67,73.15,1.81,41.61,18072.8,429.93,11.22,6.95,131.08,4.09,51.31,85.01,3.45,18.06,17.69,1970.95,173.45,Turbocharger Fouling,1
101.01,87.79,2.71,44.44,17731.2,376.5,20.64,7.65,132.8,3.93,48.54,99.13,1.97,37.45,19.43,2183.96,168.33,Cooling System Issue,4
96.51,72.48,2.41,43.28,15338.5,367.55,10.89,7.16,134.59,3.71,49.6,84.97,3.5,33.09,17.53,1841.04,169.38,Normal,0
103.69,84.85,2.58,43.49,16959.3,378.48,21.79,7.2,134.32,3.64,51.48,82.96,3.67,25.3,19.01,2125.36,168.82,Normal,0
95.69,70.5,2.33,44.95,15481.2,366.26,10.53,7.31,137.21,3.59,49.38,83.74,3.5,26.66,16.82,1788.46,170.38,Normal,0
104.56,92.93,3.07,46.0,18181.1,398.4,12.4,7.49,130.33,3.78,48.59,84.82,3.44,28.78,20.34,2377.05,170.18,Normal,0
104.93,88.97,2.93,44.05,17588.9,388.47,9.98,7.04,134.87,3.77,52.78,84.33,3.84,32.37,20.45,2248.96,168.78,Normal,0
104.68,93.75,2.98,46.41,17668.7,394.04,12.62,7.8,134.75,3.9,51.8,87.23,3.02,21.46,19.5,2425.82,170.87,Normal,0
102.91,90.27,2.93,44.98,17687.4,394.9,11.96,7.56,133.86,3.74,49.83,86.4,3.8,21.91,18.59,2305.66,171.17,Normal,0
100.53,79.86,2.55,43.05,16223.9,388.18,17.33,8.17,132.72,4.03,50.41,83.74,3.71,18.97,19.14,1989.85,166.63,Normal,0
102.22,85.33,2.79,43.76,17274.4,399.48,12.17,7.61,137.76,3.96,50.67,83.89,3.37,37.72,18.85,2156.27,168.28,Normal,0
93.52,68.09,2.54,44.1,14969.1,363.36,23.19,7.7,140.12,3.82,49.71,83.21,3.27,35.51,17.07,1742.08,170.62,Normal,0
103.84,86.94,2.34,46.36,19446.8,453.66,9.87,7.2,130.71,3.91,48.53,85.25,3.28,29.06,19.19,2317.16,177.84,Turbocharger Fouling,1
102.13,83.18,2.73,43.92,17478.7,390.99,14.84,7.09,132.69,4.07,50.07,85.57,3.35,26.61,18.17,2119.12,169.08,Normal,0
96.98,73.38,2.47,44.69,15900.3,361.86,15.99,7.72,132.49,3.76,50.76,85.43,3.62,22.75,18.26,1884.81,169.36,Normal,0
84.58,48.64,1.68,44.26,12812.1,330.71,19.57,7.12,134.3,3.97,48.69,82.73,2.96,29.9,14.86,1278.9,178.62,Normal,0
106.23,93.66,2.96,43.6,18691.9,392.46,9.74,7.72,138.14,3.79,50.61,100.85,2.45,31.81,19.19,2412.27,170.87,Cooling System Issue,4
106.83,92.96,3.03,45.97,18296.5,407.76,18.72,8.1,136.32,3.77,49.65,85.65,3.4,31.78,19.11,2402.53,173.35,Normal,0
106.07,95.64,3.04,46.9,18285.4,395.54,28.15,7.83,134.62,3.94,49.4,87.26,3.61,18.13,20.18,2512.37,174.66,Normal,0
97.65,72.15,2.0,43.63,17122.3,387.11,17.82,7.7,135.04,4.04,47.67,85.81,3.18,32.04,16.77,1917.2,179.66,Turbocharger Fouling,1
101.84,82.17,2.83,46.43,16984.1,380.89,9.21,7.59,134.2,3.93,50.46,83.56,3.53,35.33,20.06,2092.66,170.61,Normal,0
105.51,90.48,2.96,48.54,17357.0,377.26,11.41,7.37,136.85,3.89,49.85,83.36,3.47,20.3,19.37,2315.94,169.34,Normal,0
105.1,92.04,2.99,45.88,17988.1,386.61,13.32,7.46,137.15,3.75,48.8,85.55,3.5,33.11,18.47,2340.06,171.31,Normal,0
86.28,52.95,1.75,41.89,12641.0,341.49,10.4,7.3,136.48,4.04,49.36,83.35,3.28,34.46,15.39,1451.29,179.3,Normal,0
104.38,91.72,3.03,46.8,17986.3,395.84,20.85,7.04,129.51,3.64,49.54,84.52,3.33,23.52,20.07,2367.44,171.4,Normal,0
102.25,83.84,2.66,45.97,17167.8,392.99,8.02,7.51,135.03,4.24,48.91,84.45,3.18,32.24,19.77,2164.47,171.91,Normal,0
105.2,86.8,2.8,41.17,17411.2,394.05,9.57,7.89,134.53,4.06,49.41,86.17,3.54,19.94,19.34,2220.2,170.7,Normal,0
95.24,69.84,2.43,43.58,15436.7,357.87,10.74,7.05,137.48,4.06,48.95,82.99,3.64,30.98,17.69,1763.51,168.86,Normal,0
107.25,95.32,3.15,45.03,18847.5,396.18,18.09,7.99,135.6,3.88,50.75,88.03,3.45,28.21,19.14,2504.67,174.68,Normal,0
98.51,76.8,2.51,44.74,16068.6,376.61,13.16,7.93,136.39,3.95,48.58,84.21,2.92,35.0,19.19,1921.98,168.65,Normal,0
101.97,83.85,2.72,44.42,17599.0,382.72,16.95,7.64,133.76,3.61,50.78,86.11,3.64,27.04,19.3,2086.14,169.53,Normal,0
100.55,76.39,2.48,43.98,16096.1,373.34,13.09,7.64,137.35,3.71,49.92,84.25,3.42,26.56,18.45,1923.25,167.72,Normal,0
101.64,81.13,2.58,43.2,16849.6,367.63,14.25,7.43,138.08,3.71,49.14,83.42,2.92,36.68,18.72,2051.38,169.49,Normal,0
104.62,94.83,3.0,46.69,18219.7,389.32,10.96,7.51,130.93,3.83,50.11,85.62,3.09,36.69,20.33,2434.35,172.1,Normal,0
100.87,83.16,2.6,47.14,17251.3,380.73,15.45,7.34,131.76,3.83,49.32,83.82,3.21,18.71,18.42,2102.1,170.41,Normal,0
103.42,84.02,2.81,43.45,17231.7,360.28,17.83,7.51,136.91,3.99,49.85,85.54,3.4,27.71,19.55,2125.76,167.24,Normal,0
95.38,68.52,2.35,41.39,15389.2,370.78,9.19,7.55,134.57,3.78,50.6,84.71,3.22,21.22,17.99,1793.95,171.88,Normal,0
104.3,93.7,3.07,45.53,18224.2,386.14,11.16,8.16,137.57,3.98,49.78,84.91,3.24,23.47,19.84,2331.4,165.94,Normal,0
101.54,85.54,2.72,44.8,16916.1,392.42,14.31,7.7,135.6,3.73,50.04,85.6,3.56,31.32,18.96,2143.33,167.23,Normal,0
97.94,72.66,1.7,45.57,18491.7,433.12,15.23,7.43,136.73,3.85,48.57,86.15,3.61,20.59,16.61,1977.34,174.1,Turbocharger Fouling,1
100.45,77.62,2.58,42.37,15829.6,372.68,8.96,7.47,133.13,4.02,50.02,84.97,3.57,18.23,17.33,1970.4,168.76,Normal,0
103.21,87.23,2.85,44.17,17330.2,397.05,22.49,7.25,135.85,3.93,50.2,84.62,3.11,32.54,19.61,2225.91,170.71,Normal,0
107.68,91.14,2.13,42.07,19580.8,443.17,12.4,7.31,135.86,3.65,51.43,86.13,3.57,30.83,20.2,2505.23,182.41,Turbocharger Fouling,1
105.8,91.39,2.94,47.37,18447.0,391.77,11.46,7.82,133.28,3.99,49.28,86.19,3.31,36.05,20.32,2383.92,172.66,Normal,0
95.15,69.01,2.47,43.9,15196.4,362.89,29.91,7.33,137.5,3.94,49.8,84.42,3.75,28.85,16.75,1752.93,168.26,Normal,0
99.49,80.52,2.69,43.75,16595.3,389.42,15.2,7.28,130.26,3.56,50.89,86.87,3.45,36.91,20.03,2021.88,165.2,Normal,0
101.82,86.72,2.99,42.95,17326.2,390.26,16.26,7.29,135.52,3.73,49.46,85.11,3.62,30.19,19.84,2224.6,170.12,Normal,0
96.88,71.28,2.5,41.86,15114.6,377.46,13.8,7.24,131.76,3.85,49.08,86.64,3.5,25.74,17.43,1823.62,171.48,Normal,0
103.95,90.69,3.08,45.88,17855.1,374.25,12.7,7.89,132.44,3.66,50.27,84.84,3.48,30.17,19.71,2312.74,169.92,Normal,0
108.17,94.97,2.97,43.94,18394.3,399.5,15.68,7.55,137.46,4.02,50.04,86.82,3.33,32.98,19.0,2507.26,175.01,Normal,0
99.79,74.79,2.54,77.46,15635.8,360.87,47.45,7.4,132.25,3.84,49.54,84.73,3.62,24.95,17.73,1884.93,169.42,Scavenge Fire Warning,2
96.98,70.71,2.35,46.72,15077.7,368.18,13.14,7.51,132.14,3.99,49.86,85.15,3.57,25.45,18.04,1799.97,170.09,Normal,0
100.42,83.83,2.61,44.18,16872.5,390.49,9.95,7.58,136.45,3.9,49.66,96.77,1.9,30.6,19.0,2080.65,167.36,Cooling System Issue,4
99.55,80.23,2.77,42.98,16543.5,394.21,10.2,7.24,132.22,3.98,49.49,87.81,3.32,27.11,19.67,2020.7,165.39,Normal,0
97.89,71.09,1.82,44.26,17720.6,406.06,8.08,7.01,137.55,4.17,49.47,85.22,3.27,28.54,16.87,1886.17,181.9,Turbocharger Fouling,1
98.19,76.71,2.46,84.2,15857.3,371.68,35.91,7.97,136.61,3.99,49.05,86.29,3.55,37.64,18.22,1980.24,171.32,Scavenge Fire Warning,2
100.91,78.36,2.56,46.85,16358.3,377.18,10.31,7.85,133.06,4.15,49.18,83.48,3.44,18.88,17.76,1956.93,168.42,Normal,0
94.54,65.86,2.18,45.37,14851.5,354.53,6.6,7.63,137.45,4.04,48.07,84.84,3.45,30.96,18.18,1698.33,170.22,Normal,0
101.28,82.31,2.65,44.34,16815.8,390.72,21.89,7.82,130.15,3.89,49.66,102.26,1.8,36.46,18.98,2057.59,166.27,Cooling System Issue,4
97.26,74.95,1.92,42.65,17991.5,421.82,16.74,8.17,136.18,3.95,49.82,83.73,3.66,22.72,18.13,2023.66,184.39,Turbocharger Fouling,1
97.93,74.82,2.63,43.35,15983.0,374.5,8.73,7.31,131.88,3.51,49.1,100.51,1.91,22.24,18.03,1871.5,166.15,Cooling System Issue,4
94.6,66.73,2.22,42.89,14798.9,368.37,9.46,7.11,133.69,3.86,48.23,84.84,3.54,25.26,16.81,1700.43,171.36,Normal,0
94.8,65.01,2.35,43.78,14365.1,360.69,8.7,7.73,133.85,3.92,48.83,84.54,3.58,19.48,17.9,1663.05,170.45,Normal,0
99.5,80.74,2.73,46.02,16820.2,374.38,11.01,6.99,138.2,3.94,50.03,85.98,3.34,29.21,18.77,2039.67,167.49,Normal,0
105.86,95.01,3.09,44.05,18453.5,398.25,10.84,7.51,133.75,3.82,50.4,84.77,3.14,30.91,20.17,2463.51,172.66,Normal,0
84.98,48.62,1.45,43.41,14750.0,376.5,28.97,7.4,134.8,4.06,50.42,84.14,3.47,34.4,15.97,1343.36,190.35,Turbocharger Fouling,1
101.01,79.9,1.91,45.32,18590.1,438.51,10.99,7.74,133.9,3.68,48.94,85.3,3.62,19.32,18.07,2142.77,180.36,Turbocharger Fouling,1
99.41,80.57,2.76,43.68,16407.6,388.69,14.76,7.33,132.54,3.64,49.48,85.38,3.72,26.72,19.85,2006.34,164.95,Normal,0
99.77,82.65,2.76,42.98,17275.7,373.92,9.55,7.92,132.42,3.69,50.5,86.54,3.52,33.68,19.79,2078.35,167.88,Normal,0
97.54,71.85,2.28,43.92,15148.9,357.55,17.38,7.24,135.77,4.15,48.54,84.36,3.29,33.37,17.8,1839.71,169.99,Normal,0
97.57,77.93,2.61,42.65,16186.4,377.81,10.89,7.75,134.93,3.7,51.44,84.48,3.52,19.47,18.22,1991.16,169.65,Normal,0
104.38,86.34,2.88,86.72,17289.5,381.79,61.53,7.27,136.91,3.74,49.89,84.72,3.49,18.23,19.59,2182.76,170.87,Scavenge Fire Warning,2
104.06,89.92,2.89,43.51,17811.0,392.66,10.23,7.69,134.39,3.86,50.61,84.81,3.46,33.67,20.21,2322.53,170.79,Normal,0
96.88,76.4,2.55,44.93,15721.1,378.07,10.01,7.14,134.48,3.66,49.46,86.38,3.24,20.76,19.31,1909.87,167.38,Normal,0
103.41,89.25,2.85,86.63,17694.5,374.41,42.15,7.49,136.91,3.71,51.03,85.49,3.51,29.56,19.87,2206.92,165.66,Scavenge Fire Warning,2
103.42,86.66,2.72,44.09,16961.0,393.84,12.82,7.96,134.07,3.95,48.84,86.69,3.48,19.88,19.31,2207.69,170.65,Normal,0
101.97,85.76,2.68,44.71,17241.4,377.84,86.65,5.77,131.4,3.79,51.43,85.76,3.84,23.91,19.23,2397.44,186.28,Fuel Injector Clogged,3
98.16,75.03,2.38,45.62,15735.4,373.61,18.41,7.91,137.12,4.15,49.61,83.95,3.42,21.16,17.0,1884.5,165.48,Normal,0
94.67,65.48,2.29,41.45,14494.8,356.58,7.33,7.49,133.31,3.68,49.61,82.81,3.71,32.73,16.96,1725.05,174.9,Normal,0
104.57,91.4,2.76,44.69,18108.6,389.83,57.2,5.75,135.17,3.78,49.37,83.91,3.65,31.45,19.9,2576.85,187.2,Fuel Injector Clogged,3
93.46,67.18,2.23,42.25,14845.2,377.52,10.72,7.56,133.43,3.87,49.36,83.62,3.41,20.71,16.03,1771.18,171.44,Normal,0
101.74,84.49,2.7,44.7,17165.4,388.17,15.34,7.72,132.57,3.86,48.83,86.6,3.62,19.19,19.13,2138.48,168.76,Normal,0
106.75,92.04,2.95,44.34,18116.8,402.29,14.75,6.83,130.25,3.65,51.32,87.24,3.26,27.33,19.26,2339.31,170.15,Normal,0
101.09,77.19,2.41,41.52,16428.7,377.7,7.14,7.68,135.85,3.8,48.18,85.2,3.37,21.91,19.28,1953.08,167.34,Normal,0
103.11,93.3,3.04,43.88,17896.3,401.58,89.6,5.88,126.52,3.95,50.35,86.84,3.3,18.16,19.69,2596.62,191.17,Fuel Injector Clogged,3
99.01,74.03,2.37,46.38,15955.4,375.87,9.93,7.08,138.25,3.86,48.94,84.3,3.37,23.29,17.87,1952.17,172.99,Normal,0
103.01,86.02,2.9,45.25,17256.3,389.56,20.34,7.69,137.58,3.7,48.31,84.69,3.04,22.3,19.09,2124.45,165.63,Normal,0
98.4,73.11,2.4,44.17,15555.4,380.24,12.15,7.97,132.73,4.22,48.35,85.85,3.72,31.7,17.94,1837.93,167.85,Normal,0
102.12,86.2,2.81,44.47,17021.9,389.0,9.79,7.58,138.97,3.86,50.33,85.65,3.35,35.22,19.66,2179.61,166.8,Normal,0
92.95,68.21,2.31,43.38,15160.1,383.55,20.44,7.03,140.15,4.02,48.17,85.61,3.54,22.75,17.27,1758.22,171.12,Normal,0
102.9,84.75,2.25,44.13,19148.5,438.73,9.44,7.27,134.32,3.98,49.14,85.45,3.44,22.46,19.06,2247.64,178.31,Turbocharger Fouling,1
97.19,75.44,2.52,44.83,16043.7,365.18,18.23,7.35,136.03,3.89,49.77,84.57,3.35,25.76,18.65,1879.44,167.31,Normal,0
101.02,85.94,2.77,45.03,17666.7,386.01,15.52,7.57,135.34,3.74,50.78,85.18,3.17,21.45,19.17,2172.03,169.81,Normal,0
94.5,70.41,2.4,41.88,15516.7,371.19,20.75,7.47,138.78,3.95,49.83,85.18,3.24,36.94,18.08,1810.33,173.25,Normal,0
104.76,89.4,2.94,45.53,17981.0,392.1,15.71,7.67,131.52,3.74,49.98,85.86,3.36,22.87,19.23,2262.93,167.66,Normal,0
95.96,69.78,2.29,39.89,15064.1,372.72,19.01,7.85,134.43,3.98,49.36,83.67,3.31,19.87,17.84,1754.13,166.46,Normal,0
99.93,77.0,1.98,44.78,18231.9,447.08,13.56,7.62,137.3,3.87,49.58,84.93,3.22,29.14,19.1,2035.93,175.24,Turbocharger Fouling,1
99.2,75.64,2.61,41.94,15702.9,363.67,23.14,7.81,137.03,4.05,48.37,101.94,2.14,28.75,18.55,1911.72,169.96,Cooling System Issue,4
102.97,87.95,2.92,44.89,17442.7,400.19,12.43,7.41,134.89,3.68,50.24,85.1,3.48,30.64,18.23,2218.88,168.52,Normal,0
100.23,80.15,2.72,42.62,16901.4,376.21,8.07,8.65,138.48,3.99,48.56,84.1,3.56,37.33,18.95,2039.81,169.27,Normal,0
103.9,90.62,2.95,45.25,17693.2,388.5,8.17,7.69,135.58,3.93,50.69,81.97,3.19,24.47,18.92,2310.48,168.59,Normal,0
101.61,83.91,2.67,45.58,17232.8,380.09,7.26,7.74,135.28,3.83,49.91,88.01,3.24,25.19,18.42,2182.95,173.01,Normal,0
102.26,87.82,2.79,47.28,17701.1,396.25,25.9,8.12,136.74,3.96,47.79,100.75,1.86,24.74,19.64,2243.35,170.15,Cooling System Issue,4
95.91,69.02,2.36,41.21,15363.9,364.14,12.84,7.53,134.85,3.99,50.09,83.63,3.37,30.57,16.98,1734.07,168.84,Normal,0
105.41,89.6,2.98,46.63,17421.9,386.7,7.05,7.27,135.13,3.94,49.51,87.53,3.33,30.08,18.85,2269.95,167.88,Normal,0
98.04,77.07,2.78,44.36,16249.3,372.95,15.77,7.96,133.03,3.98,48.86,83.68,3.57,28.58,18.32,1945.74,168.67,Normal,0
97.22,69.55,2.43,42.89,15158.9,352.58,55.79,5.8,142.33,3.93,50.09,83.04,3.43,25.29,17.24,1983.58,191.87,Fuel Injector Clogged,3
90.25,58.1,1.93,43.79,14001.6,345.88,20.76,7.55,133.82,3.88,48.45,84.08,3.11,26.55,15.54,1490.69,172.58,Normal,0
101.61,82.58,2.65,44.25,16458.2,373.31,16.49,8.12,136.82,3.78,50.31,84.71,3.26,33.85,19.18,2092.75,168.12,Normal,0
101.83,88.96,3.07,46.19,17701.3,389.05,15.5,7.47,139.77,3.81,49.35,84.79,3.1,30.18,20.04,2288.52,170.69,Normal,0
96.89,77.16,2.03,42.68,18823.5,430.63,10.37,7.83,131.64,4.02,50.28,83.99,3.37,32.33,18.87,2017.23,179.14,Turbocharger Fouling,1
104.94,91.28,2.96,44.35,17471.9,398.53,26.7,8.03,136.53,3.93,50.3,85.42,3.16,23.53,19.13,2342.03,171.16,Normal,0
102.37,82.83,2.64,46.04,16658.6,393.59,53.55,6.0,135.06,4.02,50.13,87.28,3.08,36.23,19.12,2319.96,186.03,Fuel Injector Clogged,3
88.17,55.92,2.09,44.7,13087.1,358.17,16.42,7.66,139.49,4.14,48.34,82.3,3.03,18.7,16.02,1435.88,170.48,Normal,0
102.85,81.43,2.25,44.46,17857.0,439.1,9.65,7.86,132.73,3.84,51.29,86.27,3.76,29.91,17.98,2183.64,180.72,Turbocharger Fouling,1
90.22,56.6,1.92,38.35,13695.8,350.9,11.68,7.37,133.12,4.27,50.42,86.1,3.15,34.25,15.93,1440.01,171.51,Normal,0
95.79,72.18,2.34,43.48,15566.0,369.97,7.79,7.22,134.88,3.9,47.04,84.14,3.34,35.33,16.17,1828.13,168.83,Normal,0
107.58,98.72,3.19,45.95,18877.6,386.2,11.62,7.97,133.77,3.73,51.37,104.62,2.17,24.39,19.74,2616.7,175.86,Cooling System Issue,4
107.3,90.13,2.93,44.86,17537.6,382.93,15.07,7.61,133.85,3.89,48.98,85.46,3.42,27.2,18.68,2303.99,169.28,Normal,0
90.61,62.02,2.2,43.47,14499.3,356.19,7.11,7.32,140.07,4.02,49.3,82.42,3.51,18.7,17.01,1578.01,170.98,Normal,0
104.76,89.61,2.95,44.45,17697.0,390.63,8.15,7.53,135.32,3.73,48.25,87.05,3.39,33.8,19.69,2315.14,171.04,Normal,0
95.21,69.35,2.32,44.81,15175.7,370.78,9.56,7.68,133.04,3.9,49.52,84.82,3.32,20.49,16.57,1772.02,169.98,Normal,0
105.99,92.27,2.49,43.63,20914.2,441.73,9.18,6.95,134.02,3.76,49.32,85.07,3.44,26.56,20.26,2511.88,182.23,Turbocharger Fouling,1
105.35,88.86,2.88,46.96,17389.2,376.91,8.65,7.75,136.01,3.87,49.54,83.73,3.44,37.82,19.08,2311.08,173.49,Normal,0
99.85,80.14,2.6,89.11,16567.2,384.32,44.53,7.64,135.84,4.0,49.17,85.83,3.41,36.35,17.97,1995.19,164.99,Scavenge Fire Warning,2
107.42,94.75,3.04,44.21,18437.0,399.87,14.77,8.08,133.56,3.78,49.53,85.97,3.52,24.6,18.93,2427.77,169.99,Normal,0
103.11,80.44,2.65,43.06,16434.6,385.53,7.8,7.42,130.93,3.96,48.91,85.94,3.29,22.48,18.16,2049.73,168.76,Normal,0
99.34,77.64,2.5,44.83,16347.9,385.58,8.35,7.98,134.87,3.68,49.1,99.06,2.0,23.03,18.29,1975.69,170.52,Cooling System Issue,4
102.27,82.6,2.76,42.83,16929.7,382.1,13.96,7.48,134.81,4.0,49.56,84.33,3.16,31.7,19.44,2062.29,166.18,Normal,0
102.32,86.82,2.8,44.21,17330.5,398.49,18.93,7.55,133.38,3.78,50.23,81.37,3.36,32.52,19.18,2182.72,167.88,Normal,0
103.55,88.09,2.8,46.7,17482.6,383.0,25.6,7.6,138.2,3.78,51.82,85.39,3.29,22.33,19.18,2234.31,168.85,Normal,0
97.86,74.88,2.47,45.1,15975.2,366.03,8.49,8.23,136.44,3.96,48.42,84.78,3.59,22.8,18.46,1880.37,168.09,Normal,0
95.85,67.84,1.82,46.4,17280.9,427.61,9.36,7.07,135.34,4.0,49.18,84.91,3.14,24.47,17.53,1884.89,186.09,Turbocharger Fouling,1
107.91,95.79,3.09,45.92,18487.4,396.79,9.08,7.67,134.1,3.8,51.08,87.65,3.31,26.66,19.2,2465.89,171.64,Normal,0
104.38,90.63,2.97,44.33,18075.5,395.38,32.32,7.51,139.33,3.7,49.37,85.57,3.31,36.35,19.35,2322.56,170.99,Normal,0
103.6,83.64,2.81,44.77,17099.6,400.49,63.27,5.9,132.11,3.79,47.51,86.18,3.52,18.53,18.6,2311.32,188.5,Fuel Injector Clogged,3
97.21,68.87,2.43,81.26,14715.4,369.24,71.19,7.7,133.76,3.94,47.19,85.21,3.17,30.76,17.45,1774.37,170.15,Scavenge Fire Warning,2
102.47,82.9,2.74,44.43,16553.1,385.32,14.78,7.89,133.87,3.94,47.51,83.65,3.4,35.23,18.59,2092.12,168.2,Normal,0
99.18,78.9,2.52,44.28,16622.2,371.67,18.8,7.69,135.75,3.76,51.09,97.19,2.54,32.47,18.01,2003.71,169.71,Cooling System Issue,4
101.19,84.04,2.73,43.33,16951.0,371.45,14.76,7.93,136.65,3.77,50.4,86.75,3.57,22.33,19.86,2197.84,173.28,Normal,0
99.07,79.5,2.55,44.78,16473.4,378.79,11.89,7.41,131.66,3.92,50.33,84.12,3.25,27.53,18.53,2052.33,169.92,Normal,0
103.28,84.58,2.9,42.65,17323.2,394.26,11.52,7.48,133.29,3.85,50.79,85.83,3.16,36.21,19.32,2138.87,166.91,Normal,0
99.84,82.52,2.87,43.53,16813.0,380.56,75.27,5.33,136.12,3.89,49.14,84.07,3.49,20.31,18.77,2342.81,186.34,Fuel Injector Clogged,3
101.59,81.24,2.73,44.32,16663.3,384.76,16.6,8.19,133.34,3.48,51.96,86.15,3.15,37.75,19.21,2057.92,167.92,Normal,0
98.95,79.96,2.71,41.01,16304.4,391.37,21.15,7.43,134.0,3.84,49.93,85.5,3.31,20.87,18.54,2005.92,167.32,Normal,0
102.25,82.43,2.73,45.75,16884.8,394.25,7.3,7.4,135.43,4.0,49.64,84.94,3.36,20.85,19.41,2084.29,167.03,Normal,0
97.82,74.26,2.51,40.86,15911.4,376.25,10.29,7.71,132.55,3.81,50.45,85.77,3.51,34.26,16.33,1891.37,167.33,Normal,0
107.3,93.73,2.9,46.5,18089.4,398.53,8.68,7.89,135.69,3.9,50.89,86.06,3.12,34.57,19.96,2334.04,168.54,Normal,0
104.81,87.87,2.85,43.09,17281.1,377.69,19.35,7.26,136.53,3.67,51.29,84.65,3.35,18.76,19.5,2192.66,166.34,Normal,0
102.69,81.72,2.62,43.93,17292.8,377.11,7.99,7.92,135.1,3.64,51.07,85.28,3.4,21.37,18.95,2069.1,169.35,Normal,0
106.28,90.67,2.96,46.03,17812.7,391.09,13.03,7.39,138.56,3.9,49.73,86.43,3.25,36.97,18.96,2287.62,168.99,Normal,0
103.13,86.63,2.82,48.23,17178.1,381.47,22.54,8.0,136.81,3.85,50.09,86.79,3.34,23.59,18.8,2182.47,169.02,Normal,0
98.06,78.08,2.74,44.42,16415.3,379.59,11.4,7.31,134.9,3.84,48.6,84.97,3.56,18.24,17.79,1941.16,166.32,Normal,0
98.51,78.85,2.68,41.33,16344.6,393.85,13.49,7.76,134.2,4.01,47.92,87.3,3.31,23.08,18.78,1996.52,169.18,Normal,0
98.21,81.1,2.69,45.92,16398.8,393.52,8.37,7.51,139.39,3.83,50.49,84.35,3.33,32.71,19.25,2021.59,166.61,Normal,0
104.13,93.02,2.98,45.09,18233.7,398.23,12.53,7.11,133.35,3.73,51.14,83.85,3.56,36.33,18.85,2311.88,167.86,Normal,0
100.43,80.21,2.78,44.52,16338.8,386.5,9.87,7.0,134.32,3.77,47.63,83.52,3.36,21.1,18.74,2061.0,171.14,Normal,0
102.33,86.76,2.83,45.78,17691.7,382.62,12.24,7.24,133.98,3.71,49.19,85.46,3.64,22.49,18.72,2216.49,169.1,Normal,0
99.57,78.88,2.64,83.56,16468.6,390.31,79.28,7.85,135.99,3.95,49.61,85.17,3.11,26.83,19.54,1972.2,167.39,Scavenge Fire Warning,2
99.72,77.34,2.57,44.2,16106.0,364.17,25.16,6.82,140.64,3.84,49.63,85.24,3.35,32.97,18.68,1921.0,167.72,Normal,0
97.43,74.26,2.45,43.33,15806.1,380.12,22.16,7.62,135.62,4.07,51.39,84.17,3.54,31.17,17.84,1870.2,167.78,Normal,0
94.14,69.12,2.34,45.36,15338.7,370.36,67.7,5.1,134.19,3.48,48.48,87.44,3.27,24.55,17.49,1979.11,184.98,Fuel Injector Clogged,3
101.21,82.45,2.55,45.69,16846.9,377.01,12.01,6.91,135.47,4.01,49.54,87.11,3.36,19.33,19.61,2042.88,165.0,Normal,0
101.05,84.55,2.64,42.32,17535.9,384.02,8.91,7.22,131.72,3.92,50.45,84.01,3.63,23.06,19.07,2077.97,164.7,Normal,0
97.91,75.26,2.54,45.91,16156.8,365.0,14.54,7.22,134.53,3.89,49.04,84.89,3.26,22.39,17.08,1887.05,168.56,Normal,0
106.02,90.35,3.06,78.26,17901.1,384.21,47.68,7.52,139.26,3.64,49.56,85.67,3.49,18.42,20.49,2261.97,166.12,Scavenge Fire Warning,2
97.98,75.42,2.54,78.61,15721.1,361.54,49.59,8.01,136.65,3.65,48.81,85.84,3.53,37.5,18.65,1857.49,164.5,Scavenge Fire Warning,2
105.83,88.53,2.82,45.17,17533.9,396.8,13.97,7.88,138.08,3.96,50.22,83.71,3.41,23.11,19.09,2261.64,170.9,Normal,0
99.39,73.96,2.36,45.47,15850.9,382.1,8.48,7.37,137.53,3.94,49.15,82.9,3.41,34.73,18.39,1864.56,168.88,Normal,0
98.59,77.68,2.64,42.39,16029.5,359.81,15.46,7.21,133.23,3.92,50.18,83.64,3.22,27.7,18.01,1966.09,168.44,Normal,0
104.15,93.16,2.96,47.52,18430.1,411.16,13.05,6.95,139.78,3.81,50.55,87.53,3.53,37.45,19.47,2354.55,168.36,Normal,0
98.53,76.07,2.58,41.82,15794.7,374.99,12.07,7.37,130.56,4.02,46.51,84.26,3.17,20.99,18.15,1952.2,171.01,Normal,0
99.74,75.53,2.15,42.86,17555.7,422.84,15.13,7.19,135.83,3.81,47.65,85.99,3.47,20.21,18.53,2015.25,178.46,Turbocharger Fouling,1
97.05,73.89,2.51,42.5,15612.3,360.58,11.12,7.49,129.85,3.85,48.82,85.66,3.31,18.05,18.3,1822.68,165.84,Normal,0
97.63,71.43,2.4,45.78,15592.3,379.85,11.37,7.5,130.72,3.89,50.19,104.86,2.36,32.37,18.35,1799.73,168.88,Cooling System Issue,4
101.98,80.66,2.69,43.72,16405.5,382.43,11.55,7.33,137.34,3.85,48.98,86.22,3.36,24.13,18.95,2027.17,167.19,Normal,0
93.08,65.95,2.24,41.53,14347.6,371.55,11.08,7.34,133.27,4.14,49.34,83.16,3.49,35.41,18.14,1698.57,170.87,Normal,0
98.13,76.89,2.5,44.82,16350.8,385.88,6.09,7.26,138.11,3.7,50.06,84.51,3.68,30.68,19.34,1986.42,170.32,Normal,0
103.23,85.17,2.71,45.81,17048.8,397.14,12.5,7.32,129.56,3.57,50.37,82.75,3.42,29.55,19.27,2129.19,167.64,Normal,0
99.85,78.58,2.41,45.29,16088.0,373.04,16.79,8.0,134.78,3.67,48.99,96.74,2.23,27.74,18.26,2014.75,170.0,Cooling System Issue,4
98.16,76.98,2.54,43.75,15956.5,374.56,11.34,7.68,131.96,3.99,48.32,84.13,3.14,23.16,18.21,1875.72,164.68,Normal,0
101.62,84.35,2.88,45.13,17421.7,380.55,44.92,6.26,134.18,3.85,48.48,88.0,3.61,19.29,17.86,2317.13,182.9,Fuel Injector Clogged,3
106.0,94.77,3.11,44.61,18201.7,405.62,8.21,7.85,138.87,3.58,53.24,85.86,3.43,26.87,20.02,2400.62,170.47,Normal,0
102.71,90.83,2.96,47.78,17826.5,396.2,8.75,7.82,139.48,3.85,50.54,86.62,3.36,19.98,19.26,2279.75,168.68,Normal,0
95.49,67.14,2.22,45.09,14794.1,372.48,14.24,8.0,136.28,3.88,50.86,85.47,3.41,36.11,16.96,1728.68,170.53,Normal,0
102.87,87.88,2.94,46.66,17214.3,398.76,10.9,7.71,131.01,3.93,49.12,85.42,3.54,34.59,19.33,2233.42,169.25,Normal,0
91.85,68.48,2.31,44.67,14896.5,351.78,16.33,7.57,131.98,4.05,50.33,102.83,2.1,30.4,16.25,1746.1,170.45,Cooling System Issue,4
104.63,91.01,3.07,46.06,17589.6,404.56,12.94,7.29,135.4,4.21,49.62,85.68,3.28,27.05,19.54,2321.47,171.59,Normal,0
105.79,96.37,3.02,43.84,18756.5,408.07,15.36,7.21,132.99,3.64,50.31,86.43,3.16,27.08,20.28,2513.37,173.49,Normal,0
104.68,85.88,2.74,45.82,17256.9,384.39,9.91,7.81,136.64,3.58,49.58,88.26,3.21,27.29,18.24,2133.39,165.51,Normal,0
100.75,82.89,2.65,44.8,17408.0,386.42,87.86,5.18,139.19,3.96,48.85,85.55,3.34,32.91,19.69,2307.83,187.25,Fuel Injector Clogged,3
98.73,79.5,2.51,46.25,16281.4,378.38,7.99,7.02,132.54,4.03,48.71,84.55,3.59,20.52,18.82,1962.76,166.78,Normal,0
103.34,86.07,2.73,46.1,17069.6,392.51,17.1,6.77,132.76,3.66,49.83,84.59,3.31,28.63,19.95,2206.52,170.19,Normal,0
105.85,96.29,3.1,46.53,18873.2,397.39,13.57,8.25,132.05,3.62,49.75,96.86,1.93,34.25,20.41,2513.17,174.57,Cooling System Issue,4
99.08,79.43,2.57,41.83,16661.1,383.11,36.45,7.15,134.36,3.93,49.7,85.32,3.6,28.2,18.76,2026.02,169.69,Normal,0
